{
  "known_broadcasts": {
    "values": [
      [
        1633499775, 
        0.8688168158703321
      ], 
      [
        1633499790, 
        0.8889558320212757
      ], 
      [
        1633499805, 
        0.7937571802619718
      ], 
      [
        1633499820, 
        0.7422462601819875
      ], 
      [
        1633499835, 
        0.7874992036887466
      ], 
      [
        1633499850, 
        1.0108085892605252
      ], 
      [
        1633499865, 
        1.0537898980960063
      ], 
      [
        1633499880, 
        1.165330770538155
      ], 
      [
        1633499895, 
        1.2051657422722761
      ], 
      [
        1633499910, 
        1.203606451558968
      ], 
      [
        1633499925, 
        1.1945962847202076
      ], 
      [
        1633499940, 
        1.1337064019483194
      ], 
      [
        1633499955, 
        1.0219234374474855
      ], 
      [
        1633499970, 
        0.9964199003237446
      ], 
      [
        1633499985, 
        1.0049032594128309
      ], 
      [
        1633500000, 
        0.8995173287510075
      ], 
      [
        1633500015, 
        1.132797118898763
      ], 
      [
        1633500030, 
        1.0142540021419058
      ], 
      [
        1633500045, 
        0.8345250837048767
      ], 
      [
        1633500060, 
        0.6611679262294794
      ], 
      [
        1633500075, 
        0.6875955032301627
      ]
    ], 
    "name": "geth.eth/fetcher/block/broadcasts/drop.meter", 
    "columns": [
      "time", 
      "mean"
    ]
  }, 
  "memory_used": {
    "values": [
      [
        1633499775, 
        1591334608
      ], 
      [
        1633499790, 
        1707355472
      ], 
      [
        1633499805, 
        1914914988
      ], 
      [
        1633499820, 
        1578579936
      ], 
      [
        1633499835, 
        1756755488
      ], 
      [
        1633499850, 
        1946599936
      ], 
      [
        1633499865, 
        1602378148
      ], 
      [
        1633499880, 
        1802940496
      ], 
      [
        1633499895, 
        1726190632
      ], 
      [
        1633499910, 
        1645400064
      ], 
      [
        1633499925, 
        1835636160
      ], 
      [
        1633499940, 
        1485884048
      ], 
      [
        1633499955, 
        1675074908
      ], 
      [
        1633499970, 
        1865439024
      ], 
      [
        1633499985, 
        1783991540
      ], 
      [
        1633500000, 
        1704559432
      ], 
      [
        1633500015, 
        1898077236
      ], 
      [
        1633500030, 
        1540442008
      ], 
      [
        1633500045, 
        1726878088
      ], 
      [
        1633500060, 
        1906395816
      ], 
      [
        1633500075, 
        1489227848
      ]
    ], 
    "name": "geth.system/memory/used.gauge", 
    "columns": [
      "time", 
      "mean"
    ]
  }, 
  "stat": {
    "known_broadcasts": {
      "max": 1.203606451558968, 
      "mean": 0.9667325233599536, 
      "variance": 0.028490696348148603, 
      "pvalue": 7.8927049511465e-06, 
      "min": 0.6875955032301627
    }, 
    "memory_used": {
      "max": 1914914988.0, 
      "mean": 1723050279.8095238, 
      "variance": 1.9105330211313804e+16, 
      "pvalue": 0.0005196687692282171, 
      "min": 1489227848.0
    }, 
    "disk_write": {
      "max": 16551.56192505522, 
      "mean": 5809.432236737964, 
      "variance": 23282266.94257106, 
      "pvalue": 0.00014740124567301684, 
      "min": 1510.6217003082947
    }, 
    "disk_read": {
      "max": 23979948.09182201, 
      "mean": 19228078.125888884, 
      "variance": 5268087784653.686, 
      "pvalue": 0.004623810023821926, 
      "min": 17514060.248318285
    }, 
    "traffic_egress": {
      "max": 51959.94886355996, 
      "mean": 15047.814668031673, 
      "variance": 293597371.9859678, 
      "pvalue": 0.002393342048296399, 
      "min": 2527.2103287644595
    }, 
    "peer_stats": {
      "max": 32.0, 
      "mean": 29.904761904761905, 
      "variance": 5.919501133786847, 
      "pvalue": 1.6526653304976648e-19, 
      "min": 26.0
    }, 
    "traffic_ingress": {
      "max": 124348.62450851298, 
      "mean": 111909.53691259974, 
      "variance": 70946629.55146366, 
      "pvalue": 3.156225254200259e-17, 
      "min": 97753.65693192743
    }, 
    "known_announcements": {
      "max": 1.3788721989183153, 
      "mean": 1.0999927089678343, 
      "variance": 0.03749174861522594, 
      "pvalue": 4.378835642329218e-12, 
      "min": 0.761322767865466
    }
  }, 
  "disk_write": {
    "values": [
      [
        1633499775, 
        6148.382544900458
      ], 
      [
        1633499790, 
        5204.493461894684
      ], 
      [
        1633499805, 
        4085.5937348984517
      ], 
      [
        1633499820, 
        3187.7295616646034
      ], 
      [
        1633499835, 
        2530.722153091003
      ], 
      [
        1633499850, 
        2082.364612141629
      ], 
      [
        1633499865, 
        1684.0005972392355
      ], 
      [
        1633499880, 
        1356.8309595112332
      ], 
      [
        1633499895, 
        1510.6217003082947
      ], 
      [
        1633499910, 
        1560.9223679198517
      ], 
      [
        1633499925, 
        2062.1271036265985
      ], 
      [
        1633499940, 
        2283.8950077746845
      ], 
      [
        1633499955, 
        3265.8174830571647
      ], 
      [
        1633499970, 
        5001.889973817401
      ], 
      [
        1633499985, 
        5497.665170278056
      ], 
      [
        1633500000, 
        8070.136285174578
      ], 
      [
        1633500015, 
        8409.620105632283
      ], 
      [
        1633500030, 
        10809.403198520735
      ], 
      [
        1633500045, 
        12827.777657946132
      ], 
      [
        1633500060, 
        16551.56192505522
      ], 
      [
        1633500075, 
        17866.52136704494
      ]
    ], 
    "name": "geth.eth/db/chaindata/disk/write.meter", 
    "columns": [
      "time", 
      "mean"
    ]
  }, 
  "disk_read": {
    "values": [
      [
        1633499775, 
        25395624.729212213
      ], 
      [
        1633499790, 
        23979948.09182201
      ], 
      [
        1633499805, 
        22843968.629992746
      ], 
      [
        1633499820, 
        21751186.57240341
      ], 
      [
        1633499835, 
        20646035.858534448
      ], 
      [
        1633499850, 
        19763758.78245165
      ], 
      [
        1633499865, 
        19267595.982735254
      ], 
      [
        1633499880, 
        19039897.32676866
      ], 
      [
        1633499895, 
        18444406.01283315
      ], 
      [
        1633499910, 
        18079402.870234217
      ], 
      [
        1633499925, 
        17954923.59902683
      ], 
      [
        1633499940, 
        17771287.36355956
      ], 
      [
        1633499955, 
        17821548.839602225
      ], 
      [
        1633499970, 
        17831325.47453488
      ], 
      [
        1633499985, 
        17732461.576290637
      ], 
      [
        1633500000, 
        17563786.939478517
      ], 
      [
        1633500015, 
        17620858.56209372
      ], 
      [
        1633500030, 
        17514060.248318285
      ], 
      [
        1633500045, 
        17622643.794031665
      ], 
      [
        1633500060, 
        17717994.670466516
      ], 
      [
        1633500075, 
        17426924.71927582
      ]
    ], 
    "name": "geth.eth/db/chaindata/disk/read.meter", 
    "columns": [
      "time", 
      "mean"
    ]
  },