{
  "known_broadcasts": {
    "values": [
      [
        1633499475, 
        0.7147457322265702
      ], 
      [
        1633499490, 
        0.9094985922393369
      ], 
      [
        1633499505, 
        0.9055636212730895
      ], 
      [
        1633499520, 
        1.0553753978273819
      ], 
      [
        1633499535, 
        0.9753785670116277
      ], 
      [
        1633499550, 
        0.7569956133390148
      ], 
      [
        1633499565, 
        0.5915970057191258
      ], 
      [
        1633499580, 
        0.7194828268808416
      ], 
      [
        1633499595, 
        0.9663419725462932
      ], 
      [
        1633499610, 
        1.0863110299239498
      ], 
      [
        1633499625, 
        1.0163036112907342
      ], 
      [
        1633499640, 
        0.8089917059239302
      ], 
      [
        1633499655, 
        0.6322322909708442
      ], 
      [
        1633499670, 
        0.6269268520049474
      ], 
      [
        1633499685, 
        0.6221258042081954
      ], 
      [
        1633499700, 
        0.5533137683659739
      ], 
      [
        1633499715, 
        0.7300072819995207
      ], 
      [
        1633499730, 
        0.8922131568220611
      ], 
      [
        1633499745, 
        0.7414591258773362
      ], 
      [
        1633499760, 
        0.6024283486843377
      ], 
      [
        1633499775, 
        0.7248701728704627
      ]
    ], 
    "name": "geth.eth/fetcher/block/broadcasts/drop.meter", 
    "columns": [
      "time", 
      "mean"
    ]
  }, 
  "memory_used": {
    "values": [
      [
        1633499475, 
        1847002264
      ], 
      [
        1633499490, 
        1494060392
      ], 
      [
        1633499505, 
        1731185540
      ], 
      [
        1633499520, 
        1989726832
      ], 
      [
        1633499535, 
        1678627316
      ], 
      [
        1633499550, 
        1890781440
      ], 
      [
        1633499565, 
        1565655752
      ], 
      [
        1633499580, 
        1795204624
      ], 
      [
        1633499595, 
        1756429832
      ], 
      [
        1633499610, 
        1750223352
      ], 
      [
        1633499625, 
        1628065468
      ], 
      [
        1633499640, 
        1970533056
      ], 
      [
        1633499655, 
        1682937120
      ], 
      [
        1633499670, 
        1471067384
      ], 
      [
        1633499685, 
        1652683336
      ], 
      [
        1633499700, 
        1882582896
      ], 
      [
        1633499715, 
        1666290752
      ], 
      [
        1633499730, 
        1901526824
      ], 
      [
        1633499745, 
        1539504124
      ], 
      [
        1633499760, 
        1795063424
      ], 
      [
        1633499775, 
        1932523344
      ]
    ], 
    "name": "geth.system/memory/used.gauge", 
    "columns": [
      "time", 
      "mean"
    ]
  }, 
  "stat": {
    "known_broadcasts": {
      "max": 1.0553753978273819, 
      "mean": 0.7920077370478845, 
      "variance": 0.025972032355299716, 
      "pvalue": 0.051670022983686885, 
      "min": 0.5915970057191258
    }, 
    "memory_used": {
      "max": 1970533056.0, 
      "mean": 1743889289.142857, 
      "variance": 2.263849971135531e+16, 
      "pvalue": 0.0015269822889682695, 
      "min": 1494060392.0
    }, 
    "disk_write": {
      "max": 80889.63156050912, 
      "mean": 23099.158117810643, 
      "variance": 749963385.6547754, 
      "pvalue": 0.5018473065582135, 
      "min": 3852.034949357842
    }, 
    "disk_read": {
      "max": 48481484.10673523, 
      "mean": 29678873.895802867, 
      "variance": 126533020191781.78, 
      "pvalue": 1.0998179937364503e-05, 
      "min": 18723505.49246441
    }, 
    "traffic_egress": {
      "max": 151989.71613857066, 
      "mean": 50658.624595089335, 
      "variance": 2442941517.9190726, 
      "pvalue": 6.459518321937661e-13, 
      "min": 6035.033294634031
    }, 
    "peer_stats": {
      "max": 38.0, 
      "mean": 35.54761904761905, 
      "variance": 1.8786848072562354, 
      "pvalue": 1.6526653304976648e-19, 
      "min": 34.0
    }, 
    "traffic_ingress": {
      "max": 211729.49618118003, 
      "mean": 163234.81742819137, 
      "variance": 785341724.7310576, 
      "pvalue": 0.005628844336352256, 
      "min": 119394.65501159756
    }, 
    "known_announcements": {
      "max": 1.5084925498880706, 
      "mean": 1.047262894881459, 
      "variance": 0.06559679443236618, 
      "pvalue": 8.230343603323092e-10, 
      "min": 0.7102953925802453
    }
  }, 
  "disk_write": {
    "values": [
      [
        1633499475, 
        6016.650566896162
      ], 
      [
        1633499490, 
        5744.567692291507
      ], 
      [
        1633499505, 
        5073.462368333061
      ], 
      [
        1633499520, 
        4807.305183207793
      ], 
      [
        1633499535, 
        4286.258861100765
      ], 
      [
        1633499550, 
        3970.087320263595
      ], 
      [
        1633499565, 
        3896.3341787178015
      ], 
      [
        1633499580, 
        3852.034949357842
      ], 
      [
        1633499595, 
        3697.957704892201
      ], 
      [
        1633499610, 
        101109.30194552336
      ], 
      [
        1633499625, 
        80889.63156050912
      ], 
      [
        1633499640, 
        62784.243222062716
      ], 
      [
        1633499655, 
        49066.295288925816
      ], 
      [
        1633499670, 
        38093.633203685706
      ], 
      [
        1633499685, 
        29776.432704531846
      ], 
      [
        1633499700, 
        23115.131309688684
      ], 
      [
        1633499715, 
        18081.73333616375
      ], 
      [
        1633499730, 
        14064.793057721845
      ], 
      [
        1633499745, 
        10991.727445164244
      ], 
      [
        1633499760, 
        8530.728212021697
      ], 
      [
        1633499775, 
        7234.010362963978
      ]
    ], 
    "name": "geth.eth/db/chaindata/disk/write.meter", 
    "columns": [
      "time", 
      "mean"
    ]
  }, 
  "disk_read": {
    "values": [
      [
        1633499475, 
        21706418.41648697
      ], 
      [
        1633499490, 
        20972882.36940475
      ], 
      [
        1633499505, 
        20349797.06879344
      ], 
      [
        1633499520, 
        19891011.656636823
      ], 
      [
        1633499535, 
        19555428.75554447
      ], 
      [
        1633499550, 
        19343876.103648677
      ], 
      [
        1633499565, 
        19094768.869419437
      ], 
      [
        1633499580, 
        18973995.249253638
      ], 
      [
        1633499595, 
        18723505.49246441
      ], 
      [
        1633499610, 
        18501649.66945125
      ], 
      [
        1633499625, 
        35259535.42864504
      ], 
      [
        1633499640, 
        46885267.818827905
      ], 
      [
        1633499655, 
        48481484.10673523
      ], 
      [
        1633499670, 
        49605720.38216528
      ], 
      [
        1633499685, 
        45806494.137409
      ], 
      [
        1633499700, 
        43804745.57887242
      ], 
      [
        1633499715, 
        38622910.894189894
      ], 
      [
        1633499730, 
        33942936.539931476
      ], 
      [
        1633499745, 
        30234959.75741648
      ], 
      [
        1633499760, 
        27466853.401781127
      ], 
      [
        1633499775, 
        26032110.114782527
      ]
    ], 
    "name": "geth.eth/db/chaindata/disk/read.meter", 
    "columns": [
      "time", 
      "mean"
    ]
  },