{
  "known_broadcasts": {
    "values": [
      [
        1633500375, 
        0.7100689193201308
      ], 
      [
        1633500390, 
        0.6957284869357372
      ], 
      [
        1633500405, 
        0.7202879180366986
      ], 
      [
        1633500420, 
        0.5890852129437584
      ], 
      [
        1633500435, 
        0.4603739334152092
      ], 
      [
        1633500450, 
        0.40399301492974754
      ], 
      [
        1633500465, 
        0.38540786669134897
      ], 
      [
        1633500480, 
        0.3131922091182489
      ], 
      [
        1633500495, 
        0.42314487588895583
      ], 
      [
        1633500510, 
        0.415359171037097
      ], 
      [
        1633500525, 
        0.4685988875266597
      ], 
      [
        1633500540, 
        0.49492665745153364
      ], 
      [
        1633500555, 
        0.4635475461524793
      ], 
      [
        1633500570, 
        0.5260853088150841
      ], 
      [
        1633500585, 
        0.6266365043474917
      ], 
      [
        1633500600, 
        0.6559045417729834
      ], 
      [
        1633500615, 
        0.5925325687964946
      ], 
      [
        1633500630, 
        0.6592131687071026
      ], 
      [
        1633500645, 
        0.6876214745659367
      ], 
      [
        1633500660, 
        0.6085073319598782
      ], 
      [
        1633500675, 
        0.5150903359659832
      ]
    ], 
    "name": "geth.eth/fetcher/block/broadcasts/drop.meter", 
    "columns": [
      "time", 
      "mean"
    ]
  }, 
  "memory_used": {
    "values": [
      [
        1633500375, 
        1925598280
      ], 
      [
        1633500390, 
        1501984168
      ], 
      [
        1633500405, 
        1708313496
      ], 
      [
        1633500420, 
        2064608056
      ], 
      [
        1633500435, 
        1744293264
      ], 
      [
        1633500450, 
        1874459608
      ], 
      [
        1633500465, 
        1648904972
      ], 
      [
        1633500480, 
        1561594752
      ], 
      [
        1633500495, 
        1758195256
      ], 
      [
        1633500510, 
        1880973928
      ], 
      [
        1633500525, 
        1667761744
      ], 
      [
        1633500540, 
        1955960440
      ], 
      [
        1633500555, 
        1683163588
      ], 
      [
        1633500570, 
        1968992536
      ], 
      [
        1633500585, 
        1690090896
      ], 
      [
        1633500600, 
        1919454064
      ], 
      [
        1633500615, 
        1683620796
      ], 
      [
        1633500630, 
        1940924080
      ], 
      [
        1633500645, 
        1644086728
      ], 
      [
        1633500660, 
        1874189760
      ], 
      [
        1633500675, 
        1478572312
      ]
    ], 
    "name": "geth.system/memory/used.gauge", 
    "columns": [
      "time", 
      "mean"
    ]
  }, 
  "stat": {
    "known_broadcasts": {
      "max": 0.7100689193201308, 
      "mean": 0.5435859968751695, 
      "variance": 0.014065351246689404, 
      "pvalue": 0.001065792642206585, 
      "min": 0.38540786669134897
    }, 
    "memory_used": {
      "max": 1968992536.0, 
      "mean": 1770273463.047619, 
      "variance": 2.561788188199322e+16, 
      "pvalue": 0.006262069046616306, 
      "min": 1501984168.0
    }, 
    "disk_write": {
      "max": 119238.09373396923, 
      "mean": 39162.16235856623, 
      "variance": 1788629654.6307373, 
      "pvalue": 0.07677551724612765, 
      "min": 4501.451038921726
    }, 
    "disk_read": {
      "max": 42771390.998832315, 
      "mean": 29052821.267162453, 
      "variance": 61591984717286.37, 
      "pvalue": 2.1444387504450576e-09, 
      "min": 16392744.164728638
    }, 
    "traffic_egress": {
      "max": 100919.79188270566, 
      "mean": 22521.486510773513, 
      "variance": 1293857406.180219, 
      "pvalue": 0.008261085558431407, 
      "min": 1357.1694489471677
    }, 
    "peer_stats": {
      "max": 24.0, 
      "mean": 21.428571428571427, 
      "variance": 3.363945578231293, 
      "pvalue": 1.6526653304976648e-19, 
      "min": 19.0
    }, 
    "traffic_ingress": {
      "max": 187959.81027183754, 
      "mean": 115201.53114914297, 
      "variance": 1460966868.1254857, 
      "pvalue": 6.130957240839355e-10, 
      "min": 80446.9347738518
    }, 
    "known_announcements": {
      "max": 0.732242203728658, 
      "mean": 0.49067299484706545, 
      "variance": 0.011021192023506663, 
      "pvalue": 6.114720757899731e-19, 
      "min": 0.3679520286256759
    }
  }, 
  "disk_write": {
    "values": [
      [
        1633500375, 
        15749.954192848787
      ], 
      [
        1633500390, 
        18491.12291591279
      ], 
      [
        1633500405, 
        99027.87176690633
      ], 
      [
        1633500420, 
        152574.66320303734
      ], 
      [
        1633500435, 
        119238.09373396923
      ], 
      [
        1633500450, 
        92541.21112797112
      ], 
      [
        1633500465, 
        72332.65714299591
      ], 
      [
        1633500480, 
        56137.69464523215
      ], 
      [
        1633500495, 
        43896.196529295885
      ], 
      [
        1633500510, 
        34079.31668776253
      ], 
      [
        1633500525, 
        26650.977969193635
      ], 
      [
        1633500540, 
        20702.37519166782
      ], 
      [
        1633500555, 
        16185.573516150624
      ], 
      [
        1633500570, 
        12579.557366637828
      ], 
      [
        1633500585, 
        9873.336824544982
      ], 
      [
        1633500600, 
        7680.317747279169
      ], 
      [
        1633500615, 
        6029.866512948871
      ], 
      [
        1633500630, 
        5191.506847582908
      ], 
      [
        1633500645, 
        4937.973154182066
      ], 
      [
        1633500660, 
        4003.6914148492683
      ], 
      [
        1633500675, 
        4501.451038921726
      ]
    ], 
    "name": "geth.eth/db/chaindata/disk/write.meter", 
    "columns": [
      "time", 
      "mean"
    ]
  }, 
  "disk_read": {
    "values": [
      [
        1633500375, 
        16392744.164728638
      ], 
      [
        1633500390, 
        16085016.654248267
      ], 
      [
        1633500405, 
        22427034.61061874
      ], 
      [
        1633500420, 
        45091320.46498311
      ], 
      [
        1633500435, 
        42771390.998832315
      ], 
      [
        1633500450, 
        39011046.53962937
      ], 
      [
        1633500465, 
        35998372.676875815
      ], 
      [
        1633500480, 
        35736285.4419091
      ], 
      [
        1633500495, 
        36077469.27018209
      ], 
      [
        1633500510, 
        34549015.81076247
      ], 
      [
        1633500525, 
        32049179.105508223
      ], 
      [
        1633500540, 
        30232978.29857085
      ], 
      [
        1633500555, 
        28464432.879180655
      ], 
      [
        1633500570, 
        27257408.77607105
      ], 
      [
        1633500585, 
        26231803.353358623
      ], 
      [
        1633500600, 
        25383399.488247324
      ], 
      [
        1633500615, 
        24116353.131144058
      ], 
      [
        1633500630, 
        23487078.12068279
      ], 
      [
        1633500645, 
        23287907.04014387
      ], 
      [
        1633500660, 
        22968775.29362236
      ], 
      [
        1633500675, 
        22490234.491111733
      ]
    ], 
    "name": "geth.eth/db/chaindata/disk/read.meter", 
    "columns": [
      "time", 
      "mean"
    ]
  },