{
  "known_broadcasts": {
    "values": [
      [
        1633500675, 
        0.5108558249280741
      ], 
      [
        1633500690, 
        0.5859483949649196
      ], 
      [
        1633500705, 
        0.5526802385122535
      ], 
      [
        1633500720, 
        0.4356822355260621
      ], 
      [
        1633500735, 
        0.384677235338226
      ], 
      [
        1633500750, 
        0.41380357549791
      ], 
      [
        1633500765, 
        0.3713635425349119
      ], 
      [
        1633500780, 
        0.332201685821245
      ], 
      [
        1633500795, 
        0.32469488171165695
      ], 
      [
        1633500810, 
        0.29920976325303256
      ], 
      [
        1633500825, 
        0.257821055762557
      ], 
      [
        1633500840, 
        0.3167565835082668
      ], 
      [
        1633500855, 
        0.3378896883246204
      ], 
      [
        1633500870, 
        0.4125705733486525
      ], 
      [
        1633500885, 
        0.46287827077173904
      ], 
      [
        1633500900, 
        0.4022116338381161
      ], 
      [
        1633500915, 
        0.5686298630789892
      ], 
      [
        1633500930, 
        0.6251508922729794
      ], 
      [
        1633500945, 
        0.5600128005702094
      ], 
      [
        1633500960, 
        0.5388991791211839
      ], 
      [
        1633500975, 
        0.48559338258011936
      ]
    ], 
    "name": "geth.eth/fetcher/block/broadcasts/drop.meter", 
    "columns": [
      "time", 
      "mean"
    ]
  }, 
  "memory_used": {
    "values": [
      [
        1633500675, 
        1666294480
      ], 
      [
        1633500690, 
        1799635264
      ], 
      [
        1633500705, 
        1755504684
      ], 
      [
        1633500720, 
        1696083392
      ], 
      [
        1633500735, 
        1920720684
      ], 
      [
        1633500750, 
        1600516720
      ], 
      [
        1633500765, 
        1825757668
      ], 
      [
        1633500780, 
        1520723136
      ], 
      [
        1633500795, 
        1759152608
      ], 
      [
        1633500810, 
        1973595176
      ], 
      [
        1633500825, 
        1649859792
      ], 
      [
        1633500840, 
        1857164176
      ], 
      [
        1633500855, 
        1790560264
      ], 
      [
        1633500870, 
        1705837840
      ], 
      [
        1633500885, 
        1915132164
      ], 
      [
        1633500900, 
        1570031472
      ], 
      [
        1633500915, 
        1766457332
      ], 
      [
        1633500930, 
        1969729728
      ], 
      [
        1633500945, 
        1642325640
      ], 
      [
        1633500960, 
        1856740656
      ], 
      [
        1633500975, 
        1978163880
      ]
    ], 
    "name": "geth.system/memory/used.gauge", 
    "columns": [
      "time", 
      "mean"
    ]
  }, 
  "stat": {
    "known_broadcasts": {
      "max": 0.5859483949649196, 
      "mean": 0.4371205381555108, 
      "variance": 0.010983621393683246, 
      "pvalue": 7.073479110301914e-08, 
      "min": 0.29920976325303256
    }, 
    "memory_used": {
      "max": 1973595176.0, 
      "mean": 1772380321.7142856, 
      "variance": 1.7625173621892264e+16, 
      "pvalue": 0.009361077767659834, 
      "min": 1570031472.0
    }, 
    "disk_write": {
      "max": 14286.62345904774, 
      "mean": 10728.485139588805, 
      "variance": 7573963.840439205, 
      "pvalue": 0.0034148223107622875, 
      "min": 4780.619570648346
    }, 
    "disk_read": {
      "max": 22638187.141338322, 
      "mean": 20554840.817432802, 
      "variance": 2136854335479.2507, 
      "pvalue": 1.6192642960384187e-05, 
      "min": 18719226.55001608
    }, 
    "traffic_egress": {
      "max": 37955.756753148, 
      "mean": 12442.35690447505, 
      "variance": 139444548.35178667, 
      "pvalue": 0.0002096083938867371, 
      "min": 3673.725966367828
    }, 
    "peer_stats": {
      "max": 21.0, 
      "mean": 20.142857142857142, 
      "variance": 0.21768707482993196, 
      "pvalue": 1.6526653304976648e-19, 
      "min": 20.0
    }, 
    "traffic_ingress": {
      "max": 92458.40709739285, 
      "mean": 72267.98896101548, 
      "variance": 77127363.56401989, 
      "pvalue": 8.155963619415288e-19, 
      "min": 64123.261844625726
    }, 
    "known_announcements": {
      "max": 0.7948951422747065, 
      "mean": 0.49812033474988915, 
      "variance": 0.01776029770456686, 
      "pvalue": 1.0116283153860892e-18, 
      "min": 0.35560228171128827
    }
  }, 
  "disk_write": {
    "values": [
      [
        1633500675, 
        4780.619570648346
      ], 
      [
        1633500690, 
        4730.936171123754
      ], 
      [
        1633500705, 
        6655.754117735172
      ], 
      [
        1633500720, 
        9804.81880604689
      ], 
      [
        1633500735, 
        11060.735856012736
      ], 
      [
        1633500750, 
        11219.51105153865
      ], 
      [
        1633500765, 
        12681.838435540732
      ], 
      [
        1633500780, 
        14698.80307971024
      ], 
      [
        1633500795, 
        14286.62345904774
      ], 
      [
        1633500810, 
        12818.168155239162
      ], 
      [
        1633500825, 
        12913.375027220975
      ], 
      [
        1633500840, 
        12083.420685999328
      ], 
      [
        1633500855, 
        10606.471410900953
      ], 
      [
        1633500870, 
        9440.058897498224
      ], 
      [
        1633500885, 
        9619.608239051155
      ], 
      [
        1633500900, 
        9450.640131116625
      ], 
      [
        1633500915, 
        9403.229507730415
      ], 
      [
        1633500930, 
        9493.700830942245
      ], 
      [
        1633500945, 
        13901.698540561982
      ], 
      [
        1633500960, 
        12707.446292139526
      ], 
      [
        1633500975, 
        12940.729665560006
      ]
    ], 
    "name": "geth.eth/db/chaindata/disk/write.meter", 
    "columns": [
      "time", 
      "mean"
    ]
  }, 
  "disk_read": {
    "values": [
      [
        1633500675, 
        23115209.272709988
      ], 
      [
        1633500690, 
        22638187.141338322
      ], 
      [
        1633500705, 
        22391654.57157734
      ], 
      [
        1633500720, 
        22104979.13253834
      ], 
      [
        1633500735, 
        21972629.009037837
      ], 
      [
        1633500750, 
        21707486.448690586
      ], 
      [
        1633500765, 
        21516124.33125212
      ], 
      [
        1633500780, 
        21356073.625320137
      ], 
      [
        1633500795, 
        21464107.0140004
      ], 
      [
        1633500810, 
        21027213.67361956
      ], 
      [
        1633500825, 
        20582305.963288218
      ], 
      [
        1633500840, 
        20346539.218680877
      ], 
      [
        1633500855, 
        19966964.96798969
      ], 
      [
        1633500870, 
        19422923.57419499
      ], 
      [
        1633500885, 
        19353941.681101877
      ], 
      [
        1633500900, 
        19055179.78916375
      ], 
      [
        1633500915, 
        18918133.169636935
      ], 
      [
        1633500930, 
        18807976.90395621
      ], 
      [
        1633500945, 
        18719226.55001608
      ], 
      [
        1633500960, 
        18795333.221164994
      ], 
      [
        1633500975, 
        18389467.906810462
      ]
    ], 
    "name": "geth.eth/db/chaindata/disk/read.meter", 
    "columns": [
      "time", 
      "mean"
    ]
  },