{
  "stat": {
    "blockchaincache_size": {
      "max": 1678248.0, 
      "mean": 1024296.4444444445, 
      "variance": 312258371217.5803, 
      "pvalue": 7.559876842778717e-12, 
      "min": 221095.19999999998
    }, 
    "kvdb_bytes_read": {
      "max": 271442.79873599974, 
      "mean": 159775.90235351468, 
      "variance": 5934148043.3580475, 
      "pvalue": 0.03142419337123577, 
      "min": 70671.39282901118
    }, 
    "sync_blocks_highest": {
      "max": 4.5, 
      "mean": 1.1435423525256094, 
      "variance": 2.4298709185112046, 
      "pvalue": 0.9248469419432568, 
      "min": 0.0
    }, 
    "import_blocks": {
      "max": 3.149999999999997, 
      "mean": 1.361663157894737, 
      "variance": 1.6460253686426591, 
      "pvalue": 0.7623268944789913, 
      "min": 0.0
    }, 
    "peer_stats": {
      "max": 30.749999999999993, 
      "mean": 28.5, 
      "variance": 4.583333333333333, 
      "pvalue": 0.06931582721356971, 
      "min": 25.7
    }, 
    "sync_blocks_recieved": {
      "max": 4.5, 
      "mean": 1.1435423525256094, 
      "variance": 2.4298709185112046, 
      "pvalue": 0.9322492765397402, 
      "min": 0.0
    }, 
    "kvdb_bytes_write": {
      "max": 773597.1399999999, 
      "mean": 296843.2884491228, 
      "variance": 74196943335.28181, 
      "pvalue": 0.6919767860670494, 
      "min": 0.0
    }
  }, 
  "blockchaincache_size": {
    "metric": {
      "__name__": "blockchaincache_size", 
      "job": "openethereum", 
      "instance": "172.17.0.1:3033"
    }, 
    "values": [
      [
        1633478834, 
        "220864"
      ], 
      [
        1633478849, 
        "221136"
      ], 
      [
        1633478864, 
        "365056"
      ], 
      [
        1633478879, 
        "365328"
      ], 
      [
        1633478894, 
        "365600"
      ], 
      [
        1633478909, 
        "365600"
      ], 
      [
        1633478924, 
        "960280"
      ], 
      [
        1633478939, 
        "1100696"
      ], 
      [
        1633478954, 
        "1101120"
      ], 
      [
        1633478969, 
        "1101120"
      ], 
      [
        1633478984, 
        "1103040"
      ], 
      [
        1633478999, 
        "1103040"
      ], 
      [
        1633479014, 
        "1676752"
      ], 
      [
        1633479029, 
        "1676752"
      ], 
      [
        1633479044, 
        "1677024"
      ], 
      [
        1633479059, 
        "1677432"
      ], 
      [
        1633479074, 
        "1678248"
      ], 
      [
        1633479089, 
        "1678248"
      ]
    ]
  }, 
  "kvdb_bytes_read": {
    "metric": {
      "instance": "172.17.0.1:3033", 
      "job": "openethereum"
    }, 
    "values": [
      [
        1633478789, 
        "256504.77637333336"
      ], 
      [
        1633478834, 
        "48952.460850111864"
      ], 
      [
        1633478849, 
        "163973.6"
      ], 
      [
        1633478864, 
        "154011"
      ], 
      [
        1633478879, 
        "107880.7"
      ], 
      [
        1633478894, 
        "100382.9"
      ], 
      [
        1633478909, 
        "119277.8"
      ], 
      [
        1633478924, 
        "405885"
      ], 
      [
        1633478939, 
        "189608.7"
      ], 
      [
        1633478954, 
        "212559.7"
      ], 
      [
        1633478969, 
        "134522.9"
      ], 
      [
        1633478984, 
        "135912.2"
      ], 
      [
        1633478999, 
        "101585.6"
      ], 
      [
        1633479014, 
        "162019.5"
      ], 
      [
        1633479029, 
        "103296.5"
      ], 
      [
        1633479044, 
        "190935.4"
      ], 
      [
        1633479059, 
        "163990.1"
      ], 
      [
        1633479074, 
        "211358.7"
      ], 
      [
        1633479089, 
        "73084.60749333333"
      ]
    ]
  }, 
  "sync_blocks_highest": {
    "metric": {
      "instance": "172.17.0.1:3033", 
      "job": "openethereum"
    }, 
    "values": [
      [
        1633478789, 
        "0"
      ], 
      [
        1633478834, 
        "3.3557046979865772"
      ], 
      [
        1633478849, 
        "0"
      ], 
      [
        1633478864, 
        "1.5"
      ], 
      [
        1633478879, 
        "0"
      ], 
      [
        1633478894, 
        "0"
      ], 
      [
        1633478909, 
        "4.5"
      ], 
      [
        1633478924, 
        "0"
      ], 
      [
        1633478939, 
        "1.5"
      ], 
      [
        1633478954, 
        "0"
      ], 
      [
        1633478969, 
        "0"
      ], 
      [
        1633478984, 
        "0"
      ], 
      [
        1633478999, 
        "1.5"
      ], 
      [
        1633479014, 
        "0"
      ], 
      [
        1633479029, 
        "4.5"
      ], 
      [
        1633479044, 
        "0"
      ], 
      [
        1633479059, 
        "0"
      ], 
      [
        1633479074, 
        "3"
      ], 
      [
        1633479089, 
        "1.8716000000000002"
      ]
    ]
  }, 
  "import_blocks": {
    "metric": {
      "instance": "172.17.0.1:3033", 
      "job": "openethereum"
    }, 
    "values": [
      [
        1633478789, 
        "1.8716000000000002"
      ], 
      [
        1633478834, 
        "0"
      ], 
      [
        1633478849, 
        "1.5"
      ], 
      [
        1633478864, 
        "3"
      ], 
      [
        1633478879, 
        "1.5"
      ], 
      [
        1633478894, 
        "0"
      ], 
      [
        1633478909, 
        "0"
      ], 
      [
        1633478924, 
        "3"
      ], 
      [
        1633478939, 
        "3"
      ], 
      [
        1633478954, 
        "1.5"
      ], 
      [
        1633478969, 
        "0"
      ], 
      [
        1633478984, 
        "1.5"
      ], 
      [
        1633478999, 
        "0"
      ], 
      [
        1633479014, 
        "1.5"
      ], 
      [
        1633479029, 
        "0"
      ], 
      [
        1633479044, 
        "1.5"
      ], 
      [
        1633479059, 
        "1.5"
      ], 
      [
        1633479074, 
        "4.5"
      ], 
      [
        1633479089, 
        "0"
      ]
    ]
  }, 
  "peer_stats": {
    "metric": {
      "__name__": "net_peers", 
      "job": "openethereum", 
      "instance": "172.17.0.1:3033"
    }, 
    "values": [
      [
        1633478834, 
        "35"
      ], 
      [
        1633478849, 
        "29"
      ], 
      [
        1633478864, 
        "24"
      ], 
      [
        1633478879, 
        "26"
      ], 
      [
        1633478894, 
        "29"
      ], 
      [
        1633478909, 
        "29"
      ], 
      [
        1633478924, 
        "30"
      ], 
      [
        1633478939, 
        "28"
      ], 
      [
        1633478954, 
        "28"
      ], 
      [
        1633478969, 
        "29"
      ], 
      [
        1633478984, 
        "28"
      ], 
      [
        1633478999, 
        "29"
      ], 
      [
        1633479014, 
        "29"
      ], 
      [
        1633479029, 
        "29"
      ], 
      [
        1633479044, 
        "26"
      ], 
      [
        1633479059, 
        "27"
      ], 
      [
        1633479074, 
        "29"
      ], 
      [
        1633479089, 
        "29"
      ]
    ]
  }, 
  "sync_blocks_recieved": {
    "metric": {
      "instance": "172.17.0.1:3033", 
      "job": "openethereum"
    },