{
  "stat": {
    "blockchaincache_size": {
      "max": 6288715.199999999, 
      "mean": 5892244.0, 
      "variance": 380712280537.1429, 
      "pvalue": 2.5597409735642485e-05, 
      "min": 4416655.6
    }, 
    "kvdb_bytes_read": {
      "max": 1084722.32, 
      "mean": 420950.9927262745, 
      "variance": 135018562330.35918, 
      "pvalue": 0.020952007578452995, 
      "min": 32030.640000000003
    }, 
    "sync_blocks_highest": {
      "max": 3.9140799999999993, 
      "mean": 1.7185176470588235, 
      "variance": 1.8064378120415225, 
      "pvalue": 0.015158174457590344, 
      "min": 0.0
    }, 
    "import_blocks": {
      "max": 3.899999999999997, 
      "mean": 0.8823529411764706, 
      "variance": 3.4567474048442905, 
      "pvalue": 0.07961369524251083, 
      "min": 0.0
    }, 
    "peer_stats": {
      "max": 17.0, 
      "mean": 14.5, 
      "variance": 2.392857142857143, 
      "pvalue": 6.406159330984774e-11, 
      "min": 13.0
    }, 
    "sync_blocks_recieved": {
      "max": 3.9140799999999993, 
      "mean": 1.7185176470588235, 
      "variance": 1.8064378120415225, 
      "pvalue": 0.01624330424342897, 
      "min": 0.0
    }, 
    "kvdb_bytes_write": {
      "max": 997604.9999999995, 
      "mean": 212808.66470588237, 
      "variance": 180489315638.00348, 
      "pvalue": 0.017743536438373977, 
      "min": 0.0
    }
  }, 
  "blockchaincache_size": {
    "metric": {
      "__name__": "blockchaincache_size", 
      "job": "openethereum", 
      "instance": "172.17.0.1:3033"
    }, 
    "values": [
      [
        1633613773, 
        "4416120"
      ], 
      [
        1633613788, 
        "4416944"
      ], 
      [
        1633613833, 
        "5993216"
      ], 
      [
        1633613848, 
        "5994032"
      ], 
      [
        1633613863, 
        "5994032"
      ], 
      [
        1633613893, 
        "5994304"
      ], 
      [
        1633613908, 
        "5994576"
      ], 
      [
        1633613938, 
        "5995816"
      ], 
      [
        1633613953, 
        "6274656"
      ], 
      [
        1633613968, 
        "6275336"
      ], 
      [
        1633613998, 
        "6279112"
      ], 
      [
        1633614028, 
        "6284344"
      ], 
      [
        1633614043, 
        "6286968"
      ], 
      [
        1633614058, 
        "6291960"
      ]
    ]
  }, 
  "kvdb_bytes_read": {
    "metric": {
      "instance": "172.17.0.1:3033", 
      "job": "openethereum"
    }, 
    "values": [
      [
        1633613758, 
        "51495.004160000004"
      ], 
      [
        1633613773, 
        "567738.8"
      ], 
      [
        1633613788, 
        "686836.2"
      ], 
      [
        1633613803, 
        "90969.06594666668"
      ], 
      [
        1633613818, 
        "0"
      ], 
      [
        1633613833, 
        "579201.1"
      ], 
      [
        1633613863, 
        "351441.9"
      ], 
      [
        1633613893, 
        "93949.9"
      ], 
      [
        1633613908, 
        "234978.5"
      ], 
      [
        1633613938, 
        "476892.0344"
      ], 
      [
        1633613953, 
        "1137341.2"
      ], 
      [
        1633613968, 
        "112759.8"
      ], 
      [
        1633613998, 
        "40038.3"
      ], 
      [
        1633614013, 
        "61117.17184"
      ], 
      [
        1633614028, 
        "720358.5"
      ], 
      [
        1633614043, 
        "879481.8"
      ], 
      [
        1633614058, 
        "1071567.6"
      ]
    ]
  }, 
  "sync_blocks_highest": {
    "metric": {
      "instance": "172.17.0.1:3033", 
      "job": "openethereum"
    }, 
    "values": [
      [
        1633613758, 
        "4.1432"
      ], 
      [
        1633613773, 
        "1.5"
      ], 
      [
        1633613788, 
        "1.5"
      ], 
      [
        1633613803, 
        "2.0716"
      ], 
      [
        1633613818, 
        "2.0716"
      ], 
      [
        1633613833, 
        "0"
      ], 
      [
        1633613863, 
        "1.5"
      ], 
      [
        1633613893, 
        "0"
      ], 
      [
        1633613908, 
        "3"
      ], 
      [
        1633613938, 
        "3.8568"
      ], 
      [
        1633613953, 
        "0"
      ], 
      [
        1633613968, 
        "1.5"
      ], 
      [
        1633613998, 
        "0"
      ], 
      [
        1633614013, 
        "2.0716"
      ], 
      [
        1633614028, 
        "3"
      ], 
      [
        1633614043, 
        "3"
      ], 
      [
        1633614058, 
        "0"
      ]
    ]
  }, 
  "import_blocks": {
    "metric": {
      "instance": "172.17.0.1:3033", 
      "job": "openethereum"
    }, 
    "values": [
      [
        1633613758, 
        "0"
      ], 
      [
        1633613773, 
        "0"
      ], 
      [
        1633613788, 
        "1.5"
      ], 
      [
        1633613803, 
        "0"
      ], 
      [
        1633613818, 
        "0"
      ], 
      [
        1633613833, 
        "0"
      ], 
      [
        1633613863, 
        "0"
      ], 
      [
        1633613893, 
        "0"
      ], 
      [
        1633613908, 
        "0"
      ], 
      [
        1633613938, 
        "0"
      ], 
      [
        1633613953, 
        "3"
      ], 
      [
        1633613968, 
        "0"
      ], 
      [
        1633613998, 
        "0"
      ], 
      [
        1633614013, 
        "0"
      ], 
      [
        1633614028, 
        "1.5"
      ], 
      [
        1633614043, 
        "1.5"
      ], 
      [
        1633614058, 
        "7.5"
      ]
    ]
  }, 
  "peer_stats": {
    "metric": {
      "__name__": "net_peers", 
      "job": "openethereum", 
      "instance": "172.17.0.1:3033"
    }, 
    "values": [
      [
        1633613773, 
        "14"
      ], 
      [
        1633613788, 
        "13"
      ], 
      [
        1633613833, 
        "13"
      ], 
      [
        1633613848, 
        "13"
      ], 
      [
        1633613863, 
        "13"
      ], 
      [
        1633613893, 
        "13"
      ], 
      [
        1633613908, 
        "15"
      ], 
      [
        1633613938, 
        "15"
      ], 
      [
        1633613953, 
        "15"
      ], 
      [
        1633613968, 
        "15"
      ], 
      [
        1633613998, 
        "13"
      ], 
      [
        1633614028, 
        "17"
      ], 
      [
        1633614043, 
        "17"
      ], 
      [
        1633614058, 
        "17"
      ]
    ]
  }, 
  "sync_blocks_recieved": {
    "metric": {
      "instance": "172.17.0.1:3033", 
      "job": "openethereum"
    }, 
    "values": [
      [
        1633613758, 
        "4.1432"
      ], 
      [
        1633613773, 
        "1.5"
      ], 
      [
        1633613788, 
        "1.5"
      ], 
      [
        1633613803, 
        "2.0716"
      ], 
      [
        1633613818, 
        "2.0716"
      ], 
      [
        1633613833, 
        "0"
      ], 
      [
        1633613863, 
        "1.5"
      ], 
      [
        1633613893, 
        "0"
      ], 
      [
        1633613908, 
        "3"
      ], 
      [
        1633613938, 
        "3.8568"
      ], 
      [
        1633613953, 
        "0"
      ], 
      [
        1633613968, 
        "1.5"
      ], 
      [
        1633613998, 
        "0"
      ], 
      [
        1633614013, 
        "2.0716"
      ], 
      [
        1633614028, 
        "3"
      ], 
      [
        1633614043, 
        "3"
      ], 
      [
        1633614058, 
        "0"
      ]
    ]
  }, 
  "kvdb_bytes_write": {
    "metric": {
      "instance": "172.17.0.1:3033", 
      "job": "openethereum"
    },