{
  "known_broadcasts": {
    "values": [
      [
        1633485570, 
        0.6347514600615523
      ], 
      [
        1633485585, 
        0.7199022374814086
      ], 
      [
        1633485600, 
        0.8449721855664745
      ], 
      [
        1633485615, 
        0.8930143118003505
      ], 
      [
        1633485630, 
        0.8313064395917111
      ], 
      [
        1633485645, 
        0.768692086498997
      ], 
      [
        1633485660, 
        0.6642467356550853
      ], 
      [
        1633485675, 
        0.5228556250713147
      ], 
      [
        1633485690, 
        0.40861507882617676
      ], 
      [
        1633485705, 
        0.40796035314820384
      ], 
      [
        1633485720, 
        0.45051611293719324
      ], 
      [
        1633485735, 
        0.3496475448264939
      ], 
      [
        1633485750, 
        0.4520779626521867
      ], 
      [
        1633485765, 
        0.5786973267563469
      ], 
      [
        1633485780, 
        0.6102875454088309
      ], 
      [
        1633485795, 
        0.7937346091085251
      ], 
      [
        1633485810, 
        0.882190511210532
      ], 
      [
        1633485825, 
        0.8673344192168901
      ], 
      [
        1633485840, 
        1.044034875868817
      ], 
      [
        1633485855, 
        0.885057494537586
      ]
    ], 
    "name": "geth.eth/fetcher/block/broadcasts/drop.meter", 
    "columns": [
      "time", 
      "mean"
    ]
  }, 
  "memory_used": {
    "values": [
      [
        1633485570, 
        1592280264
      ], 
      [
        1633485585, 
        1764037808
      ], 
      [
        1633485600, 
        1716483464
      ], 
      [
        1633485615, 
        1622615088
      ], 
      [
        1633485630, 
        1837314120
      ], 
      [
        1633485645, 
        1764797592
      ], 
      [
        1633485660, 
        1628361688
      ], 
      [
        1633485675, 
        1980772984
      ], 
      [
        1633485690, 
        1735824112
      ], 
      [
        1633485705, 
        1751387624
      ], 
      [
        1633485720, 
        1826756920
      ], 
      [
        1633485735, 
        1870581424
      ], 
      [
        1633485750, 
        1762452408
      ], 
      [
        1633485765, 
        1548570072
      ], 
      [
        1633485780, 
        1818948228
      ], 
      [
        1633485795, 
        2047531456
      ], 
      [
        1633485810, 
        1767765688
      ], 
      [
        1633485825, 
        2019977408
      ], 
      [
        1633485840, 
        1797622980
      ], 
      [
        1633485855, 
        1657852608
      ]
    ], 
    "name": "geth.system/memory/used.gauge", 
    "columns": [
      "time", 
      "mean"
    ]
  }, 
  "stat": {
    "known_broadcasts": {
      "max": 0.9005653400037739, 
      "mean": 0.6804947458112338, 
      "variance": 0.038596512997336796, 
      "pvalue": 0.8752060635368717, 
      "min": 0.40504471273211834
    }, 
    "memory_used": {
      "max": 2021355110.3999999, 
      "mean": 1775596696.8, 
      "variance": 1.7190930253503548e+16, 
      "pvalue": 0.0007577944141863052, 
      "min": 1590094754.4
    }, 
    "disk_write": {
      "max": 18029.00830827832, 
      "mean": 12657.98109576977, 
      "variance": 10969811.190689603, 
      "pvalue": 0.07028620363479982, 
      "min": 6886.136898121569
    }, 
    "disk_read": {
      "max": 27144459.35153032, 
      "mean": 22789054.552430905, 
      "variance": 4833476670014.313, 
      "pvalue": 4.0059281430517626e-08, 
      "min": 19841001.44558045
    }, 
    "traffic_egress": {
      "max": 844841.7678894313, 
      "mean": 390125.9872723704, 
      "variance": 71714675996.27155, 
      "pvalue": 6.293973690837566e-17, 
      "min": 36637.88485546358
    }, 
    "peer_stats": {
      "max": 39.0, 
      "mean": 36.3, 
      "variance": 2.885, 
      "pvalue": 1.2026467019345983e-18, 
      "min": 33.975
    }, 
    "traffic_ingress": {
      "max": 125060.44394955302, 
      "mean": 113901.78163524107, 
      "variance": 45703949.53900331, 
      "pvalue": 1.2208524383966395e-16, 
      "min": 103409.00472723322
    }, 
    "known_announcements": {
      "max": 1.4951583699789044, 
      "mean": 1.007243980040678, 
      "variance": 0.10980748165721821, 
      "pvalue": 2.2465836237328596e-09, 
      "min": 0.5863501306513252
    }
  }, 
  "disk_write": {
    "values": [
      [
        1633485570, 
        6435.949211130253
      ], 
      [
        1633485585, 
        6909.830986910586
      ], 
      [
        1633485600, 
        8928.185718025818
      ], 
      [
        1633485615, 
        11618.613282069433
      ], 
      [
        1633485630, 
        13722.491806647728
      ], 
      [
        1633485645, 
        17293.93134733825
      ], 
      [
        1633485660, 
        18623.30729655348
      ], 
      [
        1633485675, 
        17997.729414158573
      ], 
      [
        1633485690, 
        15802.07651372915
      ], 
      [
        1633485705, 
        15074.843905342976
      ], 
      [
        1633485720, 
        13532.021851676094
      ], 
      [
        1633485735, 
        14559.69034005626
      ], 
      [
        1633485750, 
        13926.722841565876
      ], 
      [
        1633485765, 
        13331.256822686475
      ], 
      [
        1633485780, 
        11046.470821872892
      ], 
      [
        1633485795, 
        9826.032936492706
      ], 
      [
        1633485810, 
        11221.24271620793
      ], 
      [
        1633485825, 
        12587.503019353178
      ], 
      [
        1633485840, 
        10869.185771660472
      ], 
      [
        1633485855, 
        9852.535311917263
      ]
    ], 
    "name": "geth.eth/db/chaindata/disk/write.meter", 
    "columns": [
      "time", 
      "mean"
    ]
  }, 
  "disk_read": {
    "values": [
      [
        1633485570, 
        22900289.46043409
      ], 
      [
        1633485585, 
        22449625.417097732
      ], 
      [
        1633485600, 
        20918487.060924932
      ], 
      [
        1633485615, 
        20487881.92885377
      ], 
      [
        1633485630, 
        19532271.630422898
      ], 
      [
        1633485645, 
        20382690.183435738
      ], 
      [
        1633485660, 
        21933200.258125417
      ], 
      [
        1633485675, 
        23737933.384052355
      ], 
      [
        1633485690, 
        23501962.208071373
      ], 
      [
        1633485705, 
        23860900.02109597
      ], 
      [
        1633485720, 
        23539516.82097291
      ], 
      [
        1633485735, 
        25576515.412399076
      ], 
      [
        1633485750, 
        27143202.932808094
      ], 
      [
        1633485765, 
        27168331.30725262
      ], 
      [
        1633485780, 
        24496201.245502386
      ], 
      [
        1633485795, 
        22878392.680278882
      ], 
      [
        1633485810, 
        21046816.611889653
      ], 
      [
        1633485825, 
        20408982.681242753
      ], 
      [
        1633485840, 
        19857250.383220322
      ], 
      [
        1633485855, 
        23960639.420537025
      ]
    ], 
    "name": "geth.eth/db/chaindata/disk/read.meter", 
    "columns": [
      "time", 
      "mean"
    ]
  },