{
  "known_broadcasts": {
    "values": [
      [
        1633631685, 
        0.4383291483262432
      ], 
      [
        1633631700, 
        0.3806571577439084
      ], 
      [
        1633631715, 
        0.36540213091644164
      ], 
      [
        1633631730, 
        0.3795369099433712
      ], 
      [
        1633631745, 
        0.4446819265087798
      ], 
      [
        1633631760, 
        0.3996630386817655
      ], 
      [
        1633631775, 
        0.3123392696264568
      ], 
      [
        1633631790, 
        0.330683114200858
      ], 
      [
        1633631805, 
        0.3351901466066454
      ], 
      [
        1633631820, 
        0.3305198617288993
      ], 
      [
        1633631835, 
        0.3342150658363109
      ], 
      [
        1633631850, 
        0.2667165886342099
      ], 
      [
        1633631865, 
        0.41418250636291465
      ], 
      [
        1633631880, 
        0.45489003065696376
      ], 
      [
        1633631895, 
        0.44222320336241583
      ], 
      [
        1633631910, 
        0.5211264012592614
      ], 
      [
        1633631925, 
        0.4712281474429808
      ], 
      [
        1633631940, 
        0.5874851434117386
      ], 
      [
        1633631955, 
        0.6443990785885796
      ], 
      [
        1633631970, 
        0.5975278638228029
      ]
    ], 
    "name": "geth.eth/fetcher/block/broadcasts/drop.meter", 
    "columns": [
      "time", 
      "mean"
    ]
  }, 
  "memory_used": {
    "values": [
      [
        1633631685, 
        1704070464
      ], 
      [
        1633631700, 
        1744227904
      ], 
      [
        1633631715, 
        1723792028
      ], 
      [
        1633631730, 
        1682777888
      ], 
      [
        1633631745, 
        1856174228
      ], 
      [
        1633631760, 
        1587800736
      ], 
      [
        1633631775, 
        1564821020
      ], 
      [
        1633631790, 
        1709758320
      ], 
      [
        1633631805, 
        1548283936
      ], 
      [
        1633631820, 
        1938681584
      ], 
      [
        1633631835, 
        1668766552
      ], 
      [
        1633631850, 
        1950352336
      ], 
      [
        1633631865, 
        1704507596
      ], 
      [
        1633631880, 
        1960344736
      ], 
      [
        1633631895, 
        1685646292
      ], 
      [
        1633631910, 
        1905973048
      ], 
      [
        1633631925, 
        1600123644
      ], 
      [
        1633631940, 
        1831078000
      ], 
      [
        1633631955, 
        1788406196
      ], 
      [
        1633631970, 
        1743128424
      ]
    ], 
    "name": "geth.system/memory/used.gauge", 
    "columns": [
      "time", 
      "mean"
    ]
  }, 
  "stat": {
    "known_broadcasts": {
      "max": 0.5998714245610918, 
      "mean": 0.4225498366830774, 
      "variance": 0.009876781451020373, 
      "pvalue": 0.02778917849373687, 
      "min": 0.3100581355768445
    }, 
    "memory_used": {
      "max": 1950851956.0, 
      "mean": 1744935746.6, 
      "variance": 1.543500553526311e+16, 
      "pvalue": 0.0021647968604671265, 
      "min": 1563994165.8
    }, 
    "disk_write": {
      "max": 945257.004668254, 
      "mean": 299644.3797899717, 
      "variance": 109359939443.0309, 
      "pvalue": 4.2801314410810326e-11, 
      "min": 18535.697105999297
    }, 
    "disk_read": {
      "max": 55504512.12801624, 
      "mean": 34604000.34518152, 
      "variance": 172009678270995.7, 
      "pvalue": 5.6294463983323865e-06, 
      "min": 20282895.07138737
    }, 
    "traffic_egress": {
      "max": 132185.8859648627, 
      "mean": 44657.00684898373, 
      "variance": 2169646380.9253063, 
      "pvalue": 1.8779736916809614e-13, 
      "min": 6441.114941008468
    }, 
    "peer_stats": {
      "max": 44.05, 
      "mean": 41.725, 
      "variance": 1.5868749999999996, 
      "pvalue": 6.386893177235711e-16, 
      "min": 40.0
    }, 
    "traffic_ingress": {
      "max": 167628.75933488616, 
      "mean": 121636.43017419225, 
      "variance": 385849380.016569, 
      "pvalue": 5.944418253039533e-13, 
      "min": 98831.37319363718
    }, 
    "known_announcements": {
      "max": 1.3615702420417526, 
      "mean": 0.8753550328450516, 
      "variance": 0.041264254243094635, 
      "pvalue": 5.463785773005721e-14, 
      "min": 0.6490906826138543
    }
  }, 
  "disk_write": {
    "values": [
      [
        1633631685, 
        1178680.1802468975
      ], 
      [
        1633631700, 
        932971.5743746411
      ], 
      [
        1633631715, 
        736642.6564318349
      ], 
      [
        1633631730, 
        576954.7764989515
      ], 
      [
        1633631745, 
        578295.9789955086
      ], 
      [
        1633631760, 
        448828.8816149976
      ], 
      [
        1633631775, 
        350762.6963285754
      ], 
      [
        1633631790, 
        272241.3824955068
      ], 
      [
        1633631805, 
        212764.8672324033
      ], 
      [
        1633631820, 
        165145.8510115095
      ], 
      [
        1633631835, 
        129073.6564295805
      ], 
      [
        1633631850, 
        100174.63477199287
      ], 
      [
        1633631865, 
        78304.67988914941
      ], 
      [
        1633631880, 
        60790.39684604012
      ], 
      [
        1633631895, 
        47510.60195608808
      ], 
      [
        1633631910, 
        37014.431506088484
      ], 
      [
        1633631925, 
        29139.19457237007
      ], 
      [
        1633631940, 
        22763.56275473557
      ], 
      [
        1633631955, 
        18660.3527931902
      ], 
      [
        1633631970, 
        16167.239049372196
      ]
    ], 
    "name": "geth.eth/db/chaindata/disk/write.meter", 
    "columns": [
      "time", 
      "mean"
    ]
  }, 
  "disk_read": {
    "values": [
      [
        1633631685, 
        20310658.145298023
      ], 
      [
        1633631700, 
        20561595.010974463
      ], 
      [
        1633631715, 
        20378468.061411418
      ], 
      [
        1633631730, 
        19755396.667084925
      ], 
      [
        1633631745, 
        36311889.1962627
      ], 
      [
        1633631760, 
        55257707.84896202
      ], 
      [
        1633631775, 
        60193793.43004648
      ], 
      [
        1633631790, 
        54342252.624909475
      ], 
      [
        1633631805, 
        52373251.520658694
      ], 
      [
        1633631820, 
        49182195.01741519
      ], 
      [
        1633631835, 
        43125985.972702794
      ], 
      [
        1633631850, 
        38709754.71667686
      ], 
      [
        1633631865, 
        35156637.93221687
      ], 
      [
        1633631880, 
        32173766.284037773
      ], 
      [
        1633631895, 
        30237399.834471863
      ], 
      [
        1633631910, 
        27840689.49788416
      ], 
      [
        1633631925, 
        25929276.889997542
      ], 
      [
        1633631940, 
        24477975.16553482
      ], 
      [
        1633631955, 
        23378671.59668098
      ], 
      [
        1633631970, 
        22382641.49040335
      ]
    ], 
    "name": "geth.eth/db/chaindata/disk/read.meter", 
    "columns": [
      "time", 
      "mean"
    ]
  },