{
  "known_broadcasts": {
    "values": [
      [
        1633480425, 
        0.4740464808395799
      ], 
      [
        1633480440, 
        0.5723743357905209
      ], 
      [
        1633480455, 
        0.5754142877211579
      ], 
      [
        1633480470, 
        0.6027123677184004
      ], 
      [
        1633480485, 
        0.6492615963590069
      ], 
      [
        1633480500, 
        0.55902436233138
      ], 
      [
        1633480515, 
        0.4368811827330613
      ], 
      [
        1633480530, 
        0.5034604909582334
      ], 
      [
        1633480545, 
        0.5070492522998078
      ], 
      [
        1633480560, 
        0.5001255746843423
      ], 
      [
        1633480575, 
        0.7427670737941436
      ], 
      [
        1633480590, 
        0.6206577845365527
      ], 
      [
        1633480605, 
        0.6399897852890546
      ], 
      [
        1633480620, 
        0.5329240007554635
      ], 
      [
        1633480635, 
        0.41648358004631547
      ], 
      [
        1633480650, 
        0.35521697990317797
      ], 
      [
        1633480665, 
        0.590344806011436
      ], 
      [
        1633480680, 
        0.6375536471742866
      ], 
      [
        1633480695, 
        0.6281335597446396
      ], 
      [
        1633480710, 
        0.5681360304948692
      ]
    ], 
    "name": "geth.eth/fetcher/block/broadcasts/drop.meter", 
    "columns": [
      "time", 
      "mean"
    ]
  }, 
  "memory_used": {
    "values": [
      [
        1633480425, 
        1688765548
      ], 
      [
        1633480440, 
        1874321832
      ], 
      [
        1633480455, 
        1552504892
      ], 
      [
        1633480470, 
        1749395816
      ], 
      [
        1633480485, 
        1820241916
      ], 
      [
        1633480500, 
        1702141616
      ], 
      [
        1633480515, 
        1725417220
      ], 
      [
        1633480530, 
        1470933256
      ], 
      [
        1633480545, 
        1730875148
      ], 
      [
        1633480560, 
        1805742376
      ], 
      [
        1633480575, 
        1684808832
      ], 
      [
        1633480590, 
        1937304624
      ], 
      [
        1633480605, 
        1699552612
      ], 
      [
        1633480620, 
        1947294672
      ], 
      [
        1633480635, 
        1726688536
      ], 
      [
        1633480650, 
        1972214328
      ], 
      [
        1633480665, 
        1756310376
      ], 
      [
        1633480680, 
        1995048160
      ], 
      [
        1633480695, 
        1736449144
      ], 
      [
        1633480710, 
        1976780224
      ]
    ], 
    "name": "geth.system/memory/used.gauge", 
    "columns": [
      "time", 
      "mean"
    ]
  }, 
  "stat": {
    "known_broadcasts": {
      "max": 0.6539368702307639, 
      "mean": 0.5556278589592715, 
      "variance": 0.008016224209835528, 
      "pvalue": 5.569382077477106e-05, 
      "min": 0.4134202500391586
    }, 
    "memory_used": {
      "max": 1977693620.8, 
      "mean": 1777639556.4, 
      "variance": 1.8726911414464932e+16, 
      "pvalue": 0.0027932335965575403, 
      "min": 1548426310.2
    }, 
    "disk_write": {
      "max": 59186.04307946175, 
      "mean": 19217.740532230477, 
      "variance": 367816813.9662131, 
      "pvalue": 0.6561294094690122, 
      "min": 4263.88030114137
    }, 
    "disk_read": {
      "max": 51391126.87596019, 
      "mean": 32894579.36005764, 
      "variance": 108402610803840.95, 
      "pvalue": 6.882602069207162e-08, 
      "min": 19406702.13799324
    }, 
    "traffic_egress": {
      "max": 734997.7914142525, 
      "mean": 245825.92160280547, 
      "variance": 58495492098.76405, 
      "pvalue": 7.682668957821297e-17, 
      "min": 35361.56919158606
    }, 
    "peer_stats": {
      "max": 32.0, 
      "mean": 29.125, 
      "variance": 4.496875, 
      "pvalue": 1.2026467019345983e-18, 
      "min": 24.95
    }, 
    "traffic_ingress": {
      "max": 246702.3508806767, 
      "mean": 143588.71601856104, 
      "variance": 3120631359.3846593, 
      "pvalue": 1.580752655466501e-05, 
      "min": 88424.99865790983
    }, 
    "known_announcements": {
      "max": 0.8888191291972952, 
      "mean": 0.6806854522922279, 
      "variance": 0.02211799323298962, 
      "pvalue": 1.7589367508218164e-17, 
      "min": 0.4447206068147762
    }
  }, 
  "disk_write": {
    "values": [
      [
        1633480425, 
        11411.789614868649
      ], 
      [
        1633480440, 
        10097.980183346803
      ], 
      [
        1633480455, 
        9394.278504143072
      ], 
      [
        1633480470, 
        9513.336767880013
      ], 
      [
        1633480485, 
        9173.946871848693
      ], 
      [
        1633480500, 
        74689.18902802904
      ], 
      [
        1633480515, 
        58370.088029537146
      ], 
      [
        1633480530, 
        45314.34783722162
      ], 
      [
        1633480545, 
        35413.458181572794
      ], 
      [
        1633480560, 
        27507.669397811627
      ], 
      [
        1633480575, 
        21514.849923211517
      ], 
      [
        1633480590, 
        16713.74814308108
      ], 
      [
        1633480605, 
        13068.355525291761
      ], 
      [
        1633480620, 
        10148.324391503393
      ], 
      [
        1633480635, 
        7930.981656020582
      ], 
      [
        1633480650, 
        6171.021138474387
      ], 
      [
        1633480665, 
        5172.462827508461
      ], 
      [
        1633480680, 
        4311.998227563612
      ], 
      [
        1633480695, 
        4168.060971965636
      ], 
      [
        1633480710, 
        4268.923423729567
      ]
    ], 
    "name": "geth.eth/db/chaindata/disk/write.meter", 
    "columns": [
      "time", 
      "mean"
    ]
  }, 
  "disk_read": {
    "values": [
      [
        1633480425, 
        19733574.08771096
      ], 
      [
        1633480440, 
        19929096.888150483
      ], 
      [
        1633480455, 
        19005696.06229873
      ], 
      [
        1633480470, 
        19427807.720924526
      ], 
      [
        1633480485, 
        23131969.91992275
      ], 
      [
        1633480500, 
        47011204.15373501
      ], 
      [
        1633480515, 
        54500758.47588016
      ], 
      [
        1633480530, 
        51227462.05491177
      ], 
      [
        1633480545, 
        45204116.70416781
      ], 
      [
        1633480560, 
        41389327.08342009
      ], 
      [
        1633480575, 
        38350247.8996281
      ], 
      [
        1633480590, 
        36602644.63867222
      ], 
      [
        1633480605, 
        33735084.51269837
      ], 
      [
        1633480620, 
        32695599.234606147
      ], 
      [
        1633480635, 
        31096631.256532058
      ], 
      [
        1633480650, 
        30863776.20775839
      ], 
      [
        1633480665, 
        29364762.05311019
      ], 
      [
        1633480680, 
        29129202.19381671
      ], 
      [
        1633480695, 
        27639318.10101754
      ], 
      [
        1633480710, 
        27853307.952190716
      ]
    ], 
    "name": "geth.eth/db/chaindata/disk/read.meter", 
    "columns": [
      "time", 
      "mean"
    ]
  },