{
  "known_broadcasts": {
    "values": [
      [
        1633618140, 
        0.7260090680219569
      ], 
      [
        1633618155, 
        0.8744313523707363
      ], 
      [
        1633618170, 
        0.9275314770706996
      ], 
      [
        1633618185, 
        1.0182700213710438
      ], 
      [
        1633618200, 
        1.0021259401784575
      ], 
      [
        1633618215, 
        0.9913131784009055
      ], 
      [
        1633618230, 
        0.927068314127537
      ], 
      [
        1633618245, 
        0.9395173043381071
      ], 
      [
        1633618260, 
        0.8205864800585996
      ], 
      [
        1633618275, 
        0.8411104099586907
      ], 
      [
        1633618290, 
        0.9071432787744135
      ], 
      [
        1633618305, 
        0.7372852538217849
      ], 
      [
        1633618320, 
        0.7059017621572276
      ], 
      [
        1633618335, 
        0.8061578760819221
      ], 
      [
        1633618350, 
        0.8854091022235488
      ], 
      [
        1633618365, 
        0.9300340947578255
      ], 
      [
        1633618380, 
        0.8560346161387813
      ], 
      [
        1633618395, 
        0.7291253628342018
      ], 
      [
        1633618410, 
        0.7265519080753082
      ], 
      [
        1633618425, 
        0.7582334887814446
      ]
    ], 
    "name": "geth.eth/fetcher/block/broadcasts/drop.meter", 
    "columns": [
      "time", 
      "mean"
    ]
  }, 
  "memory_used": {
    "values": [
      [
        1633618140, 
        1565438232
      ], 
      [
        1633618155, 
        1751049856
      ], 
      [
        1633618170, 
        1898424728
      ], 
      [
        1633618185, 
        1603884204
      ], 
      [
        1633618200, 
        1775786744
      ], 
      [
        1633618215, 
        1717274712
      ], 
      [
        1633618230, 
        1610003856
      ], 
      [
        1633618245, 
        1845184532
      ], 
      [
        1633618260, 
        1472188392
      ], 
      [
        1633618275, 
        1681723792
      ], 
      [
        1633618290, 
        1845095000
      ], 
      [
        1633618305, 
        1533730492
      ], 
      [
        1633618320, 
        1709811448
      ], 
      [
        1633618335, 
        1922342832
      ], 
      [
        1633618350, 
        1572730104
      ], 
      [
        1633618365, 
        1780315664
      ], 
      [
        1633618380, 
        1966794440
      ], 
      [
        1633618395, 
        1642458956
      ], 
      [
        1633618410, 
        1823536592
      ], 
      [
        1633618425, 
        1790980928
      ]
    ], 
    "name": "geth.system/memory/used.gauge", 
    "columns": [
      "time", 
      "mean"
    ]
  }, 
  "stat": {
    "known_broadcasts": {
      "max": 1.0029331442380869, 
      "mean": 0.8554920144771598, 
      "variance": 0.009616268911550013, 
      "pvalue": 1.1270740994652834e-14, 
      "min": 0.7250037027287204
    }, 
    "memory_used": {
      "max": 1924565412.4, 
      "mean": 1725437775.2, 
      "variance": 1.813710104370833e+16, 
      "pvalue": 0.0006842569731236406, 
      "min": 1530653387.0
    }, 
    "disk_write": {
      "max": 6514.127359857105, 
      "mean": 3233.1400395689516, 
      "variance": 3397660.316036599, 
      "pvalue": 0.021696134019031404, 
      "min": 1355.1581258297401
    }, 
    "disk_read": {
      "max": 18418645.34684979, 
      "mean": 17233538.991867006, 
      "variance": 274752031571.07178, 
      "pvalue": 1.402875665119019e-06, 
      "min": 16619242.2452876
    }, 
    "traffic_egress": {
      "max": 26920.74074473258, 
      "mean": 8613.30288057573, 
      "variance": 58894866.67979385, 
      "pvalue": 1.1561883945574861e-08, 
      "min": 3049.380516786989
    }, 
    "peer_stats": {
      "max": 50.525000000000006, 
      "mean": 49.15, 
      "variance": 0.6774999999999997, 
      "pvalue": 4.295476233814111e-11, 
      "min": 48.0
    }, 
    "traffic_ingress": {
      "max": 188369.8492411645, 
      "mean": 163033.91321351737, 
      "variance": 225121152.3127243, 
      "pvalue": 1.5269256003846013e-05, 
      "min": 141000.41132955576
    }, 
    "known_announcements": {
      "max": 2.186616616174035, 
      "mean": 1.8410783518127851, 
      "variance": 0.0952822433760781, 
      "pvalue": 0.02916498735473441, 
      "min": 1.284009396799081
    }
  }, 
  "disk_write": {
    "values": [
      [
        1633618140, 
        3850.234938774798
      ], 
      [
        1633618155, 
        3173.861548109204
      ], 
      [
        1633618170, 
        2512.3727749223563
      ], 
      [
        1633618185, 
        2180.16247711728
      ], 
      [
        1633618200, 
        1898.50076009755
      ], 
      [
        1633618215, 
        1688.509540418897
      ], 
      [
        1633618230, 
        1432.975661667291
      ], 
      [
        1633618245, 
        1438.092096728259
      ], 
      [
        1633618260, 
        1418.044335409746
      ], 
      [
        1633618275, 
        1362.6409700547206
      ], 
      [
        1633618290, 
        1212.9840855551076
      ], 
      [
        1633618305, 
        2079.1353615274265
      ], 
      [
        1633618320, 
        3093.1998624983944
      ], 
      [
        1633618335, 
        3075.830431083775
      ], 
      [
        1633618350, 
        4104.68383845897
      ], 
      [
        1633618365, 
        4846.331341164949
      ], 
      [
        1633618380, 
        5396.1288449870935
      ], 
      [
        1633618395, 
        6315.359092059699
      ], 
      [
        1633618410, 
        6483.266353688809
      ], 
      [
        1633618425, 
        7100.486477054719
      ]
    ], 
    "name": "geth.eth/db/chaindata/disk/write.meter", 
    "columns": [
      "time", 
      "mean"
    ]
  }, 
  "disk_read": {
    "values": [
      [
        1633618140, 
        18665505.759085607
      ], 
      [
        1633618155, 
        18405652.693574224
      ], 
      [
        1633618170, 
        17488812.923624527
      ], 
      [
        1633618185, 
        17396337.670498583
      ], 
      [
        1633618200, 
        16836161.832696486
      ], 
      [
        1633618215, 
        17304468.288000606
      ], 
      [
        1633618230, 
        16847942.36765594
      ], 
      [
        1633618245, 
        17197177.707542807
      ], 
      [
        1633618260, 
        16621042.04692964
      ], 
      [
        1633618275, 
        16955409.565112732
      ], 
      [
        1633618290, 
        16585046.014088854
      ], 
      [
        1633618305, 
        16985712.767583743
      ], 
      [
        1633618320, 
        16794063.456303257
      ], 
      [
        1633618335, 
        17303012.633686684
      ], 
      [
        1633618350, 
        16888503.2524035
      ], 
      [
        1633618365, 
        17223059.571032293
      ], 
      [
        1633618380, 
        16865501.750518285
      ], 
      [
        1633618395, 
        17465031.083688535
      ], 
      [
        1633618410, 
        17142779.095641524
      ], 
      [
        1633618425, 
        17699559.35767233
      ]
    ], 
    "name": "geth.eth/db/chaindata/disk/read.meter", 
    "columns": [
      "time", 
      "mean"
    ]
  },