{
  "known_broadcasts": {
    "values": [
      [
        1633480125, 
        0.5570984453125016
      ], 
      [
        1633480140, 
        0.4323665636734474
      ], 
      [
        1633480155, 
        0.6136726825052645
      ], 
      [
        1633480170, 
        0.6713860898062332
      ], 
      [
        1633480185, 
        0.6345387713827245
      ], 
      [
        1633480200, 
        0.6191187001963528
      ], 
      [
        1633480215, 
        0.5325905066613038
      ], 
      [
        1633480230, 
        0.42067664432705015
      ], 
      [
        1633480245, 
        0.328761539399301
      ], 
      [
        1633480260, 
        0.37413216531771076
      ], 
      [
        1633480275, 
        0.38983011224519215
      ], 
      [
        1633480290, 
        0.45223140941722106
      ], 
      [
        1633480305, 
        0.5054532816295042
      ], 
      [
        1633480320, 
        0.6683409624797643
      ], 
      [
        1633480335, 
        0.5824415491627095
      ], 
      [
        1633480350, 
        0.5538598007066629
      ], 
      [
        1633480365, 
        0.5687610221352561
      ], 
      [
        1633480380, 
        0.5730918307641178
      ], 
      [
        1633480395, 
        0.5658819932106532
      ], 
      [
        1633480410, 
        0.48087469858313026
      ]
    ], 
    "name": "geth.eth/fetcher/block/broadcasts/drop.meter", 
    "columns": [
      "time", 
      "mean"
    ]
  }, 
  "memory_used": {
    "values": [
      [
        1633480125, 
        1855394008
      ], 
      [
        1633480140, 
        1733561992
      ], 
      [
        1633480155, 
        1719748736
      ], 
      [
        1633480170, 
        1450802352
      ], 
      [
        1633480185, 
        1666376700
      ], 
      [
        1633480200, 
        1715714688
      ], 
      [
        1633480215, 
        1917992660
      ], 
      [
        1633480230, 
        1586552896
      ], 
      [
        1633480245, 
        1840033272
      ], 
      [
        1633480260, 
        1539472536
      ], 
      [
        1633480275, 
        1829806272
      ], 
      [
        1633480290, 
        1515422168
      ], 
      [
        1633480305, 
        1852468472
      ], 
      [
        1633480320, 
        1618619400
      ], 
      [
        1633480335, 
        1780011040
      ], 
      [
        1633480350, 
        1748731792
      ], 
      [
        1633480365, 
        1703912960
      ], 
      [
        1633480380, 
        1607626248
      ], 
      [
        1633480395, 
        1835539596
      ], 
      [
        1633480410, 
        1486885032
      ]
    ], 
    "name": "geth.system/memory/used.gauge", 
    "columns": [
      "time", 
      "mean"
    ]
  }, 
  "stat": {
    "known_broadcasts": {
      "max": 0.6684932188460877, 
      "mean": 0.5262554384458051, 
      "variance": 0.009420684156434319, 
      "pvalue": 3.5178360315332733e-05, 
      "min": 0.3718636340217903
    }, 
    "memory_used": {
      "max": 1858523940.6000001, 
      "mean": 1700233641.0, 
      "variance": 1.784054144502202e+16, 
      "pvalue": 7.454289802758672e-06, 
      "min": 1485080898.0
    }, 
    "disk_write": {
      "max": 639654.956481132, 
      "mean": 183102.1589352717, 
      "variance": 49101507233.50763, 
      "pvalue": 1.4252654838367385e-06, 
      "min": 14069.57099806896
    }, 
    "disk_read": {
      "max": 59062632.63677616, 
      "mean": 33276996.173170306, 
      "variance": 186969878382997.44, 
      "pvalue": 1.5151256795094795e-09, 
      "min": 20680003.67716528
    }, 
    "traffic_egress": {
      "max": 555728.1738652112, 
      "mean": 223904.9332228051, 
      "variance": 22620061756.49598, 
      "pvalue": 1.7589367508218164e-17, 
      "min": 71084.97041038086
    }, 
    "peer_stats": {
      "max": 27.0, 
      "mean": 24.675, 
      "variance": 1.8318750000000001, 
      "pvalue": 1.2026467019345983e-18, 
      "min": 22.975
    }, 
    "traffic_ingress": {
      "max": 416632.56947067124, 
      "mean": 174954.73467718184, 
      "variance": 12021016716.66495, 
      "pvalue": 8.679758059753442e-06, 
      "min": 87605.86665467577
    }, 
    "known_announcements": {
      "max": 0.857655048509268, 
      "mean": 0.6616902658439708, 
      "variance": 0.016036734079375604, 
      "pvalue": 2.820320890278732e-17, 
      "min": 0.485770141583397
    }
  }, 
  "disk_write": {
    "values": [
      [
        1633480125, 
        797217.3225733608
      ], 
      [
        1633480140, 
        631362.2003710144
      ], 
      [
        1633480155, 
        493431.32968522934
      ], 
      [
        1633480170, 
        382982.4413989535
      ], 
      [
        1633480185, 
        299321.3461062963
      ], 
      [
        1633480200, 
        232310.12896904146
      ], 
      [
        1633480215, 
        181575.25078676845
      ], 
      [
        1633480230, 
        140921.35401092592
      ], 
      [
        1633480245, 
        110130.95664718557
      ], 
      [
        1633480260, 
        85650.68743633576
      ], 
      [
        1633480275, 
        67084.63649278658
      ], 
      [
        1633480290, 
        52362.65448991035
      ], 
      [
        1633480305, 
        41922.61583667721
      ], 
      [
        1633480320, 
        33428.57826989604
      ], 
      [
        1633480335, 
        27611.256572211343
      ], 
      [
        1633480350, 
        22659.9927045935
      ], 
      [
        1633480365, 
        19273.71685917127
      ], 
      [
        1633480380, 
        15888.473565687449
      ], 
      [
        1633480395, 
        14137.954668443901
      ], 
      [
        1633480410, 
        12770.28126094509
      ]
    ], 
    "name": "geth.eth/db/chaindata/disk/write.meter", 
    "columns": [
      "time", 
      "mean"
    ]
  }, 
  "disk_read": {
    "values": [
      [
        1633480125, 
        45326806.84934141
      ], 
      [
        1633480140, 
        69407144.07580951
      ], 
      [
        1633480155, 
        58518184.666300714
      ], 
      [
        1633480170, 
        50198923.515603915
      ], 
      [
        1633480185, 
        45188439.867170885
      ], 
      [
        1633480200, 
        41337353.80168867
      ], 
      [
        1633480215, 
        35654252.03052772
      ], 
      [
        1633480230, 
        32899056.377608627
      ], 
      [
        1633480245, 
        29996714.943204165
      ], 
      [
        1633480260, 
        28387615.3740586
      ], 
      [
        1633480275, 
        26250595.62229057
      ], 
      [
        1633480290, 
        25234304.451337032
      ], 
      [
        1633480305, 
        24069836.232929107
      ], 
      [
        1633480320, 
        23686592.891605694
      ], 
      [
        1633480335, 
        22588592.322037064
      ], 
      [
        1633480350, 
        22680401.090108596
      ], 
      [
        1633480365, 
        21485137.54005998
      ], 
      [
        1633480380, 
        21353071.25690935
      ], 
      [
        1633480395, 
        20592279.833231784
      ], 
      [
        1633480410, 
        20684620.72158283
      ]
    ], 
    "name": "geth.eth/db/chaindata/disk/read.meter", 
    "columns": [
      "time", 
      "mean"
    ]
  },