{
  "known_broadcasts": {
    "values": [
      [
        1633481025, 
        0.4757417472900569
      ], 
      [
        1633481040, 
        0.5412652551328786
      ], 
      [
        1633481055, 
        0.5119168419579755
      ], 
      [
        1633481070, 
        0.6285055378640733
      ], 
      [
        1633481085, 
        0.49853744324542726
      ], 
      [
        1633481100, 
        0.4083743109610049
      ], 
      [
        1633481115, 
        0.3911072125240313
      ], 
      [
        1633481130, 
        0.5121587100522715
      ], 
      [
        1633481145, 
        0.6508803438375202
      ], 
      [
        1633481160, 
        0.6699329988639666
      ], 
      [
        1633481175, 
        0.7801329120367494
      ], 
      [
        1633481190, 
        0.7778829147326336
      ], 
      [
        1633481205, 
        0.6362674368386968
      ], 
      [
        1633481220, 
        0.605747787143149
      ], 
      [
        1633481235, 
        0.5538247703058969
      ], 
      [
        1633481250, 
        0.581946329352229
      ], 
      [
        1633481265, 
        0.5216405596871324
      ], 
      [
        1633481280, 
        0.5396983251580889
      ], 
      [
        1633481295, 
        0.5005058797357296
      ], 
      [
        1633481310, 
        0.47651630008482654
      ]
    ], 
    "name": "geth.eth/fetcher/block/broadcasts/drop.meter", 
    "columns": [
      "time", 
      "mean"
    ]
  }, 
  "memory_used": {
    "values": [
      [
        1633481025, 
        1620242844
      ], 
      [
        1633481040, 
        1788362656
      ], 
      [
        1633481055, 
        1749200784
      ], 
      [
        1633481070, 
        1663572280
      ], 
      [
        1633481085, 
        1853336380
      ], 
      [
        1633481100, 
        1497243848
      ], 
      [
        1633481115, 
        1730429964
      ], 
      [
        1633481130, 
        1931322592
      ], 
      [
        1633481145, 
        1624131284
      ], 
      [
        1633481160, 
        1805635488
      ], 
      [
        1633481175, 
        1815928844
      ], 
      [
        1633481190, 
        1561865256
      ], 
      [
        1633481205, 
        1649309892
      ], 
      [
        1633481220, 
        1714131552
      ], 
      [
        1633481235, 
        2370590736
      ], 
      [
        1633481250, 
        2727159016
      ], 
      [
        1633481265, 
        2243914796
      ], 
      [
        1633481280, 
        1589019280
      ], 
      [
        1633481295, 
        1754118652
      ], 
      [
        1633481310, 
        1925164776
      ]
    ], 
    "name": "geth.system/memory/used.gauge", 
    "columns": [
      "time", 
      "mean"
    ]
  }, 
  "stat": {
    "known_broadcasts": {
      "max": 0.7779954145978394, 
      "mean": 0.5631291808402169, 
      "variance": 0.010446958494201814, 
      "pvalue": 0.0014552475697006695, 
      "min": 0.40751095603915627
    }, 
    "memory_used": {
      "max": 2388419150.0000005, 
      "mean": 1830734046.0, 
      "variance": 8.569438451755755e+16, 
      "pvalue": 0.005198647034537815, 
      "min": 1558634185.6
    }, 
    "disk_write": {
      "max": 4496398.379358228, 
      "mean": 952997.8359370066, 
      "variance": 2814818706636.1187, 
      "pvalue": 9.671926086915797e-05, 
      "min": 11900.478030004437
    }, 
    "disk_read": {
      "max": 71464501.24322443, 
      "mean": 38894313.36544104, 
      "variance": 488714707191278.9, 
      "pvalue": 0.00044893400824059685, 
      "min": 17951458.205029994
    }, 
    "traffic_egress": {
      "max": 9880.418781598708, 
      "mean": 7755.376287783962, 
      "variance": 1935082.812223745, 
      "pvalue": 2.9502936493582637e-13, 
      "min": 5766.114266614672
    }, 
    "peer_stats": {
      "max": 38.025, 
      "mean": 34.175, 
      "variance": 20.356875, 
      "pvalue": 1.2026467019345983e-18, 
      "min": 25.900000000000002
    }, 
    "traffic_ingress": {
      "max": 1678766.7236358048, 
      "mean": 549914.4182401036, 
      "variance": 371290425206.0215, 
      "pvalue": 7.610948393971586e-05, 
      "min": 83980.4977446252
    }, 
    "known_announcements": {
      "max": 1.4929449532581822, 
      "mean": 0.916988542025557, 
      "variance": 0.08801703620717473, 
      "pvalue": 2.1050846974537883e-10, 
      "min": 0.6149463985839289
    }
  }, 
  "disk_write": {
    "values": [
      [
        1633481025, 
        15909.041019839016
      ], 
      [
        1633481040, 
        17091.26605836428
      ], 
      [
        1633481055, 
        16887.42333269534
      ], 
      [
        1633481070, 
        16787.31134280988
      ], 
      [
        1633481085, 
        13861.522574526063
      ], 
      [
        1633481100, 
        12167.74442624281
      ], 
      [
        1633481115, 
        11451.328731803953
      ], 
      [
        1633481130, 
        11973.224334533039
      ], 
      [
        1633481145, 
        11924.11746675183
      ], 
      [
        1633481160, 
        19138.45280563872
      ], 
      [
        1633481175, 
        103226.77128091033
      ], 
      [
        1633481190, 
        91236.39908548578
      ], 
      [
        1633481205, 
        76609.86471617842
      ], 
      [
        1633481220, 
        64323.96424841821
      ], 
      [
        1633481235, 
        730787.0131149619
      ], 
      [
        1633481250, 
        1550506.130216695
      ], 
      [
        1633481265, 
        5711154.014217045
      ], 
      [
        1633481280, 
        4432463.8722603945
      ], 
      [
        1633481295, 
        3464010.503271667
      ], 
      [
        1633481310, 
        2688446.7542351685
      ]
    ], 
    "name": "geth.eth/db/chaindata/disk/write.meter", 
    "columns": [
      "time", 
      "mean"
    ]
  }, 
  "disk_read": {
    "values": [
      [
        1633481025, 
        18531122.278214138
      ], 
      [
        1633481040, 
        18500603.989582535
      ], 
      [
        1633481055, 
        18111312.770484045
      ], 
      [
        1633481070, 
        18231189.086879507
      ], 
      [
        1633481085, 
        17511675.945895538
      ], 
      [
        1633481100, 
        18229931.67393543
      ], 
      [
        1633481115, 
        17974604.63972128
      ], 
      [
        1633481130, 
        18572307.659132235
      ], 
      [
        1633481145, 
        18261762.17854475
      ], 
      [
        1633481160, 
        18311163.960478432
      ], 
      [
        1633481175, 
        33266092.400667243
      ], 
      [
        1633481190, 
        48195267.67983708
      ], 
      [
        1633481205, 
        72636338.46638447
      ], 
      [
        1633481220, 
        61312912.339284845
      ], 
      [
        1633481235, 
        62771959.65553309
      ], 
      [
        1633481250, 
        63007847.95432311
      ], 
      [
        1633481265, 
        65894818.38437383
      ], 
      [
        1633481280, 
        71402825.59990022
      ], 
      [
        1633481295, 
        62370948.975703254
      ], 
      [
        1633481310, 
        54791581.669945836
      ]
    ], 
    "name": "geth.eth/db/chaindata/disk/read.meter", 
    "columns": [
      "time", 
      "mean"
    ]
  },