{
  "known_broadcasts": {
    "values": [
      [
        1633481325, 
        0.4533195530345057
      ], 
      [
        1633481340, 
        0.7138546926834637
      ], 
      [
        1633481355, 
        0.8631640175374343
      ], 
      [
        1633481370, 
        0.9654705294987865
      ], 
      [
        1633481385, 
        0.9527962497662688
      ], 
      [
        1633481400, 
        0.7799373471687542
      ], 
      [
        1633481415, 
        0.7681174937275255
      ], 
      [
        1633481430, 
        0.8913102864613536
      ], 
      [
        1633481445, 
        0.9406356959012137
      ], 
      [
        1633481460, 
        0.955648230838053
      ], 
      [
        1633481475, 
        0.7604285372828186
      ], 
      [
        1633481490, 
        0.5901719460009774
      ], 
      [
        1633481505, 
        0.4612232223824609
      ], 
      [
        1633481520, 
        0.3579573797518616
      ], 
      [
        1633481535, 
        0.5169465993319162
      ], 
      [
        1633481550, 
        0.7577255686120463
      ], 
      [
        1633481565, 
        0.840789037088844
      ], 
      [
        1633481580, 
        0.8821778360113206
      ], 
      [
        1633481595, 
        0.7839810183491958
      ], 
      [
        1633481610, 
        0.9467645598510369
      ]
    ], 
    "name": "geth.eth/fetcher/block/broadcasts/drop.meter", 
    "columns": [
      "time", 
      "mean"
    ]
  }, 
  "memory_used": {
    "values": [
      [
        1633481325, 
        1701748856
      ], 
      [
        1633481340, 
        1475995936
      ], 
      [
        1633481355, 
        1578673624
      ], 
      [
        1633481370, 
        1737225880
      ], 
      [
        1633481385, 
        1885241492
      ], 
      [
        1633481400, 
        2017582448
      ], 
      [
        1633481415, 
        1725473340
      ], 
      [
        1633481430, 
        1578110528
      ], 
      [
        1633481445, 
        1812730036
      ], 
      [
        1633481460, 
        1969361000
      ], 
      [
        1633481475, 
        1585659096
      ], 
      [
        1633481490, 
        1905482648
      ], 
      [
        1633481505, 
        1781548396
      ], 
      [
        1633481520, 
        1515573592
      ], 
      [
        1633481535, 
        1759507396
      ], 
      [
        1633481550, 
        2007925136
      ], 
      [
        1633481565, 
        1709698096
      ], 
      [
        1633481580, 
        1949455408
      ], 
      [
        1633481595, 
        1644420508
      ], 
      [
        1633481610, 
        1903199304
      ]
    ], 
    "name": "geth.system/memory/used.gauge", 
    "columns": [
      "time", 
      "mean"
    ]
  }, 
  "stat": {
    "known_broadcasts": {
      "max": 0.9561393457710896, 
      "mean": 0.7591209900639919, 
      "variance": 0.03352747705587848, 
      "pvalue": 0.01641702194937529, 
      "min": 0.44855144437037353
    }, 
    "memory_used": {
      "max": 2008408001.6000001, 
      "mean": 1762230636.0, 
      "variance": 2.6289818560392744e+16, 
      "pvalue": 0.008701665119999508, 
      "min": 1513594709.2
    }, 
    "disk_write": {
      "max": 1654157.4664629847, 
      "mean": 478863.06163508893, 
      "variance": 335270864680.88434, 
      "pvalue": 2.78287155562228e-12, 
      "min": 30340.770370517028
    }, 
    "disk_read": {
      "max": 53254085.72316851, 
      "mean": 40538369.28561195, 
      "variance": 89505845376619.4, 
      "pvalue": 4.708981261886058e-13, 
      "min": 26648353.94189252
    }, 
    "traffic_egress": {
      "max": 350727.098269613, 
      "mean": 148429.349851313, 
      "variance": 11905854082.48251, 
      "pvalue": 4.652679429259896e-14, 
      "min": 5096.2803221806
    }, 
    "peer_stats": {
      "max": 39.525, 
      "mean": 36.4, 
      "variance": 8.940000000000001, 
      "pvalue": 1.2026467019345983e-18, 
      "min": 31.85
    }, 
    "traffic_ingress": {
      "max": 560567.496964494, 
      "mean": 274805.8669495643, 
      "variance": 23714659770.90037, 
      "pvalue": 0.0004350910040793753, 
      "min": 130433.48324886488
    }, 
    "known_announcements": {
      "max": 1.0628626902375484, 
      "mean": 0.7817351242315309, 
      "variance": 0.03489922699708829, 
      "pvalue": 1.737527766758462e-15, 
      "min": 0.505166700658133
    }
  }, 
  "disk_write": {
    "values": [
      [
        1633481325, 
        2101038.661010767
      ], 
      [
        1633481340, 
        1630637.4035920484
      ], 
      [
        1633481355, 
        1274394.1847917314
      ], 
      [
        1633481370, 
        989318.5202098377
      ], 
      [
        1633481385, 
        787372.214348424
      ], 
      [
        1633481400, 
        623902.2488255493
      ], 
      [
        1633481415, 
        487595.5881526889
      ], 
      [
        1633481430, 
        378425.0892921683
      ], 
      [
        1633481445, 
        295776.8112486912
      ], 
      [
        1633481460, 
        229553.6894240489
      ], 
      [
        1633481475, 
        180228.88068658003
      ], 
      [
        1633481490, 
        141772.0796729575
      ], 
      [
        1633481505, 
        111364.22778145672
      ], 
      [
        1633481520, 
        87459.66957741139
      ], 
      [
        1633481535, 
        69279.33527892685
      ], 
      [
        1633481550, 
        54309.88749488833
      ], 
      [
        1633481565, 
        43668.20665365945
      ], 
      [
        1633481580, 
        34664.969573527065
      ], 
      [
        1633481595, 
        30573.102351329195
      ], 
      [
        1633481610, 
        25926.46273508585
      ]
    ], 
    "name": "geth.eth/db/chaindata/disk/write.meter", 
    "columns": [
      "time", 
      "mean"
    ]
  }, 
  "disk_read": {
    "values": [
      [
        1633481325, 
        50089001.850986205
      ], 
      [
        1633481340, 
        44698410.37326433
      ], 
      [
        1633481355, 
        41371267.187539354
      ], 
      [
        1633481370, 
        37851062.49510445
      ], 
      [
        1633481385, 
        41062317.63205199
      ], 
      [
        1633481400, 
        57434870.281429894
      ], 
      [
        1633481415, 
        53034044.430628434
      ], 
      [
        1633481430, 
        51255789.24201678
      ], 
      [
        1633481445, 
        50866210.61869319
      ], 
      [
        1633481460, 
        47666615.5600793
      ], 
      [
        1633481475, 
        45816588.87991519
      ], 
      [
        1633481490, 
        42680203.60345148
      ], 
      [
        1633481505, 
        39973854.51459731
      ], 
      [
        1633481520, 
        35750328.02980875
      ], 
      [
        1633481535, 
        32960201.370365646
      ], 
      [
        1633481550, 
        30015578.362323202
      ], 
      [
        1633481565, 
        29178739.396952793
      ], 
      [
        1633481580, 
        27334897.24696773
      ], 
      [
        1633481595, 
        26735537.455654845
      ], 
      [
        1633481610, 
        24991867.180408314
      ]
    ], 
    "name": "geth.eth/db/chaindata/disk/read.meter", 
    "columns": [
      "time", 
      "mean"
    ]
  },