{
  "known_broadcasts": {
    "values": [
      [
        1633617840, 
        0.33929304781411684
      ], 
      [
        1633617855, 
        0.4473881478157248
      ], 
      [
        1633617870, 
        0.5617919133797522
      ], 
      [
        1633617885, 
        0.5896398568708342
      ], 
      [
        1633617900, 
        0.7326764129642346
      ], 
      [
        1633617915, 
        0.9490962469113411
      ], 
      [
        1633617930, 
        0.8910539681913483
      ], 
      [
        1633617945, 
        0.9164980978368789
      ], 
      [
        1633617960, 
        0.9807424947164877
      ], 
      [
        1633617975, 
        0.9458549441053966
      ], 
      [
        1633617990, 
        0.9280392742714882
      ], 
      [
        1633618005, 
        0.8333541327144756
      ], 
      [
        1633618020, 
        0.9262884646639703
      ], 
      [
        1633618035, 
        0.8928012495954172
      ], 
      [
        1633618050, 
        0.6929069926131202
      ], 
      [
        1633618065, 
        0.8109394729166068
      ], 
      [
        1633618080, 
        0.6733585066522202
      ], 
      [
        1633618095, 
        0.8914269478033255
      ], 
      [
        1633618110, 
        0.7792238533894177
      ], 
      [
        1633618125, 
        0.6649374299557053
      ]
    ], 
    "name": "geth.eth/fetcher/block/broadcasts/drop.meter", 
    "columns": [
      "time", 
      "mean"
    ]
  }, 
  "memory_used": {
    "values": [
      [
        1633617840, 
        2007257880
      ], 
      [
        1633617855, 
        1703183336
      ], 
      [
        1633617870, 
        1861489984
      ], 
      [
        1633617885, 
        1788886772
      ], 
      [
        1633617900, 
        1690187600
      ], 
      [
        1633617915, 
        1939268004
      ], 
      [
        1633617930, 
        1765335392
      ], 
      [
        1633617945, 
        1591436396
      ], 
      [
        1633617960, 
        1780313992
      ], 
      [
        1633617975, 
        1651411904
      ], 
      [
        1633617990, 
        1455359088
      ], 
      [
        1633618005, 
        1776064320
      ], 
      [
        1633618020, 
        1976363256
      ], 
      [
        1633618035, 
        1680716040
      ], 
      [
        1633618050, 
        1876098608
      ], 
      [
        1633618065, 
        1633988184
      ], 
      [
        1633618080, 
        1841849080
      ], 
      [
        1633618095, 
        1582198848
      ], 
      [
        1633618110, 
        1760695912
      ], 
      [
        1633618125, 
        1689411284
      ]
    ], 
    "name": "geth.system/memory/used.gauge", 
    "columns": [
      "time", 
      "mean"
    ]
  }, 
  "stat": {
    "known_broadcasts": {
      "max": 0.9506785593015985, 
      "mean": 0.772365572759093, 
      "variance": 0.031080002724573667, 
      "pvalue": 4.354508116958566e-12, 
      "min": 0.4419833928156444
    }, 
    "memory_used": {
      "max": 1977907987.2, 
      "mean": 1752575794.0, 
      "variance": 1.8543532216177468e+16, 
      "pvalue": 0.005894237079250955, 
      "min": 1575856860.0
    }, 
    "disk_write": {
      "max": 123277.30929738143, 
      "mean": 38599.81189783041, 
      "variance": 1683231890.6086366, 
      "pvalue": 7.4760252198305744e-06, 
      "min": 6056.711685589977
    }, 
    "disk_read": {
      "max": 36755589.85925505, 
      "mean": 24308138.681845784, 
      "variance": 50374492373594.89, 
      "pvalue": 0.19514390378253355, 
      "min": 15601887.571665732
    }, 
    "traffic_egress": {
      "max": 25845.391726674592, 
      "mean": 10358.538519200534, 
      "variance": 71653753.02608058, 
      "pvalue": 1.6136256535541163e-09, 
      "min": 3164.3661689510072
    }, 
    "peer_stats": {
      "max": 50.05, 
      "mean": 48.275, 
      "variance": 1.7118750000000005, 
      "pvalue": 7.395015917348023e-13, 
      "min": 46.425000000000004
    }, 
    "traffic_ingress": {
      "max": 228774.13097103877, 
      "mean": 180488.80475685128, 
      "variance": 1568005724.3506722, 
      "pvalue": 0.231574702268113, 
      "min": 116743.08335250642
    }, 
    "known_announcements": {
      "max": 1.7443140045973498, 
      "mean": 1.3779229550808718, 
      "variance": 0.09916531923589328, 
      "pvalue": 4.052224697078247e-08, 
      "min": 0.8300278174287165
    }
  }, 
  "disk_write": {
    "values": [
      [
        1633617840, 
        18095.038364494052
      ], 
      [
        1633617855, 
        16669.365898389187
      ], 
      [
        1633617870, 
        14899.701088766735
      ], 
      [
        1633617885, 
        15895.216339224815
      ], 
      [
        1633617900, 
        15553.131888744918
      ], 
      [
        1633617915, 
        156568.03776839402
      ], 
      [
        1633617930, 
        121525.1656936439
      ], 
      [
        1633617945, 
        94985.17793845516
      ], 
      [
        1633617960, 
        73729.84827860731
      ], 
      [
        1633617975, 
        57649.74500549736
      ], 
      [
        1633617990, 
        44748.057009283424
      ], 
      [
        1633618005, 
        34988.36016085734
      ], 
      [
        1633618020, 
        27160.45615381454
      ], 
      [
        1633618035, 
        21248.922864004773
      ], 
      [
        1633618050, 
        16491.38287456234
      ], 
      [
        1633618065, 
        12914.543189879962
      ], 
      [
        1633618080, 
        10029.023266722708
      ], 
      [
        1633618095, 
        7858.606540248144
      ], 
      [
        1633618110, 
        6119.320893265659
      ], 
      [
        1633618125, 
        4867.13673975202
      ]
    ], 
    "name": "geth.eth/db/chaindata/disk/write.meter", 
    "columns": [
      "time", 
      "mean"
    ]
  }, 
  "disk_read": {
    "values": [
      [
        1633617840, 
        16351023.019499343
      ], 
      [
        1633617855, 
        16075338.98870721
      ], 
      [
        1633617870, 
        15404728.069802532
      ], 
      [
        1633617885, 
        15937741.90611491
      ], 
      [
        1633617900, 
        15612264.387553269
      ], 
      [
        1633617915, 
        22078670.002791524
      ], 
      [
        1633617930, 
        32217481.14149216
      ], 
      [
        1633617945, 
        37843234.57059553
      ], 
      [
        1633617960, 
        36698345.400763445
      ], 
      [
        1633617975, 
        34378272.50187876
      ], 
      [
        1633617990, 
        31857720.65797167
      ], 
      [
        1633618005, 
        29819310.10194952
      ], 
      [
        1633618020, 
        26869211.81397572
      ], 
      [
        1633618035, 
        25242402.25484839
      ], 
      [
        1633618050, 
        23191611.61513481
      ], 
      [
        1633618065, 
        22844362.438165635
      ], 
      [
        1633618080, 
        21660390.681254312
      ], 
      [
        1633618095, 
        21622621.381591983
      ], 
      [
        1633618110, 
        20451981.39217373
      ], 
      [
        1633618125, 
        20006061.310651228
      ]
    ], 
    "name": "geth.eth/db/chaindata/disk/read.meter", 
    "columns": [
      "time", 
      "mean"
    ]
  },