{
  "known_broadcasts": {
    "values": [
      [
        1633627155, 
        0.6572288884790031
      ], 
      [
        1633627170, 
        0.5563322431676476
      ], 
      [
        1633627185, 
        0.615944177614921
      ], 
      [
        1633627200, 
        0.5728531345312275
      ], 
      [
        1633627215, 
        0.5858814935665131
      ], 
      [
        1633627230, 
        0.5762412554966253
      ], 
      [
        1633627245, 
        0.6332718117989339
      ], 
      [
        1633627260, 
        0.6976019312503579
      ], 
      [
        1633627275, 
        0.9181559244339905
      ], 
      [
        1633627290, 
        0.9885641738685783
      ], 
      [
        1633627305, 
        0.7725693450748434
      ], 
      [
        1633627320, 
        0.7435145342120014
      ], 
      [
        1633627335, 
        0.6875441827700461
      ], 
      [
        1633627350, 
        0.6690138280809084
      ], 
      [
        1633627365, 
        0.6796103145320287
      ], 
      [
        1633627380, 
        0.6448524684680474
      ], 
      [
        1633627395, 
        0.628774434423149
      ], 
      [
        1633627410, 
        0.5984283367727776
      ], 
      [
        1633627425, 
        0.557868741959608
      ], 
      [
        1633627440, 
        0.7395343885186554
      ], 
      [
        1633627455, 
        0.7846349364241568
      ]
    ], 
    "name": "geth.eth/fetcher/block/broadcasts/drop.meter", 
    "columns": [
      "time", 
      "mean"
    ]
  }, 
  "memory_used": {
    "values": [
      [
        1633627155, 
        1881619584
      ], 
      [
        1633627170, 
        1483846328
      ], 
      [
        1633627185, 
        1657360728
      ], 
      [
        1633627200, 
        1861380904
      ], 
      [
        1633627215, 
        1509646216
      ], 
      [
        1633627230, 
        1735063192
      ], 
      [
        1633627245, 
        1913668816
      ], 
      [
        1633627260, 
        1598946240
      ], 
      [
        1633627275, 
        1779079376
      ], 
      [
        1633627290, 
        1476442664
      ], 
      [
        1633627305, 
        1647514620
      ], 
      [
        1633627320, 
        1870922608
      ], 
      [
        1633627335, 
        1521604076
      ], 
      [
        1633627350, 
        1782666320
      ], 
      [
        1633627365, 
        1646917480
      ], 
      [
        1633627380, 
        1956178768
      ], 
      [
        1633627395, 
        1590374268
      ], 
      [
        1633627410, 
        1819440576
      ], 
      [
        1633627425, 
        1743451544
      ], 
      [
        1633627440, 
        1709044920
      ], 
      [
        1633627455, 
        1830335392
      ]
    ], 
    "name": "geth.system/memory/used.gauge", 
    "columns": [
      "time", 
      "mean"
    ]
  }, 
  "stat": {
    "known_broadcasts": {
      "max": 0.9181559244339905, 
      "mean": 0.6813533593068579, 
      "variance": 0.0122908634617194, 
      "pvalue": 3.2606984221898037e-13, 
      "min": 0.557868741959608
    }, 
    "memory_used": {
      "max": 1913668816.0, 
      "mean": 1715024029.5238094, 
      "variance": 2.07955185953229e+16, 
      "pvalue": 0.0003862101519136574, 
      "min": 1483846328.0
    }, 
    "disk_write": {
      "max": 17210.124338048103, 
      "mean": 12558.334359958002, 
      "variance": 13396996.153274175, 
      "pvalue": 0.0012036166194772711, 
      "min": 6266.945093787685
    }, 
    "disk_read": {
      "max": 19645750.74931607, 
      "mean": 18928714.166085046, 
      "variance": 186567267301.18027, 
      "pvalue": 0.16360432507201067, 
      "min": 18400142.295537814
    }, 
    "traffic_egress": {
      "max": 118378.8085091703, 
      "mean": 31483.28276230264, 
      "variance": 1680576376.0851164, 
      "pvalue": 1.216938460040385e-08, 
      "min": 3401.5001646348273
    }, 
    "peer_stats": {
      "max": 40.0, 
      "mean": 38.166666666666664, 
      "variance": 1.6031746031746041, 
      "pvalue": 1.3055706456907391e-16, 
      "min": 36.5
    }, 
    "traffic_ingress": {
      "max": 131384.88384966893, 
      "mean": 112234.35946701108, 
      "variance": 82329866.1784913, 
      "pvalue": 3.672404093698799e-15, 
      "min": 100006.6774161576
    }, 
    "known_announcements": {
      "max": 1.1655991622187236, 
      "mean": 0.8713505571135546, 
      "variance": 0.021526799284097817, 
      "pvalue": 6.091857396118589e-15, 
      "min": 0.7080399853941749
    }
  }, 
  "disk_write": {
    "values": [
      [
        1633627155, 
        6266.945093787685
      ], 
      [
        1633627170, 
        6136.20068723432
      ], 
      [
        1633627185, 
        6613.626726196476
      ], 
      [
        1633627200, 
        7535.04406344106
      ], 
      [
        1633627215, 
        8284.689850544099
      ], 
      [
        1633627230, 
        11037.450277730799
      ], 
      [
        1633627245, 
        13157.954512965676
      ], 
      [
        1633627260, 
        12803.078949186574
      ], 
      [
        1633627275, 
        13519.193319352213
      ], 
      [
        1633627290, 
        16339.776890014895
      ], 
      [
        1633627305, 
        16027.248266801646
      ], 
      [
        1633627320, 
        17914.755110870843
      ], 
      [
        1633627335, 
        17210.124338048103
      ], 
      [
        1633627350, 
        16079.957082309333
      ], 
      [
        1633627365, 
        15181.070493016303
      ], 
      [
        1633627380, 
        14445.373879613417
      ], 
      [
        1633627395, 
        13008.044310891699
      ], 
      [
        1633627410, 
        12283.60824811526
      ], 
      [
        1633627425, 
        11892.310859551606
      ], 
      [
        1633627440, 
        11379.99990261016
      ], 
      [
        1633627455, 
        16608.568696835868
      ]
    ], 
    "name": "geth.eth/db/chaindata/disk/write.meter", 
    "columns": [
      "time", 
      "mean"
    ]
  }, 
  "disk_read": {
    "values": [
      [
        1633627155, 
        18910559.012653988
      ], 
      [
        1633627170, 
        18400142.295537814
      ], 
      [
        1633627185, 
        18391056.91627089
      ], 
      [
        1633627200, 
        18407388.76232508
      ], 
      [
        1633627215, 
        18503851.545714885
      ], 
      [
        1633627230, 
        18741120.36902707
      ], 
      [
        1633627245, 
        18814565.716581665
      ], 
      [
        1633627260, 
        18798347.88634644
      ], 
      [
        1633627275, 
        18746400.43300204
      ], 
      [
        1633627290, 
        18597773.146863937
      ], 
      [
        1633627305, 
        18586859.775391452
      ], 
      [
        1633627320, 
        18715332.974565603
      ], 
      [
        1633627335, 
        18596957.096906424
      ], 
      [
        1633627350, 
        18773602.864234094
      ], 
      [
        1633627365, 
        19330330.39552831
      ], 
      [
        1633627380, 
        19515794.426412713
      ], 
      [
        1633627395, 
        19444732.991883267
      ], 
      [
        1633627410, 
        19453787.177476674
      ], 
      [
        1633627425, 
        19645750.74931607
      ], 
      [
        1633627440, 
        19669832.61415275
      ], 
      [
        1633627455, 
        19458810.33759485
      ]
    ], 
    "name": "geth.eth/db/chaindata/disk/read.meter", 
    "columns": [
      "time", 
      "mean"
    ]
  },