{
  "known_broadcasts": {
    "values": [
      [
        1633483740, 
        0.5946169816207578
      ], 
      [
        1633483755, 
        0.5033324082515896
      ], 
      [
        1633483770, 
        0.4154263645560755
      ], 
      [
        1633483785, 
        0.40277695204751546
      ], 
      [
        1633483800, 
        0.32953646593643243
      ], 
      [
        1633483815, 
        0.28773694066536315
      ], 
      [
        1633483830, 
        0.2520347269695701
      ], 
      [
        1633483845, 
        0.2435786158629878
      ], 
      [
        1633483860, 
        0.27339956236427054
      ], 
      [
        1633483875, 
        0.2636040838569537
      ], 
      [
        1633483890, 
        0.28350896629541833
      ], 
      [
        1633483905, 
        0.27872989916483354
      ], 
      [
        1633483920, 
        0.29932853022595163
      ], 
      [
        1633483935, 
        0.33913369722082803
      ], 
      [
        1633483950, 
        0.26503519476069615
      ], 
      [
        1633483965, 
        0.25366833632853936
      ], 
      [
        1633483980, 
        0.3127602556776313
      ], 
      [
        1633483995, 
        0.33617952434264076
      ], 
      [
        1633484010, 
        0.34422578674368
      ], 
      [
        1633484025, 
        0.31512850448919966
      ], 
      [
        1633484040, 
        0.28274163711635275
      ]
    ], 
    "name": "geth.eth/fetcher/block/broadcasts/drop.meter", 
    "columns": [
      "time", 
      "mean"
    ]
  }, 
  "memory_used": {
    "values": [
      [
        1633483740, 
        1755084304
      ], 
      [
        1633483755, 
        1868453032
      ], 
      [
        1633483770, 
        1732424320
      ], 
      [
        1633483785, 
        1708187712
      ], 
      [
        1633483800, 
        1571411500
      ], 
      [
        1633483815, 
        1975871048
      ], 
      [
        1633483830, 
        1652464284
      ], 
      [
        1633483845, 
        1863013440
      ], 
      [
        1633483860, 
        1581031188
      ], 
      [
        1633483875, 
        1711295672
      ], 
      [
        1633483890, 
        1761586960
      ], 
      [
        1633483905, 
        1799592472
      ], 
      [
        1633483920, 
        1547146496
      ], 
      [
        1633483935, 
        1795749824
      ], 
      [
        1633483950, 
        1544376304
      ], 
      [
        1633483965, 
        1829390800
      ], 
      [
        1633483980, 
        1541370340
      ], 
      [
        1633483995, 
        1750829976
      ], 
      [
        1633484010, 
        1730112376
      ], 
      [
        1633484025, 
        1707716360
      ], 
      [
        1633484040, 
        1854654968
      ]
    ], 
    "name": "geth.system/memory/used.gauge", 
    "columns": [
      "time", 
      "mean"
    ]
  }, 
  "stat": {
    "known_broadcasts": {
      "max": 0.5033324082515896, 
      "mean": 0.32745159211891844, 
      "variance": 0.007348719960999809, 
      "pvalue": 1.8524590961204882e-13, 
      "min": 0.2520347269695701
    }, 
    "memory_used": {
      "max": 1868453032.0, 
      "mean": 1727703017.9047618, 
      "variance": 1.3904884513383024e+16, 
      "pvalue": 1.9549234621887902e-05, 
      "min": 1544376304.0
    }, 
    "disk_write": {
      "max": 95583.06833462544, 
      "mean": 35006.72350795648, 
      "variance": 859222508.8930079, 
      "pvalue": 8.606410041870292e-05, 
      "min": 11969.469746749463
    }, 
    "disk_read": {
      "max": 41647723.17979485, 
      "mean": 29742696.4365328, 
      "variance": 72964502802614.2, 
      "pvalue": 2.4254010165013743e-07, 
      "min": 16324307.472241562
    }, 
    "traffic_egress": {
      "max": 116637.7846545752, 
      "mean": 35013.22860740689, 
      "variance": 1353343531.180141, 
      "pvalue": 2.576974040718735e-15, 
      "min": 7083.494641173212
    }, 
    "peer_stats": {
      "max": 22.0, 
      "mean": 17.666666666666668, 
      "variance": 17.1984126984127, 
      "pvalue": 1.6526653304976648e-19, 
      "min": 13.5
    }, 
    "traffic_ingress": {
      "max": 206509.11098850702, 
      "mean": 121606.82542488749, 
      "variance": 1619933600.626927, 
      "pvalue": 2.5463522613848175e-09, 
      "min": 83324.22043438366
    }, 
    "known_announcements": {
      "max": 1.0216579443639207, 
      "mean": 0.4578593313877389, 
      "variance": 0.06818426612096377, 
      "pvalue": 9.168204377102901e-16, 
      "min": 0.23952098193421456
    }
  }, 
  "disk_write": {
    "values": [
      [
        1633483740, 
        17820.006636255035
      ], 
      [
        1633483755, 
        18101.8004630129
      ], 
      [
        1633483770, 
        18066.714957489887
      ], 
      [
        1633483785, 
        26069.510048801658
      ], 
      [
        1633483800, 
        123157.48543320718
      ], 
      [
        1633483815, 
        95583.06833462544
      ], 
      [
        1633483830, 
        74710.54275591654
      ], 
      [
        1633483845, 
        58654.856758990725
      ], 
      [
        1633483860, 
        48602.097413140305
      ], 
      [
        1633483875, 
        41672.04791322951
      ], 
      [
        1633483890, 
        35205.077565359075
      ], 
      [
        1633483905, 
        29359.956643251455
      ], 
      [
        1633483920, 
        24804.322661542858
      ], 
      [
        1633483935, 
        20804.140647522825
      ], 
      [
        1633483950, 
        18780.026318526365
      ], 
      [
        1633483965, 
        17414.453201619097
      ], 
      [
        1633483980, 
        16230.592131408854
      ], 
      [
        1633483995, 
        14548.776741635367
      ], 
      [
        1633484010, 
        12379.310146810685
      ], 
      [
        1633484025, 
        11969.469746749463
      ], 
      [
        1633484040, 
        11206.937147990655
      ]
    ], 
    "name": "geth.eth/db/chaindata/disk/write.meter", 
    "columns": [
      "time", 
      "mean"
    ]
  }, 
  "disk_read": {
    "values": [
      [
        1633483740, 
        17793803.981005885
      ], 
      [
        1633483755, 
        17310026.622259237
      ], 
      [
        1633483770, 
        16324307.472241562
      ], 
      [
        1633483785, 
        15931113.738086523
      ], 
      [
        1633483800, 
        33967429.04817646
      ], 
      [
        1633483815, 
        37521438.58083573
      ], 
      [
        1633483830, 
        38952264.59544785
      ], 
      [
        1633483845, 
        41417264.66527196
      ], 
      [
        1633483860, 
        42626177.55809006
      ], 
      [
        1633483875, 
        41647723.17979485
      ], 
      [
        1633483890, 
        38231721.244535595
      ], 
      [
        1633483905, 
        35785466.93035265
      ], 
      [
        1633483920, 
        33266170.970479365
      ], 
      [
        1633483935, 
        31064750.21476066
      ], 
      [
        1633483950, 
        29740404.59711378
      ], 
      [
        1633483965, 
        29173267.80636831
      ], 
      [
        1633483980, 
        27202455.27218147
      ], 
      [
        1633483995, 
        25349664.16002394
      ], 
      [
        1633484010, 
        24441973.24449057
      ], 
      [
        1633484025, 
        23707597.97274276
      ], 
      [
        1633484040, 
        23141603.312929537
      ]
    ], 
    "name": "geth.eth/db/chaindata/disk/read.meter", 
    "columns": [
      "time", 
      "mean"
    ]
  },