{
  "known_broadcasts": {
    "values": [
      [
        1633483440, 
        0.7122650190661871
      ], 
      [
        1633483455, 
        0.6029193219183923
      ], 
      [
        1633483470, 
        0.531314110663264
      ], 
      [
        1633483485, 
        0.7303837341770247
      ], 
      [
        1633483500, 
        0.7110165314153286
      ], 
      [
        1633483515, 
        0.7671137013200688
      ], 
      [
        1633483530, 
        0.9490939290517845
      ], 
      [
        1633483545, 
        1.0705181644061381
      ], 
      [
        1633483560, 
        0.9677089252833326
      ], 
      [
        1633483575, 
        0.9627833746131166
      ], 
      [
        1633483590, 
        1.0523672341741572
      ], 
      [
        1633483605, 
        0.9018876423473784
      ], 
      [
        1633483620, 
        0.7479415924182148
      ], 
      [
        1633483635, 
        0.5804807729465274
      ], 
      [
        1633483650, 
        0.5782082117080953
      ], 
      [
        1633483665, 
        0.5581859723672186
      ], 
      [
        1633483680, 
        0.7123629231066648
      ], 
      [
        1633483695, 
        0.7514241462667198
      ], 
      [
        1633483710, 
        0.5872428678887969
      ], 
      [
        1633483725, 
        0.45576178315915605
      ], 
      [
        1633483740, 
        0.6314232605228018
      ]
    ], 
    "name": "geth.eth/fetcher/block/broadcasts/drop.meter", 
    "columns": [
      "time", 
      "mean"
    ]
  }, 
  "memory_used": {
    "values": [
      [
        1633483440, 
        1567178976
      ], 
      [
        1633483455, 
        1701574408
      ], 
      [
        1633483470, 
        1718290208
      ], 
      [
        1633483485, 
        1743337504
      ], 
      [
        1633483500, 
        1701247912
      ], 
      [
        1633483515, 
        1655413456
      ], 
      [
        1633483530, 
        1682979212
      ], 
      [
        1633483545, 
        1730514016
      ], 
      [
        1633483560, 
        1701572620
      ], 
      [
        1633483575, 
        1666114584
      ], 
      [
        1633483590, 
        1815766640
      ], 
      [
        1633483605, 
        1826292304
      ], 
      [
        1633483620, 
        1793602016
      ], 
      [
        1633483635, 
        1781106544
      ], 
      [
        1633483650, 
        1738042940
      ], 
      [
        1633483665, 
        1682179344
      ], 
      [
        1633483680, 
        1873528580
      ], 
      [
        1633483695, 
        1545508584
      ], 
      [
        1633483710, 
        1736500144
      ], 
      [
        1633483725, 
        1947345880
      ], 
      [
        1633483740, 
        1565713000
      ]
    ], 
    "name": "geth.system/memory/used.gauge", 
    "columns": [
      "time", 
      "mean"
    ]
  }, 
  "stat": {
    "known_broadcasts": {
      "max": 1.0523672341741572, 
      "mean": 0.7410668199438272, 
      "variance": 0.0306920395220456, 
      "pvalue": 0.4011829609994123, 
      "min": 0.531314110663264
    }, 
    "memory_used": {
      "max": 1873528580.0, 
      "mean": 1722562327.2380953, 
      "variance": 9262308919819172.0, 
      "pvalue": 2.5728920830236976e-06, 
      "min": 1565713000.0
    }, 
    "disk_write": {
      "max": 15842.67770870132, 
      "mean": 13006.813954289108, 
      "variance": 6713327.9118153695, 
      "pvalue": 0.005153128804239339, 
      "min": 9451.180603105893
    }, 
    "disk_read": {
      "max": 24309136.606729083, 
      "mean": 20305182.491709862, 
      "variance": 4380651299883.425, 
      "pvalue": 0.002483042880339398, 
      "min": 17724687.053501796
    }, 
    "traffic_egress": {
      "max": 266100.71210351127, 
      "mean": 118744.39325478308, 
      "variance": 4718262254.28536, 
      "pvalue": 3.3931853783171033e-18, 
      "min": 54804.02846119764
    }, 
    "peer_stats": {
      "max": 37.0, 
      "mean": 34.5, 
      "variance": 5.833333333333333, 
      "pvalue": 1.6526653304976648e-19, 
      "min": 31.0
    }, 
    "traffic_ingress": {
      "max": 201839.1342467517, 
      "mean": 141245.81030704628, 
      "variance": 888250549.3467594, 
      "pvalue": 3.0865727514776867e-09, 
      "min": 115751.19176260843
    }, 
    "known_announcements": {
      "max": 1.3940981926655611, 
      "mean": 0.9803489080852815, 
      "variance": 0.04524441459907701, 
      "pvalue": 1.7270412009267018e-11, 
      "min": 0.7246720347107591
    }
  }, 
  "disk_write": {
    "values": [
      [
        1633483440, 
        17081.93873449919
      ], 
      [
        1633483455, 
        15431.565371981418
      ], 
      [
        1633483470, 
        14754.027803964877
      ], 
      [
        1633483485, 
        14911.37668436699
      ], 
      [
        1633483500, 
        12113.174092537953
      ], 
      [
        1633483515, 
        10179.181393981995
      ], 
      [
        1633483530, 
        10346.930671389495
      ], 
      [
        1633483545, 
        10426.97605857542
      ], 
      [
        1633483560, 
        10042.58211764606
      ], 
      [
        1633483575, 
        9993.445566395865
      ], 
      [
        1633483590, 
        9451.180603105893
      ], 
      [
        1633483605, 
        9216.42242969403
      ], 
      [
        1633483620, 
        9737.592651524206
      ], 
      [
        1633483635, 
        15693.070839972868
      ], 
      [
        1633483650, 
        15362.323514863656
      ], 
      [
        1633483665, 
        15067.50297247041
      ], 
      [
        1633483680, 
        13792.087409304791
      ], 
      [
        1633483695, 
        13872.233843811207
      ], 
      [
        1633483710, 
        14779.452643987473
      ], 
      [
        1633483725, 
        15047.349927296096
      ], 
      [
        1633483740, 
        15842.67770870132
      ]
    ], 
    "name": "geth.eth/db/chaindata/disk/write.meter", 
    "columns": [
      "time", 
      "mean"
    ]
  }, 
  "disk_read": {
    "values": [
      [
        1633483440, 
        25197698.389932718
      ], 
      [
        1633483455, 
        24309136.606729083
      ], 
      [
        1633483470, 
        23474212.284597546
      ], 
      [
        1633483485, 
        23035550.470961202
      ], 
      [
        1633483500, 
        21707084.974456437
      ], 
      [
        1633483515, 
        20811789.063780263
      ], 
      [
        1633483530, 
        20433073.52265091
      ], 
      [
        1633483545, 
        20153171.740816776
      ], 
      [
        1633483560, 
        20004060.534209594
      ], 
      [
        1633483575, 
        19866247.74907097
      ], 
      [
        1633483590, 
        19953675.525880307
      ], 
      [
        1633483605, 
        19744853.079538733
      ], 
      [
        1633483620, 
        19508964.02861183
      ], 
      [
        1633483635, 
        19773757.073951267
      ], 
      [
        1633483650, 
        19434856.784342505
      ], 
      [
        1633483665, 
        19241073.535070192
      ], 
      [
        1633483680, 
        18594400.933407083
      ], 
      [
        1633483695, 
        18196994.16985981
      ], 
      [
        1633483710, 
        18013952.269912645
      ], 
      [
        1633483725, 
        17724687.053501796
      ], 
      [
        1633483740, 
        17229592.534625456
      ]
    ], 
    "name": "geth.eth/db/chaindata/disk/read.meter", 
    "columns": [
      "time", 
      "mean"
    ]
  },