{
  "known_broadcasts": {
    "values": [
      [
        1633484640, 
        0.8836388577561957
      ], 
      [
        1633484655, 
        1.0019330269846283
      ], 
      [
        1633484670, 
        0.826076597810004
      ], 
      [
        1633484685, 
        0.6546110190161399
      ], 
      [
        1633484700, 
        0.5387492103876966
      ], 
      [
        1633484715, 
        0.4181256414141429
      ], 
      [
        1633484730, 
        0.4297556796303028
      ], 
      [
        1633484745, 
        0.6307307495811972
      ], 
      [
        1633484760, 
        0.6827808943208973
      ], 
      [
        1633484775, 
        1.1040101177413497
      ], 
      [
        1633484790, 
        1.3369172154608386
      ], 
      [
        1633484805, 
        1.3901371752437337
      ], 
      [
        1633484820, 
        1.1419145643846957
      ], 
      [
        1633484835, 
        1.1612992524294952
      ], 
      [
        1633484850, 
        1.287928054124163
      ], 
      [
        1633484865, 
        1.1837328443220427
      ], 
      [
        1633484880, 
        1.021041635536166
      ], 
      [
        1633484895, 
        1.1580159976795505
      ], 
      [
        1633484910, 
        1.0325559166107938
      ], 
      [
        1633484925, 
        1.0610759087805612
      ], 
      [
        1633484940, 
        1.1009515709626307
      ]
    ], 
    "name": "geth.eth/fetcher/block/broadcasts/drop.meter", 
    "columns": [
      "time", 
      "mean"
    ]
  }, 
  "memory_used": {
    "values": [
      [
        1633484640, 
        1856344728
      ], 
      [
        1633484655, 
        1564076776
      ], 
      [
        1633484670, 
        1783406932
      ], 
      [
        1633484685, 
        1457195144
      ], 
      [
        1633484700, 
        1782794996
      ], 
      [
        1633484715, 
        1568668272
      ], 
      [
        1633484730, 
        1625635300
      ], 
      [
        1633484745, 
        1729452088
      ], 
      [
        1633484760, 
        1809373284
      ], 
      [
        1633484775, 
        1904599224
      ], 
      [
        1633484790, 
        1719497288
      ], 
      [
        1633484805, 
        1510574192
      ], 
      [
        1633484820, 
        1824172128
      ], 
      [
        1633484835, 
        1620291176
      ], 
      [
        1633484850, 
        1728558104
      ], 
      [
        1633484865, 
        1770815480
      ], 
      [
        1633484880, 
        1719260612
      ], 
      [
        1633484895, 
        1725818192
      ], 
      [
        1633484910, 
        1746535472
      ], 
      [
        1633484925, 
        1790813872
      ], 
      [
        1633484940, 
        1953280752
      ]
    ], 
    "name": "geth.system/memory/used.gauge", 
    "columns": [
      "time", 
      "mean"
    ]
  }, 
  "stat": {
    "known_broadcasts": {
      "max": 1.3369172154608386, 
      "mean": 0.9545705681036775, 
      "variance": 0.08157102197240558, 
      "pvalue": 3.8310271531698445e-06, 
      "min": 0.4297556796303028
    }, 
    "memory_used": {
      "max": 1904599224.0, 
      "mean": 1723388762.4761906, 
      "variance": 1.5292010012701514e+16, 
      "pvalue": 1.9866043701406737e-05, 
      "min": 1510574192.0
    }, 
    "disk_write": {
      "max": 100669.75879374941, 
      "mean": 27816.39084693252, 
      "variance": 1133339768.2753835, 
      "pvalue": 0.5547899695812442, 
      "min": 3325.3622043347486
    }, 
    "disk_read": {
      "max": 44307321.961886354, 
      "mean": 32081097.926887494, 
      "variance": 38957100284907.125, 
      "pvalue": 4.601340061639854e-15, 
      "min": 27144496.677245256
    }, 
    "traffic_egress": {
      "max": 105796.29614386623, 
      "mean": 39823.05882625709, 
      "variance": 1220953221.6201956, 
      "pvalue": 8.481094865130696e-11, 
      "min": 5063.921016069661
    }, 
    "peer_stats": {
      "max": 42.5, 
      "mean": 41.11904761904762, 
      "variance": 1.1882086167800454, 
      "pvalue": 1.6526653304976648e-19, 
      "min": 39.5
    }, 
    "traffic_ingress": {
      "max": 221652.13261980354, 
      "mean": 165524.4528198427, 
      "variance": 720301322.0940266, 
      "pvalue": 0.006677606613011907, 
      "min": 129086.76893079426
    }, 
    "known_announcements": {
      "max": 2.1987300774309886, 
      "mean": 1.4009920894647687, 
      "variance": 0.2242674406217141, 
      "pvalue": 0.0062620690466162945, 
      "min": 0.676555373929586
    }
  }, 
  "disk_write": {
    "values": [
      [
        1633484640, 
        118927.26781166879
      ], 
      [
        1633484655, 
        100669.75879374941
      ], 
      [
        1633484670, 
        78695.5748671258
      ], 
      [
        1633484685, 
        61075.98319094097
      ], 
      [
        1633484700, 
        47731.27894062277
      ], 
      [
        1633484715, 
        37044.45637739915
      ], 
      [
        1633484730, 
        28950.484104783667
      ], 
      [
        1633484745, 
        22480.61870878309
      ], 
      [
        1633484760, 
        17579.847531221167
      ], 
      [
        1633484775, 
        13705.826848494662
      ], 
      [
        1633484790, 
        10728.30057241394
      ], 
      [
        1633484805, 
        8357.265690807508
      ], 
      [
        1633484820, 
        6531.257607785779
      ], 
      [
        1633484835, 
        5068.937872839237
      ], 
      [
        1633484850, 
        4046.171619617225
      ], 
      [
        1633484865, 
        3601.091128859984
      ], 
      [
        1633484880, 
        3328.387550389516
      ], 
      [
        1633484895, 
        3325.3622043347486
      ], 
      [
        1633484910, 
        3213.188418400452
      ], 
      [
        1633484925, 
        4199.363703443229
      ], 
      [
        1633484940, 
        4883.7842419018125
      ]
    ], 
    "name": "geth.eth/db/chaindata/disk/write.meter", 
    "columns": [
      "time", 
      "mean"
    ]
  }, 
  "disk_read": {
    "values": [
      [
        1633484640, 
        47381839.59700538
      ], 
      [
        1633484655, 
        44307321.961886354
      ], 
      [
        1633484670, 
        42536322.582039595
      ], 
      [
        1633484685, 
        40586433.52502826
      ], 
      [
        1633484700, 
        37021182.32888198
      ], 
      [
        1633484715, 
        34526728.85713903
      ], 
      [
        1633484730, 
        31892039.301455017
      ], 
      [
        1633484745, 
        30359285.774030212
      ], 
      [
        1633484760, 
        29263744.874738
      ], 
      [
        1633484775, 
        28227003.46124214
      ], 
      [
        1633484790, 
        27331544.00448437
      ], 
      [
        1633484805, 
        27094009.66477607
      ], 
      [
        1633484820, 
        27369245.734959166
      ], 
      [
        1633484835, 
        28102029.56859884
      ], 
      [
        1633484850, 
        29868685.260926478
      ], 
      [
        1633484865, 
        29899039.97811208
      ], 
      [
        1633484880, 
        28082929.482661862
      ], 
      [
        1633484895, 
        27700106.24680452
      ], 
      [
        1633484910, 
        27262037.683556795
      ], 
      [
        1633484925, 
        27747029.899065986
      ], 
      [
        1633484940, 
        27144496.677245256
      ]
    ], 
    "name": "geth.eth/db/chaindata/disk/read.meter", 
    "columns": [
      "time", 
      "mean"
    ]
  },