{
  "known_broadcasts": {
    "values": [
      [
        1633484340, 
        0.9366281786463695
      ], 
      [
        1633484355, 
        0.9501926487302995
      ], 
      [
        1633484370, 
        0.8751871256244257
      ], 
      [
        1633484385, 
        0.7025585103587331
      ], 
      [
        1633484400, 
        0.6472427098466854
      ], 
      [
        1633484415, 
        0.5923530807256828
      ], 
      [
        1633484430, 
        0.8316967560815542
      ], 
      [
        1633484445, 
        1.2221788197696235
      ], 
      [
        1633484460, 
        1.2417032835237345
      ], 
      [
        1633484475, 
        1.170151561781255
      ], 
      [
        1633484490, 
        1.1767976435873737
      ], 
      [
        1633484505, 
        1.0609699405974828
      ], 
      [
        1633484520, 
        0.8291549236948799
      ], 
      [
        1633484535, 
        0.9256061772657468
      ], 
      [
        1633484550, 
        0.9362342309307238
      ], 
      [
        1633484565, 
        0.9898662236424443
      ], 
      [
        1633484580, 
        1.1369474614167063
      ], 
      [
        1633484595, 
        0.9161132541199325
      ], 
      [
        1633484610, 
        0.9828790947582884
      ], 
      [
        1633484625, 
        0.9457553584715591
      ], 
      [
        1633484640, 
        0.8005646271635464
      ]
    ], 
    "name": "geth.eth/fetcher/block/broadcasts/drop.meter", 
    "columns": [
      "time", 
      "mean"
    ]
  }, 
  "memory_used": {
    "values": [
      [
        1633484340, 
        1469331520
      ], 
      [
        1633484355, 
        1621830360
      ], 
      [
        1633484370, 
        1883958224
      ], 
      [
        1633484385, 
        1555077112
      ], 
      [
        1633484400, 
        1792852704
      ], 
      [
        1633484415, 
        1526558944
      ], 
      [
        1633484430, 
        1694365436
      ], 
      [
        1633484445, 
        1699307824
      ], 
      [
        1633484460, 
        1657769316
      ], 
      [
        1633484475, 
        1608984976
      ], 
      [
        1633484490, 
        1814907800
      ], 
      [
        1633484505, 
        1594298240
      ], 
      [
        1633484520, 
        1817267416
      ], 
      [
        1633484535, 
        1504708456
      ], 
      [
        1633484550, 
        1741296212
      ], 
      [
        1633484565, 
        1483755920
      ], 
      [
        1633484580, 
        1807156324
      ], 
      [
        1633484595, 
        1680556704
      ], 
      [
        1633484610, 
        1654489152
      ], 
      [
        1633484625, 
        1804247392
      ], 
      [
        1633484640, 
        1488903368
      ]
    ], 
    "name": "geth.system/memory/used.gauge", 
    "columns": [
      "time", 
      "mean"
    ]
  }, 
  "stat": {
    "known_broadcasts": {
      "max": 1.2221788197696235, 
      "mean": 0.946227695749383, 
      "variance": 0.030865171053972653, 
      "pvalue": 2.5878891294763007e-06, 
      "min": 0.6472427098466854
    }, 
    "memory_used": {
      "max": 1817267416.0, 
      "mean": 1661982066.6666667, 
      "variance": 1.5557473440189354e+16, 
      "pvalue": 6.454040891772812e-08, 
      "min": 1483755920.0
    }, 
    "disk_write": {
      "max": 140480.7209459325, 
      "mean": 43383.89297103027, 
      "variance": 1714620461.3174863, 
      "pvalue": 4.736281173520772e-08, 
      "min": 12716.686165419282
    }, 
    "disk_read": {
      "max": 37823187.3762239, 
      "mean": 22751301.7725545, 
      "variance": 53563551151971.41, 
      "pvalue": 6.933546384934871e-09, 
      "min": 19765792.801473133
    }, 
    "traffic_egress": {
      "max": 146822.80148268797, 
      "mean": 95202.4157939926, 
      "variance": 1573780158.3754694, 
      "pvalue": 1.3776481498973867e-17, 
      "min": 34530.66675306983
    }, 
    "peer_stats": {
      "max": 42.0, 
      "mean": 39.857142857142854, 
      "variance": 2.4557823129251712, 
      "pvalue": 1.6526653304976648e-19, 
      "min": 37.0
    }, 
    "traffic_ingress": {
      "max": 249273.64273424353, 
      "mean": 143726.02492544355, 
      "variance": 1371157538.9543338, 
      "pvalue": 1.30374060167842e-10, 
      "min": 117203.6847580274
    }, 
    "known_announcements": {
      "max": 1.8254818733197096, 
      "mean": 1.4490726867937729, 
      "variance": 0.05254924462431082, 
      "pvalue": 7.477508741576957e-05, 
      "min": 1.0700870419051793
    }
  }, 
  "disk_write": {
    "values": [
      [
        1633484340, 
        11066.188191311287
      ], 
      [
        1633484355, 
        12716.686165419282
      ], 
      [
        1633484370, 
        17400.938782541773
      ], 
      [
        1633484385, 
        26487.206732654868
      ], 
      [
        1633484400, 
        26601.37334912098
      ], 
      [
        1633484415, 
        24529.68583895288
      ], 
      [
        1633484430, 
        24437.448312156972
      ], 
      [
        1633484445, 
        24349.98866395584
      ], 
      [
        1633484460, 
        24676.49966308757
      ], 
      [
        1633484475, 
        24582.658078654094
      ], 
      [
        1633484490, 
        22739.07483675232
      ], 
      [
        1633484505, 
        22868.43979088873
      ], 
      [
        1633484520, 
        30276.552232559
      ], 
      [
        1633484535, 
        36156.72019228915
      ], 
      [
        1633484550, 
        38280.64445805758
      ], 
      [
        1633484565, 
        40857.425525431034
      ], 
      [
        1633484580, 
        40611.67060864399
      ], 
      [
        1633484595, 
        38999.91553884928
      ], 
      [
        1633484610, 
        116983.55198802598
      ], 
      [
        1633484625, 
        165958.3624963504
      ], 
      [
        1633484640, 
        140480.7209459325
      ]
    ], 
    "name": "geth.eth/db/chaindata/disk/write.meter", 
    "columns": [
      "time", 
      "mean"
    ]
  }, 
  "disk_read": {
    "values": [
      [
        1633484340, 
        21127009.155511394
      ], 
      [
        1633484355, 
        20890848.764097195
      ], 
      [
        1633484370, 
        21348319.410599373
      ], 
      [
        1633484385, 
        20966976.574996497
      ], 
      [
        1633484400, 
        20933107.1403147
      ], 
      [
        1633484415, 
        20544723.34078822
      ], 
      [
        1633484430, 
        20685451.343694046
      ], 
      [
        1633484445, 
        20665629.364986002
      ], 
      [
        1633484460, 
        20444583.382723857
      ], 
      [
        1633484475, 
        20142548.202975795
      ], 
      [
        1633484490, 
        19765792.801473133
      ], 
      [
        1633484505, 
        19708251.339780424
      ], 
      [
        1633484520, 
        19874212.79971751
      ], 
      [
        1633484535, 
        19964604.684466798
      ], 
      [
        1633484550, 
        20069812.528925247
      ], 
      [
        1633484565, 
        20112118.711367812
      ], 
      [
        1633484580, 
        20257053.24454296
      ], 
      [
        1633484595, 
        20875324.076818444
      ], 
      [
        1633484610, 
        20632515.83714789
      ], 
      [
        1633484625, 
        37823187.3762239
      ], 
      [
        1633484640, 
        50945267.1424933
      ]
    ], 
    "name": "geth.eth/db/chaindata/disk/read.meter", 
    "columns": [
      "time", 
      "mean"
    ]
  },