{
  "known_broadcasts": {
    "values": [
      [
        1633626855, 
        0.9093925724074102
      ], 
      [
        1633626870, 
        0.9616775981837614
      ], 
      [
        1633626885, 
        0.7515573109376588
      ], 
      [
        1633626900, 
        0.8020482705895784
      ], 
      [
        1633626915, 
        1.047848826322848
      ], 
      [
        1633626930, 
        0.9834197948817427
      ], 
      [
        1633626945, 
        0.886555971576362
      ], 
      [
        1633626960, 
        0.7150386514101933
      ], 
      [
        1633626975, 
        0.8311007405605908
      ], 
      [
        1633626990, 
        0.7863329126814167
      ], 
      [
        1633627005, 
        0.9295744755952929
      ], 
      [
        1633627020, 
        0.9463028493217611
      ], 
      [
        1633627035, 
        1.0842931137038478
      ], 
      [
        1633627050, 
        1.245930459663265
      ], 
      [
        1633627065, 
        1.272170256312072
      ], 
      [
        1633627080, 
        1.1342076445708524
      ], 
      [
        1633627095, 
        1.0251964038554537
      ], 
      [
        1633627110, 
        1.1602343484065178
      ], 
      [
        1633627125, 
        0.9412534067976037
      ], 
      [
        1633627140, 
        0.7372555874549102
      ], 
      [
        1633627155, 
        0.7590433811365388
      ]
    ], 
    "name": "geth.eth/fetcher/block/broadcasts/drop.meter", 
    "columns": [
      "time", 
      "mean"
    ]
  }, 
  "memory_used": {
    "values": [
      [
        1633626855, 
        1558601032
      ], 
      [
        1633626870, 
        1672785216
      ], 
      [
        1633626885, 
        1669225540
      ], 
      [
        1633626900, 
        1927858744
      ], 
      [
        1633626915, 
        1742744312
      ], 
      [
        1633626930, 
        1559959288
      ], 
      [
        1633626945, 
        1718625704
      ], 
      [
        1633626960, 
        1909984592
      ], 
      [
        1633626975, 
        1534091848
      ], 
      [
        1633626990, 
        1717901112
      ], 
      [
        1633627005, 
        1892829204
      ], 
      [
        1633627020, 
        1596730648
      ], 
      [
        1633627035, 
        1797726512
      ], 
      [
        1633627050, 
        1492422112
      ], 
      [
        1633627065, 
        1676547608
      ], 
      [
        1633627080, 
        1921230704
      ], 
      [
        1633627095, 
        1581360340
      ], 
      [
        1633627110, 
        1824404904
      ], 
      [
        1633627125, 
        1731361824
      ], 
      [
        1633627140, 
        1642067696
      ], 
      [
        1633627155, 
        1767426448
      ]
    ], 
    "name": "geth.system/memory/used.gauge", 
    "columns": [
      "time", 
      "mean"
    ]
  }, 
  "stat": {
    "known_broadcasts": {
      "max": 1.245930459663265, 
      "mean": 0.9481159322080801, 
      "variance": 0.026154656328261867, 
      "pvalue": 2.282952395540154e-15, 
      "min": 0.7372555874549102
    }, 
    "memory_used": {
      "max": 1921230704.0, 
      "mean": 1711232637.5238094, 
      "variance": 1.6814000068023912e+16, 
      "pvalue": 8.576170835991431e-05, 
      "min": 1534091848.0
    }, 
    "disk_write": {
      "max": 142611.26282922504, 
      "mean": 39244.98227569572, 
      "variance": 2285443858.3690443, 
      "pvalue": 0.0003346928188936652, 
      "min": 4525.534954767304
    }, 
    "disk_read": {
      "max": 39724767.4828836, 
      "mean": 26053839.268655993, 
      "variance": 59644653288576.46, 
      "pvalue": 0.005351887174845457, 
      "min": 18718487.073476292
    }, 
    "traffic_egress": {
      "max": 21132.259624613893, 
      "mean": 8633.11383964326, 
      "variance": 32753413.40114354, 
      "pvalue": 1.0080107887848392e-10, 
      "min": 3340.667964281507
    }, 
    "peer_stats": {
      "max": 41.0, 
      "mean": 39.5, 
      "variance": 0.6666666666666666, 
      "pvalue": 1.3055614373525824e-16, 
      "min": 38.0
    }, 
    "traffic_ingress": {
      "max": 179978.78908473693, 
      "mean": 147793.3963543858, 
      "variance": 274340635.60381454, 
      "pvalue": 9.571294818354008e-10, 
      "min": 118948.64985881594
    }, 
    "known_announcements": {
      "max": 1.6748740529517274, 
      "mean": 1.3681846327301135, 
      "variance": 0.03858086019214126, 
      "pvalue": 2.4379042925520407e-09, 
      "min": 1.101385807425963
    }
  }, 
  "disk_write": {
    "values": [
      [
        1633626855, 
        168475.30033522443
      ], 
      [
        1633626870, 
        142611.26282922504
      ], 
      [
        1633626885, 
        111462.72889071415
      ], 
      [
        1633626900, 
        86506.71613543935
      ], 
      [
        1633626915, 
        67651.43969512131
      ], 
      [
        1633626930, 
        52528.736384102674
      ], 
      [
        1633626945, 
        41057.4863614748
      ], 
      [
        1633626960, 
        31870.339425781935
      ], 
      [
        1633626975, 
        24924.949959609203
      ], 
      [
        1633626990, 
        19349.87412616419
      ], 
      [
        1633627005, 
        15156.852737035093
      ], 
      [
        1633627020, 
        11785.032198652589
      ], 
      [
        1633627035, 
        9239.502396448806
      ], 
      [
        1633627050, 
        7199.640596596246
      ], 
      [
        1633627065, 
        5812.8190703186
      ], 
      [
        1633627080, 
        4797.7376928039785
      ], 
      [
        1633627095, 
        4643.804730787628
      ], 
      [
        1633627110, 
        5183.27360428643
      ], 
      [
        1633627125, 
        4964.027218593161
      ], 
      [
        1633627140, 
        4525.534954767304
      ], 
      [
        1633627155, 
        4397.568446463001
      ]
    ], 
    "name": "geth.eth/db/chaindata/disk/write.meter", 
    "columns": [
      "time", 
      "mean"
    ]
  }, 
  "disk_read": {
    "values": [
      [
        1633626855, 
        24363701.24946722
      ], 
      [
        1633626870, 
        31856457.16954399
      ], 
      [
        1633626885, 
        38974433.70254643
      ], 
      [
        1633626900, 
        43457985.46227387
      ], 
      [
        1633626915, 
        39724767.4828836
      ], 
      [
        1633626930, 
        36588356.74813509
      ], 
      [
        1633626945, 
        32141804.30705759
      ], 
      [
        1633626960, 
        28609934.47067657
      ], 
      [
        1633626975, 
        25944950.600269556
      ], 
      [
        1633626990, 
        23928920.127102546
      ], 
      [
        1633627005, 
        22492748.777922906
      ], 
      [
        1633627020, 
        21733672.33501178
      ], 
      [
        1633627035, 
        21092009.833622992
      ], 
      [
        1633627050, 
        20392980.2169406
      ], 
      [
        1633627065, 
        19874214.030721746
      ], 
      [
        1633627080, 
        19848747.93075793
      ], 
      [
        1633627095, 
        19913834.280378193
      ], 
      [
        1633627110, 
        19782754.379828073
      ], 
      [
        1633627125, 
        19436052.296608917
      ], 
      [
        1633627140, 
        18718487.073476292
      ], 
      [
        1633627155, 
        18253812.166549914
      ]
    ], 
    "name": "geth.eth/db/chaindata/disk/read.meter", 
    "columns": [
      "time", 
      "mean"
    ]
  },