{
  "known_broadcasts": {
    "values": [
      [
        1633491300, 
        0.42583459159143056
      ], 
      [
        1633491315, 
        0.4084345508308103
      ], 
      [
        1633491330, 
        0.419633725739895
      ], 
      [
        1633491345, 
        0.39983284259042956
      ], 
      [
        1633491360, 
        0.4096376221307634
      ], 
      [
        1633491375, 
        0.33932782939170314
      ], 
      [
        1633491390, 
        0.39124057583526617
      ], 
      [
        1633491405, 
        0.38459239302273823
      ], 
      [
        1633491420, 
        0.3947269489065347
      ], 
      [
        1633491435, 
        0.3738642237385739
      ], 
      [
        1633491450, 
        0.3229320973917096
      ], 
      [
        1633491465, 
        0.28000316501720346
      ], 
      [
        1633491480, 
        0.27723553284789126
      ], 
      [
        1633491495, 
        0.2868661202773776
      ], 
      [
        1633491510, 
        0.28259897711462184
      ], 
      [
        1633491525, 
        0.2616036371634257
      ], 
      [
        1633491540, 
        0.24122629237502183
      ], 
      [
        1633491555, 
        0.25164375415144985
      ], 
      [
        1633491570, 
        0.22500810295857893
      ], 
      [
        1633491585, 
        0.20405485828575745
      ], 
      [
        1633491600, 
        0.17272870841403778
      ]
    ], 
    "name": "geth.eth/fetcher/block/broadcasts/drop.meter", 
    "columns": [
      "time", 
      "mean"
    ]
  }, 
  "memory_used": {
    "values": [
      [
        1633491300, 
        1719509040
      ], 
      [
        1633491315, 
        1763651648
      ], 
      [
        1633491330, 
        1547112908
      ], 
      [
        1633491345, 
        1809941328
      ], 
      [
        1633491360, 
        1591033528
      ], 
      [
        1633491375, 
        1852291088
      ], 
      [
        1633491390, 
        1532868404
      ], 
      [
        1633491405, 
        1735744192
      ], 
      [
        1633491420, 
        1695067500
      ], 
      [
        1633491435, 
        1663060680
      ], 
      [
        1633491450, 
        1619104616
      ], 
      [
        1633491465, 
        1577691976
      ], 
      [
        1633491480, 
        1793233876
      ], 
      [
        1633491495, 
        1494886896
      ], 
      [
        1633491510, 
        1704886728
      ], 
      [
        1633491525, 
        1900342944
      ], 
      [
        1633491540, 
        1601550332
      ], 
      [
        1633491555, 
        1834416304
      ], 
      [
        1633491570, 
        1618728844
      ], 
      [
        1633491585, 
        1822385840
      ], 
      [
        1633491600, 
        1443663536
      ]
    ], 
    "name": "geth.system/memory/used.gauge", 
    "columns": [
      "time", 
      "mean"
    ]
  }, 
  "stat": {
    "known_broadcasts": {
      "max": 0.419633725739895, 
      "mean": 0.32157269284643913, 
      "variance": 0.005989933385005457, 
      "pvalue": 2.5797627811184913e-16, 
      "min": 0.20405485828575745
    }, 
    "memory_used": {
      "max": 1852291088.0, 
      "mean": 1681960581.3333333, 
      "variance": 1.5533608473917278e+16, 
      "pvalue": 2.357736285713152e-06, 
      "min": 1494886896.0
    }, 
    "disk_write": {
      "max": 105205.2325492588, 
      "mean": 29803.47381797836, 
      "variance": 1204468352.5820422, 
      "pvalue": 0.314314555482866, 
      "min": 5161.560228674665
    }, 
    "disk_read": {
      "max": 37842452.41098001, 
      "mean": 25768044.06605857, 
      "variance": 42163787150192.81, 
      "pvalue": 3.1530902640412147e-09, 
      "min": 20098213.994863465
    }, 
    "traffic_egress": {
      "max": 4155.748503816121, 
      "mean": 3157.045993491235, 
      "variance": 317496.9421511975, 
      "pvalue": 0.0016199060404065947, 
      "min": 2492.341021621617
    }, 
    "peer_stats": {
      "max": 22.0, 
      "mean": 19.785714285714285, 
      "variance": 2.4659863945578233, 
      "pvalue": 1.6526653304976648e-19, 
      "min": 18.0
    }, 
    "traffic_ingress": {
      "max": 210681.8965909931, 
      "mean": 125498.88382594414, 
      "variance": 1898678462.6021512, 
      "pvalue": 1.008160277928992e-08, 
      "min": 86504.87891517453
    }, 
    "known_announcements": {
      "max": 1.0503301814706791, 
      "mean": 0.8751009421202344, 
      "variance": 0.013385191881590134, 
      "pvalue": 1.1805149629761795e-15, 
      "min": 0.7643598843897834
    }
  }, 
  "disk_write": {
    "values": [
      [
        1633491300, 
        124285.29696001866
      ], 
      [
        1633491315, 
        105205.2325492588
      ], 
      [
        1633491330, 
        82242.07903534666
      ], 
      [
        1633491345, 
        63852.84522173791
      ], 
      [
        1633491360, 
        49913.36129734722
      ], 
      [
        1633491375, 
        38748.9334615366
      ], 
      [
        1633491390, 
        30449.726710970084
      ], 
      [
        1633491405, 
        23771.20944834092
      ], 
      [
        1633491420, 
        18655.19186503571
      ], 
      [
        1633491435, 
        14679.049959421785
      ], 
      [
        1633491450, 
        11681.816292523985
      ], 
      [
        1633491465, 
        9352.829031146674
      ], 
      [
        1633491480, 
        7756.31028438071
      ], 
      [
        1633491495, 
        6691.719228487176
      ], 
      [
        1633491510, 
        5866.054754032197
      ], 
      [
        1633491525, 
        5557.689519389741
      ], 
      [
        1633491540, 
        5975.667246582323
      ], 
      [
        1633491555, 
        5814.461307795263
      ], 
      [
        1633491570, 
        5161.560228674665
      ], 
      [
        1633491585, 
        4942.291501582353
      ], 
      [
        1633491600, 
        5269.624273936008
      ]
    ], 
    "name": "geth.eth/db/chaindata/disk/write.meter", 
    "columns": [
      "time", 
      "mean"
    ]
  }, 
  "disk_read": {
    "values": [
      [
        1633491300, 
        35806375.58102599
      ], 
      [
        1633491315, 
        42612375.752027385
      ], 
      [
        1633491330, 
        37842452.41098001
      ], 
      [
        1633491345, 
        33683016.624214344
      ], 
      [
        1633491360, 
        31091569.990638085
      ], 
      [
        1633491375, 
        29031555.558072742
      ], 
      [
        1633491390, 
        26621435.928781353
      ], 
      [
        1633491405, 
        25014056.00926005
      ], 
      [
        1633491420, 
        23721134.038689986
      ], 
      [
        1633491435, 
        22852387.233832076
      ], 
      [
        1633491450, 
        22177236.61286283
      ], 
      [
        1633491465, 
        21548701.03002025
      ], 
      [
        1633491480, 
        21266666.22449753
      ], 
      [
        1633491495, 
        20800578.836307876
      ], 
      [
        1633491510, 
        20607432.10951058
      ], 
      [
        1633491525, 
        20098213.994863465
      ], 
      [
        1633491540, 
        20018304.973362345
      ], 
      [
        1633491555, 
        20398539.466100875
      ], 
      [
        1633491570, 
        22292204.835701786
      ], 
      [
        1633491585, 
        21834516.60162789
      ], 
      [
        1633491600, 
        21810171.57485246
      ]
    ], 
    "name": "geth.eth/db/chaindata/disk/read.meter", 
    "columns": [
      "time", 
      "mean"
    ]
  },