{
  "known_broadcasts": {
    "values": [
      [
        1633645830, 
        0.7873952757059706
      ], 
      [
        1633645845, 
        0.625176412517253
      ], 
      [
        1633645860, 
        0.6057818763729557
      ], 
      [
        1633645875, 
        0.7065327742788756
      ], 
      [
        1633645890, 
        0.6992042335768356
      ], 
      [
        1633645905, 
        0.5727220723243789
      ], 
      [
        1633645920, 
        0.5518445409684466
      ], 
      [
        1633645935, 
        0.43561978538277546
      ], 
      [
        1633645950, 
        0.45146630430951395
      ], 
      [
        1633645965, 
        0.3503849925468013
      ], 
      [
        1633645980, 
        0.4859662108980046
      ], 
      [
        1633645995, 
        0.4953539422015869
      ], 
      [
        1633646010, 
        0.46019499199267705
      ], 
      [
        1633646025, 
        0.5824907686227627
      ], 
      [
        1633646040, 
        0.4773402538903885
      ], 
      [
        1633646055, 
        0.5109019613995455
      ], 
      [
        1633646070, 
        0.6609753593163558
      ], 
      [
        1633646085, 
        0.7342180186027611
      ], 
      [
        1633646100, 
        0.8219965489624093
      ], 
      [
        1633646115, 
        0.7017450388825553
      ]
    ], 
    "name": "geth.eth/fetcher/block/broadcasts/drop.meter", 
    "columns": [
      "time", 
      "mean"
    ]
  }, 
  "memory_used": {
    "values": [
      [
        1633645830, 
        1747827076
      ], 
      [
        1633645845, 
        1793560568
      ], 
      [
        1633645860, 
        1852465216
      ], 
      [
        1633645875, 
        1890743984
      ], 
      [
        1633645890, 
        2084901684
      ], 
      [
        1633645905, 
        1677492712
      ], 
      [
        1633645920, 
        1737949784
      ], 
      [
        1633645935, 
        1800787320
      ], 
      [
        1633645950, 
        1751398668
      ], 
      [
        1633645965, 
        1682671128
      ], 
      [
        1633645980, 
        1938875908
      ], 
      [
        1633645995, 
        1658642368
      ], 
      [
        1633646010, 
        1932287296
      ], 
      [
        1633646025, 
        1669971912
      ], 
      [
        1633646040, 
        1677036856
      ], 
      [
        1633646055, 
        1704784136
      ], 
      [
        1633646070, 
        1718205844
      ], 
      [
        1633646085, 
        1741331264
      ], 
      [
        1633646100, 
        1748512664
      ], 
      [
        1633646115, 
        1723035296
      ]
    ], 
    "name": "geth.system/memory/used.gauge", 
    "columns": [
      "time", 
      "mean"
    ]
  }, 
  "stat": {
    "known_broadcasts": {
      "max": 0.7891253393687925, 
      "mean": 0.5858655681376426, 
      "variance": 0.015779526023450625, 
      "pvalue": 8.56821148648494e-09, 
      "min": 0.43135804574097675
    }, 
    "memory_used": {
      "max": 1946177196.8000002, 
      "mean": 1776624084.2, 
      "variance": 1.177732154194445e+16, 
      "pvalue": 0.013709800290617772, 
      "min": 1669405434.8
    }, 
    "disk_write": {
      "max": 1710671.1784943757, 
      "mean": 550114.9814554723, 
      "variance": 375785280526.35974, 
      "pvalue": 3.681796291309076e-08, 
      "min": 2046.1108477866476
    }, 
    "disk_read": {
      "max": 31194439.903275944, 
      "mean": 27468119.936898362, 
      "variance": 7184133192693.625, 
      "pvalue": 1.9901482258778167e-05, 
      "min": 24341029.73730988
    }, 
    "traffic_egress": {
      "max": 14662.102170787573, 
      "mean": 6805.335169033974, 
      "variance": 14855780.059081027, 
      "pvalue": 3.6471126602814174e-10, 
      "min": 4156.292834816529
    }, 
    "peer_stats": {
      "max": 48.0, 
      "mean": 45.625, 
      "variance": 0.796875, 
      "pvalue": 6.386777280254787e-16, 
      "min": 45.0
    }, 
    "traffic_ingress": {
      "max": 194640.45387170042, 
      "mean": 164234.0363687151, 
      "variance": 390266537.21573627, 
      "pvalue": 5.69141459247544e-05, 
      "min": 143513.89237552191
    }, 
    "known_announcements": {
      "max": 2.1738572880999385, 
      "mean": 1.6255650548592115, 
      "variance": 0.11158101083088885, 
      "pvalue": 0.00011550964003148542, 
      "min": 1.18082758302496
    }
  }, 
  "disk_write": {
    "values": [
      [
        1633645830, 
        2220.1667129538105
      ], 
      [
        1633645845, 
        2039.406882145754
      ], 
      [
        1633645860, 
        2046.463688083537
      ], 
      [
        1633645875, 
        4756.606645485129
      ], 
      [
        1633645890, 
        1275860.4066778158
      ], 
      [
        1633645905, 
        2156546.1458371133
      ], 
      [
        1633645920, 
        1687204.0749500208
      ], 
      [
        1633645935, 
        1311169.749554737
      ], 
      [
        1633645950, 
        1026597.7289973015
      ], 
      [
        1633645965, 
        798187.8539113884
      ], 
      [
        1633645980, 
        627269.8612374966
      ], 
      [
        1633645995, 
        488285.2123119113
      ], 
      [
        1633646010, 
        384654.48356726347
      ], 
      [
        1633646025, 
        302152.9779711439
      ], 
      [
        1633646040, 
        244021.21843591466
      ], 
      [
        1633646055, 
        196717.73993183096
      ], 
      [
        1633646070, 
        158514.78971823712
      ], 
      [
        1633646085, 
        135976.4008391543
      ], 
      [
        1633646100, 
        109864.57233569298
      ], 
      [
        1633646115, 
        88213.76890375771
      ]
    ], 
    "name": "geth.eth/db/chaindata/disk/write.meter", 
    "columns": [
      "time", 
      "mean"
    ]
  }, 
  "disk_read": {
    "values": [
      [
        1633645830, 
        31168185.210398342
      ], 
      [
        1633645845, 
        31693279.067950357
      ], 
      [
        1633645860, 
        30716239.615533732
      ], 
      [
        1633645875, 
        30664521.516468845
      ], 
      [
        1633645890, 
        29731219.692833662
      ], 
      [
        1633645905, 
        30283799.53818036
      ], 
      [
        1633645920, 
        29875415.61584867
      ], 
      [
        1633645935, 
        29795595.567349233
      ], 
      [
        1633645950, 
        28531580.23636605
      ], 
      [
        1633645965, 
        26304047.750844754
      ], 
      [
        1633645980, 
        26088513.151369438
      ], 
      [
        1633645995, 
        24985478.239218537
      ], 
      [
        1633646010, 
        25704316.775389977
      ], 
      [
        1633646025, 
        25049696.186601084
      ], 
      [
        1633646040, 
        25721388.575752746
      ], 
      [
        1633646055, 
        25199397.789713807
      ], 
      [
        1633646070, 
        25660547.605730414
      ], 
      [
        1633646085, 
        24404986.599245243
      ], 
      [
        1633646100, 
        24658340.642634016
      ], 
      [
        1633646115, 
        23125849.36053797
      ]
    ], 
    "name": "geth.eth/db/chaindata/disk/read.meter", 
    "columns": [
      "time", 
      "mean"
    ]
  },