{
  "known_broadcasts": {
    "values": [
      [
        1633491000, 
        0.14212788714970412
      ], 
      [
        1633491015, 
        0.16572485203915907
      ], 
      [
        1633491030, 
        0.20332922870229442
      ], 
      [
        1633491045, 
        0.20194675288585526
      ], 
      [
        1633491060, 
        0.19475330588678896
      ], 
      [
        1633491075, 
        0.22052851380185687
      ], 
      [
        1633491090, 
        0.20187177631992412
      ], 
      [
        1633491105, 
        0.2647756592507919
      ], 
      [
        1633491120, 
        0.23826684802640835
      ], 
      [
        1633491135, 
        0.2136570148722789
      ], 
      [
        1633491150, 
        0.2913064317721061
      ], 
      [
        1633491165, 
        0.2474904699783917
      ], 
      [
        1633491180, 
        0.2081790680837075
      ], 
      [
        1633491195, 
        0.16156869410325278
      ], 
      [
        1633491210, 
        0.141618815014111
      ], 
      [
        1633491225, 
        0.12398644948671958
      ], 
      [
        1633491240, 
        0.16953404548393258
      ], 
      [
        1633491255, 
        0.2518335832335672
      ], 
      [
        1633491270, 
        0.3426182139893085
      ], 
      [
        1633491285, 
        0.40157880285296327
      ], 
      [
        1633491300, 
        0.3987792695094515
      ]
    ], 
    "name": "geth.eth/fetcher/block/broadcasts/drop.meter", 
    "columns": [
      "time", 
      "mean"
    ]
  }, 
  "memory_used": {
    "values": [
      [
        1633491000, 
        1891426936
      ], 
      [
        1633491015, 
        1502937184
      ], 
      [
        1633491030, 
        1723555180
      ], 
      [
        1633491045, 
        1932492280
      ], 
      [
        1633491060, 
        1633657968
      ], 
      [
        1633491075, 
        1904842864
      ], 
      [
        1633491090, 
        1623652708
      ], 
      [
        1633491105, 
        1878403168
      ], 
      [
        1633491120, 
        1607670612
      ], 
      [
        1633491135, 
        1829236160
      ], 
      [
        1633491150, 
        1534300688
      ], 
      [
        1633491165, 
        1731821552
      ], 
      [
        1633491180, 
        1635806004
      ], 
      [
        1633491195, 
        1544067400
      ], 
      [
        1633491210, 
        1770536924
      ], 
      [
        1633491225, 
        1501853272
      ], 
      [
        1633491240, 
        1735907820
      ], 
      [
        1633491255, 
        1446107888
      ], 
      [
        1633491270, 
        1514869656
      ], 
      [
        1633491285, 
        1434208384
      ], 
      [
        1633491300, 
        1870938832
      ]
    ], 
    "name": "geth.system/memory/used.gauge", 
    "columns": [
      "time", 
      "mean"
    ]
  }, 
  "stat": {
    "known_broadcasts": {
      "max": 0.3987792695094515, 
      "mean": 0.2278797944020273, 
      "variance": 0.00571141227875563, 
      "pvalue": 4.1526923364457464e-17, 
      "min": 0.141618815014111
    }, 
    "memory_used": {
      "max": 1904842864.0, 
      "mean": 1678490165.7142856, 
      "variance": 2.5268854921049428e+16, 
      "pvalue": 2.821470877840233e-05, 
      "min": 1446107888.0
    }, 
    "disk_write": {
      "max": 146810.48447277327, 
      "mean": 41316.35338582221, 
      "variance": 1543442343.5811372, 
      "pvalue": 4.921182576957053e-09, 
      "min": 17831.30942133759
    }, 
    "disk_read": {
      "max": 29285568.686469212, 
      "mean": 19903345.217348654, 
      "variance": 15664497992195.783, 
      "pvalue": 0.003052859770051326, 
      "min": 17619698.805784404
    }, 
    "traffic_egress": {
      "max": 6410.830024663796, 
      "mean": 5643.151179928559, 
      "variance": 282911.8561860169, 
      "pvalue": 3.0221902264075533e-10, 
      "min": 5009.279770747493
    }, 
    "peer_stats": {
      "max": 21.0, 
      "mean": 18.571428571428573, 
      "variance": 2.5782312925170072, 
      "pvalue": 1.6526653304976648e-19, 
      "min": 16.0
    }, 
    "traffic_ingress": {
      "max": 249123.06106272314, 
      "mean": 105274.86544573103, 
      "variance": 3153892485.9465766, 
      "pvalue": 3.622312762016484e-13, 
      "min": 70475.26528715143
    }, 
    "known_announcements": {
      "max": 0.8780282079114252, 
      "mean": 0.535641427308988, 
      "variance": 0.02973078753133352, 
      "pvalue": 2.556402608062454e-18, 
      "min": 0.33190601439712536
    }
  }, 
  "disk_write": {
    "values": [
      [
        1633491000, 
        21945.45498330965
      ], 
      [
        1633491015, 
        22423.1505242613
      ], 
      [
        1633491030, 
        27070.088978404518
      ], 
      [
        1633491045, 
        29808.112774332756
      ], 
      [
        1633491060, 
        31029.02172630148
      ], 
      [
        1633491075, 
        32330.962178617065
      ], 
      [
        1633491090, 
        32983.08294438338
      ], 
      [
        1633491105, 
        33195.03448243976
      ], 
      [
        1633491120, 
        33860.10602111915
      ], 
      [
        1633491135, 
        40073.606449885934
      ], 
      [
        1633491150, 
        38356.8637790053
      ], 
      [
        1633491165, 
        35568.88443768366
      ], 
      [
        1633491180, 
        33430.69057989837
      ], 
      [
        1633491195, 
        31374.994505335588
      ], 
      [
        1633491210, 
        27271.78775232844
      ], 
      [
        1633491225, 
        22977.92235149208
      ], 
      [
        1633491240, 
        19327.809927868773
      ], 
      [
        1633491255, 
        17831.30942133759
      ], 
      [
        1633491270, 
        16551.98457532009
      ], 
      [
        1633491285, 
        173422.06823616818
      ], 
      [
        1633491300, 
        146810.48447277327
      ]
    ], 
    "name": "geth.eth/db/chaindata/disk/write.meter", 
    "columns": [
      "time", 
      "mean"
    ]
  }, 
  "disk_read": {
    "values": [
      [
        1633491000, 
        17745608.8253748
      ], 
      [
        1633491015, 
        17482910.959228903
      ], 
      [
        1633491030, 
        17707312.345796242
      ], 
      [
        1633491045, 
        17747867.930314723
      ], 
      [
        1633491060, 
        18100656.715292357
      ], 
      [
        1633491075, 
        18473038.643092558
      ], 
      [
        1633491090, 
        18916462.233696852
      ], 
      [
        1633491105, 
        19257313.60199704
      ], 
      [
        1633491120, 
        19454659.885685015
      ], 
      [
        1633491135, 
        19173509.892713103
      ], 
      [
        1633491150, 
        19177438.040470865
      ], 
      [
        1633491165, 
        18847747.662138157
      ], 
      [
        1633491180, 
        18136963.653447043
      ], 
      [
        1633491195, 
        17619698.805784404
      ], 
      [
        1633491210, 
        18473475.094109856
      ], 
      [
        1633491225, 
        19503904.691984728
      ], 
      [
        1633491240, 
        19780181.23058498
      ], 
      [
        1633491255, 
        19664077.363384657
      ], 
      [
        1633491270, 
        19342567.5426972
      ], 
      [
        1633491285, 
        29285568.686469212
      ], 
      [
        1633491300, 
        34079285.76005915
      ]
    ], 
    "name": "geth.eth/db/chaindata/disk/read.meter", 
    "columns": [
      "time", 
      "mean"
    ]
  },