{
  "known_broadcasts": {
    "values": [
      [
        1633491900, 
        0.3861823100082672
      ], 
      [
        1633491915, 
        0.3710338817412654
      ], 
      [
        1633491930, 
        0.2899653968802779
      ], 
      [
        1633491945, 
        0.22504342506826902
      ], 
      [
        1633491960, 
        0.2422837833134559
      ], 
      [
        1633491975, 
        0.3016056788822207
      ], 
      [
        1633491990, 
        0.27645645250239836
      ], 
      [
        1633492005, 
        0.2945146590488729
      ], 
      [
        1633492020, 
        0.3242794979321648
      ], 
      [
        1633492035, 
        0.316687852176228
      ], 
      [
        1633492050, 
        0.3041362436763296
      ], 
      [
        1633492065, 
        0.294946998141883
      ], 
      [
        1633492080, 
        0.23050300143342917
      ], 
      [
        1633492095, 
        0.23902312828061803
      ], 
      [
        1633492110, 
        0.2606163962349861
      ], 
      [
        1633492125, 
        0.2022655360559662
      ], 
      [
        1633492140, 
        0.1740629518144706
      ], 
      [
        1633492155, 
        0.16446516369658015
      ], 
      [
        1633492170, 
        0.18881267259987197
      ], 
      [
        1633492185, 
        0.16119994918832398
      ], 
      [
        1633492200, 
        0.21640839641188855
      ]
    ], 
    "name": "geth.eth/fetcher/block/broadcasts/drop.meter", 
    "columns": [
      "time", 
      "mean"
    ]
  }, 
  "memory_used": {
    "values": [
      [
        1633491900, 
        1897362824
      ], 
      [
        1633491915, 
        1498170032
      ], 
      [
        1633491930, 
        1689392948
      ], 
      [
        1633491945, 
        1878305240
      ], 
      [
        1633491960, 
        1629553808
      ], 
      [
        1633491975, 
        1538951160
      ], 
      [
        1633491990, 
        1732562916
      ], 
      [
        1633492005, 
        1541821176
      ], 
      [
        1633492020, 
        1720783872
      ], 
      [
        1633492035, 
        1879652440
      ], 
      [
        1633492050, 
        1736782908
      ], 
      [
        1633492065, 
        1529211736
      ], 
      [
        1633492080, 
        1807960716
      ], 
      [
        1633492095, 
        1565626288
      ], 
      [
        1633492110, 
        1629066044
      ], 
      [
        1633492125, 
        1674295696
      ], 
      [
        1633492140, 
        1736338056
      ], 
      [
        1633492155, 
        1809602880
      ], 
      [
        1633492170, 
        1602486312
      ], 
      [
        1633492185, 
        1928309216
      ], 
      [
        1633492200, 
        1565983328
      ]
    ], 
    "name": "geth.system/memory/used.gauge", 
    "columns": [
      "time", 
      "mean"
    ]
  }, 
  "stat": {
    "known_broadcasts": {
      "max": 0.3710338817412654, 
      "mean": 0.26021397024227466, 
      "variance": 0.003917914738302807, 
      "pvalue": 1.476680561918346e-17, 
      "min": 0.16446516369658015
    }, 
    "memory_used": {
      "max": 1897362824.0, 
      "mean": 1694867599.8095238, 
      "variance": 1.7122869353760228e+16, 
      "pvalue": 3.3571453504055716e-06, 
      "min": 1529211736.0
    }, 
    "disk_write": {
      "max": 120224.6384878776, 
      "mean": 39494.51638825322, 
      "variance": 1483894203.7924252, 
      "pvalue": 0.00011594388821907025, 
      "min": 10360.539097005181
    }, 
    "disk_read": {
      "max": 35567163.118598424, 
      "mean": 28560145.620623477, 
      "variance": 40308066585985.59, 
      "pvalue": 4.012955776631494e-08, 
      "min": 18732329.84659122
    }, 
    "traffic_egress": {
      "max": 284928.57909269974, 
      "mean": 107152.35869578585, 
      "variance": 8114876630.028195, 
      "pvalue": 6.118203786569851e-16, 
      "min": 10798.69203546636
    }, 
    "peer_stats": {
      "max": 27.5, 
      "mean": 22.428571428571427, 
      "variance": 7.697278911564625, 
      "pvalue": 1.6526653304976648e-19, 
      "min": 20.0
    }, 
    "traffic_ingress": {
      "max": 152447.04414878302, 
      "mean": 120868.53877289293, 
      "variance": 263879380.28461492, 
      "pvalue": 1.4284269016389562e-13, 
      "min": 98656.58026107392
    }, 
    "known_announcements": {
      "max": 1.2835036274785645, 
      "mean": 0.8844387651116585, 
      "variance": 0.05136052969649979, 
      "pvalue": 1.3441472040878357e-13, 
      "min": 0.5856237763480421
    }
  }, 
  "disk_write": {
    "values": [
      [
        1633491900, 
        17030.562926717463
      ], 
      [
        1633491915, 
        18349.32918443008
      ], 
      [
        1633491930, 
        19639.866365415684
      ], 
      [
        1633491945, 
        21573.037003608217
      ], 
      [
        1633491960, 
        22112.160410546716
      ], 
      [
        1633491975, 
        22048.45128055535
      ], 
      [
        1633491990, 
        154907.8139179137
      ], 
      [
        1633492005, 
        120224.6384878776
      ], 
      [
        1633492020, 
        94009.66234037446
      ], 
      [
        1633492035, 
        72989.10595373406
      ], 
      [
        1633492050, 
        57064.98052507077
      ], 
      [
        1633492065, 
        44301.11232591159
      ], 
      [
        1633492080, 
        34715.173951081015
      ], 
      [
        1633492095, 
        27582.66713514316
      ], 
      [
        1633492110, 
        23568.308404092815
      ], 
      [
        1633492125, 
        18697.638895623568
      ], 
      [
        1633492140, 
        16130.162367161727
      ], 
      [
        1633492155, 
        13035.354632052218
      ], 
      [
        1633492170, 
        11013.234921405066
      ], 
      [
        1633492185, 
        10360.539097005181
      ], 
      [
        1633492200, 
        10031.044027597065
      ]
    ], 
    "name": "geth.eth/db/chaindata/disk/write.meter", 
    "columns": [
      "time", 
      "mean"
    ]
  }, 
  "disk_read": {
    "values": [
      [
        1633491900, 
        19566205.41876877
      ], 
      [
        1633491915, 
        19069163.884326264
      ], 
      [
        1633491930, 
        18851101.61975228
      ], 
      [
        1633491945, 
        18733489.239230476
      ], 
      [
        1633491960, 
        18732329.84659122
      ], 
      [
        1633491975, 
        18666705.800149094
      ], 
      [
        1633491990, 
        34009248.978329
      ], 
      [
        1633492005, 
        37315013.394927494
      ], 
      [
        1633492020, 
        35567163.118598424
      ], 
      [
        1633492035, 
        34486679.05655507
      ], 
      [
        1633492050, 
        33825708.25151284
      ], 
      [
        1633492065, 
        33078675.894660883
      ], 
      [
        1633492080, 
        32186101.05433116
      ], 
      [
        1633492095, 
        31289138.308419723
      ], 
      [
        1633492110, 
        30929918.38932245
      ], 
      [
        1633492125, 
        30956666.232972894
      ], 
      [
        1633492140, 
        30445002.684396952
      ], 
      [
        1633492155, 
        30244645.409035165
      ], 
      [
        1633492170, 
        30650555.002965406
      ], 
      [
        1633492185, 
        31139758.187619142
      ], 
      [
        1633492200, 
        30019788.260628365
      ]
    ], 
    "name": "geth.eth/db/chaindata/disk/read.meter", 
    "columns": [
      "time", 
      "mean"
    ]
  },