{
  "known_broadcasts": {
    "values": [
      [
        1633492200, 
        0.1831857526755472
      ], 
      [
        1633492215, 
        0.15506339190018265
      ], 
      [
        1633492230, 
        0.21211766691338693
      ], 
      [
        1633492245, 
        0.32647222887627425
      ], 
      [
        1633492260, 
        0.26249644369923836
      ], 
      [
        1633492275, 
        0.2904248962283803
      ], 
      [
        1633492290, 
        0.25531581825679867
      ], 
      [
        1633492305, 
        0.19815173407860387
      ], 
      [
        1633492320, 
        0.18683910583063762
      ], 
      [
        1633492335, 
        0.2050335104711424
      ], 
      [
        1633492350, 
        0.26416876861158156
      ], 
      [
        1633492365, 
        0.29649643679852844
      ], 
      [
        1633492380, 
        0.31111573221247546
      ], 
      [
        1633492395, 
        0.26227841712120703
      ], 
      [
        1633492410, 
        0.2430322164364565
      ], 
      [
        1633492425, 
        0.2823641133821313
      ], 
      [
        1633492440, 
        0.24337749146661958
      ], 
      [
        1633492455, 
        0.2097064693317251
      ], 
      [
        1633492470, 
        0.20066831746270583
      ], 
      [
        1633492485, 
        0.29500779957437384
      ], 
      [
        1633492500, 
        0.5215677013002014
      ]
    ], 
    "name": "geth.eth/fetcher/block/broadcasts/drop.meter", 
    "columns": [
      "time", 
      "mean"
    ]
  }, 
  "memory_used": {
    "values": [
      [
        1633492200, 
        1774926040
      ], 
      [
        1633492215, 
        1934202648
      ], 
      [
        1633492230, 
        1705984596
      ], 
      [
        1633492245, 
        1957958480
      ], 
      [
        1633492260, 
        1643764396
      ], 
      [
        1633492275, 
        1857990448
      ], 
      [
        1633492290, 
        1773469892
      ], 
      [
        1633492305, 
        1704975392
      ], 
      [
        1633492320, 
        1640292268
      ], 
      [
        1633492335, 
        1579608776
      ], 
      [
        1633492350, 
        1795983704
      ], 
      [
        1633492365, 
        1471746328
      ], 
      [
        1633492380, 
        1636989536
      ], 
      [
        1633492395, 
        1822868504
      ], 
      [
        1633492410, 
        1735443776
      ], 
      [
        1633492425, 
        1645518160
      ], 
      [
        1633492440, 
        1821955516
      ], 
      [
        1633492455, 
        1464215112
      ], 
      [
        1633492470, 
        1648543028
      ], 
      [
        1633492485, 
        1843370104
      ], 
      [
        1633492500, 
        1953289888
      ]
    ], 
    "name": "geth.system/memory/used.gauge", 
    "columns": [
      "time", 
      "mean"
    ]
  }, 
  "stat": {
    "known_broadcasts": {
      "max": 0.32647222887627425, 
      "mean": 0.2573754291727714, 
      "variance": 0.005588393716317087, 
      "pvalue": 6.761824194834947e-17, 
      "min": 0.1831857526755472
    }, 
    "memory_used": {
      "max": 1953289888.0, 
      "mean": 1733956980.5714285, 
      "variance": 1.8898286070324536e+16, 
      "pvalue": 0.00034861115742261414, 
      "min": 1471746328.0
    }, 
    "disk_write": {
      "max": 10003.92550474823, 
      "mean": 6675.314148597404, 
      "variance": 4673589.788547225, 
      "pvalue": 8.437244546642878e-06, 
      "min": 3959.162432943261
    }, 
    "disk_read": {
      "max": 29459548.298501823, 
      "mean": 21975702.299811002, 
      "variance": 17819936190717.94, 
      "pvalue": 0.01158907586146571, 
      "min": 17530790.23978851
    }, 
    "traffic_egress": {
      "max": 57221.0603953469, 
      "mean": 27709.153711206425, 
      "variance": 255103767.60968718, 
      "pvalue": 2.932549914813597e-15, 
      "min": 7462.073626612174
    }, 
    "peer_stats": {
      "max": 32.0, 
      "mean": 30.095238095238095, 
      "variance": 1.4433106575963728, 
      "pvalue": 1.6526653304976648e-19, 
      "min": 28.5
    }, 
    "traffic_ingress": {
      "max": 117103.9411592912, 
      "mean": 104891.39073716277, 
      "variance": 101528849.51602998, 
      "pvalue": 3.156225254200259e-17, 
      "min": 89981.4709393128
    }, 
    "known_announcements": {
      "max": 1.0458633816024052, 
      "mean": 0.7353357957961008, 
      "variance": 0.04045613394973903, 
      "pvalue": 1.8807883144567023e-15, 
      "min": 0.44998203277841053
    }
  }, 
  "disk_write": {
    "values": [
      [
        1633492200, 
        8899.640771233331
      ], 
      [
        1633492215, 
        7631.632694243912
      ], 
      [
        1633492230, 
        9728.179139799597
      ], 
      [
        1633492245, 
        11232.542298622915
      ], 
      [
        1633492260, 
        10003.92550474823
      ], 
      [
        1633492275, 
        8827.99463872837
      ], 
      [
        1633492290, 
        7784.302345477465
      ], 
      [
        1633492305, 
        7428.206691960581
      ], 
      [
        1633492320, 
        7027.411765178651
      ], 
      [
        1633492335, 
        6448.170575716889
      ], 
      [
        1633492350, 
        5978.838031758568
      ], 
      [
        1633492365, 
        5373.770097852821
      ], 
      [
        1633492380, 
        4317.216629668537
      ], 
      [
        1633492395, 
        4002.400136528206
      ], 
      [
        1633492410, 
        3959.162432943261
      ], 
      [
        1633492425, 
        3600.04555149888
      ], 
      [
        1633492440, 
        4161.444404830748
      ], 
      [
        1633492455, 
        4439.318794056946
      ], 
      [
        1633492470, 
        5517.99708043443
      ], 
      [
        1633492485, 
        7013.4412380316535
      ], 
      [
        1633492500, 
        6805.956297231446
      ]
    ], 
    "name": "geth.eth/db/chaindata/disk/write.meter", 
    "columns": [
      "time", 
      "mean"
    ]
  }, 
  "disk_read": {
    "values": [
      [
        1633492200, 
        30349866.699129835
      ], 
      [
        1633492215, 
        29459548.298501823
      ], 
      [
        1633492230, 
        28979020.060346395
      ], 
      [
        1633492245, 
        27643465.54307361
      ], 
      [
        1633492260, 
        26090518.9553288
      ], 
      [
        1633492275, 
        24631071.19867966
      ], 
      [
        1633492290, 
        23141029.256164264
      ], 
      [
        1633492305, 
        22647341.25563413
      ], 
      [
        1633492320, 
        22262703.637394086
      ], 
      [
        1633492335, 
        21585810.6272601
      ], 
      [
        1633492350, 
        21145794.05919812
      ], 
      [
        1633492365, 
        20335357.69483901
      ], 
      [
        1633492380, 
        19433274.37115299
      ], 
      [
        1633492395, 
        19081442.12438697
      ], 
      [
        1633492410, 
        18683394.667053927
      ], 
      [
        1633492425, 
        18156492.74924472
      ], 
      [
        1633492440, 
        17920688.983415388
      ], 
      [
        1633492455, 
        17596270.68738079
      ], 
      [
        1633492470, 
        17666079.206865877
      ], 
      [
        1633492485, 
        17530790.23978851
      ], 
      [
        1633492500, 
        17149787.981192026
      ]
    ], 
    "name": "geth.eth/db/chaindata/disk/read.meter", 
    "columns": [
      "time", 
      "mean"
    ]
  },