{
  "known_broadcasts": {
    "values": [
      [
        1633645530, 
        0.43909296594301545
      ], 
      [
        1633645545, 
        0.42407982465734817
      ], 
      [
        1633645560, 
        0.40051766462196536
      ], 
      [
        1633645575, 
        0.32555606623289857
      ], 
      [
        1633645590, 
        0.30719664959175647
      ], 
      [
        1633645605, 
        0.28680158485098906
      ], 
      [
        1633645620, 
        0.3352109384965357
      ], 
      [
        1633645635, 
        0.4232242484807291
      ], 
      [
        1633645650, 
        0.370730301335341
      ], 
      [
        1633645665, 
        0.353804500352093
      ], 
      [
        1633645680, 
        0.5685751088403306
      ], 
      [
        1633645695, 
        0.8662873292351496
      ], 
      [
        1633645710, 
        0.7927575427872877
      ], 
      [
        1633645725, 
        0.7112093323896415
      ], 
      [
        1633645740, 
        0.6559212523371718
      ], 
      [
        1633645755, 
        0.6315506061339797
      ], 
      [
        1633645770, 
        0.6902449134251262
      ], 
      [
        1633645785, 
        0.6655201511581216
      ], 
      [
        1633645800, 
        0.9084012079110702
      ], 
      [
        1633645815, 
        0.8556523381309202
      ]
    ], 
    "name": "geth.eth/fetcher/block/broadcasts/drop.meter", 
    "columns": [
      "time", 
      "mean"
    ]
  }, 
  "memory_used": {
    "values": [
      [
        1633645530, 
        1883394624
      ], 
      [
        1633645545, 
        1705881448
      ], 
      [
        1633645560, 
        1833578068
      ], 
      [
        1633645575, 
        1926429496
      ], 
      [
        1633645590, 
        1819249448
      ], 
      [
        1633645605, 
        1754183344
      ], 
      [
        1633645620, 
        1700212788
      ], 
      [
        1633645635, 
        1581708216
      ], 
      [
        1633645650, 
        1699364168
      ], 
      [
        1633645665, 
        1869577672
      ], 
      [
        1633645680, 
        1762579420
      ], 
      [
        1633645695, 
        1652603592
      ], 
      [
        1633645710, 
        1749042536
      ], 
      [
        1633645725, 
        1835482560
      ], 
      [
        1633645740, 
        1881726824
      ], 
      [
        1633645755, 
        1972260976
      ], 
      [
        1633645770, 
        1769617036
      ], 
      [
        1633645785, 
        1614401232
      ], 
      [
        1633645800, 
        1970196700
      ], 
      [
        1633645815, 
        1709234816
      ]
    ], 
    "name": "geth.system/memory/used.gauge", 
    "columns": [
      "time", 
      "mean"
    ]
  }, 
  "stat": {
    "known_broadcasts": {
      "max": 0.8683930231689456, 
      "mean": 0.5506167263455735, 
      "variance": 0.0409996409991997, 
      "pvalue": 8.075774950348597e-05, 
      "min": 0.3061768963547181
    }, 
    "memory_used": {
      "max": 1970299913.8, 
      "mean": 1784536248.2, 
      "variance": 1.195497470262947e+16, 
      "pvalue": 0.04487161895626501, 
      "min": 1612766581.2
    }, 
    "disk_write": {
      "max": 64592.28431071636, 
      "mean": 18649.017829994053, 
      "variance": 506482584.11560994, 
      "pvalue": 0.0623313513634115, 
      "min": 1931.9478737407699
    }, 
    "disk_read": {
      "max": 38882608.53738553, 
      "mean": 35008667.520227715, 
      "variance": 5886612526835.819, 
      "pvalue": 4.198377495515321e-08, 
      "min": 32355441.14245836
    }, 
    "traffic_egress": {
      "max": 191865.36097541385, 
      "mean": 61323.48569506376, 
      "variance": 5029412754.420529, 
      "pvalue": 3.437951884902306e-07, 
      "min": 2616.832669981501
    }, 
    "peer_stats": {
      "max": 46.05, 
      "mean": 44.975, 
      "variance": 0.5368749999999999, 
      "pvalue": 6.386857516415849e-16, 
      "min": 44.0
    }, 
    "traffic_ingress": {
      "max": 205541.84515021005, 
      "mean": 166522.28990893197, 
      "variance": 428344459.3657882, 
      "pvalue": 0.0002475288157449633, 
      "min": 133499.96165973943
    }, 
    "known_announcements": {
      "max": 2.5046289319499855, 
      "mean": 1.4369117059866752, 
      "variance": 0.34113648562891885, 
      "pvalue": 7.411128453121292e-06, 
      "min": 0.7657627656063869
    }
  }, 
  "disk_write": {
    "values": [
      [
        1633645530, 
        82035.72991039416
      ], 
      [
        1633645545, 
        63674.20822652277
      ], 
      [
        1633645560, 
        49772.90622811964
      ], 
      [
        1633645575, 
        38628.97233149017
      ], 
      [
        1633645590, 
        30195.32602168124
      ], 
      [
        1633645605, 
        23440.715138133062
      ], 
      [
        1633645620, 
        18331.13356502629
      ], 
      [
        1633645635, 
        14238.746732164596
      ], 
      [
        1633645650, 
        11127.673375524719
      ], 
      [
        1633645665, 
        8648.418430361628
      ], 
      [
        1633645680, 
        6788.8462415090435
      ], 
      [
        1633645695, 
        5300.97229799748
      ], 
      [
        1633645710, 
        4196.683808529893
      ], 
      [
        1633645725, 
        3387.3876590839395
      ], 
      [
        1633645740, 
        2719.0008737070852
      ], 
      [
        1633645755, 
        2208.82229545021
      ], 
      [
        1633645770, 
        1815.1801594611213
      ], 
      [
        1633645785, 
        1938.0935429133829
      ], 
      [
        1633645800, 
        2065.266324676351
      ], 
      [
        1633645815, 
        2466.2734371344727
      ]
    ], 
    "name": "geth.eth/db/chaindata/disk/write.meter", 
    "columns": [
      "time", 
      "mean"
    ]
  }, 
  "disk_read": {
    "values": [
      [
        1633645530, 
        42153970.054011285
      ], 
      [
        1633645545, 
        38710431.615457855
      ], 
      [
        1633645560, 
        35535630.57555611
      ], 
      [
        1633645575, 
        33641247.775132805
      ], 
      [
        1633645590, 
        32759864.167187013
      ], 
      [
        1633645605, 
        35832104.47240854
      ], 
      [
        1633645620, 
        37485675.498776704
      ], 
      [
        1633645635, 
        38027785.10488485
      ], 
      [
        1633645650, 
        35293026.8768919
      ], 
      [
        1633645665, 
        34783885.774571545
      ], 
      [
        1633645680, 
        34061502.74114955
      ], 
      [
        1633645695, 
        35659476.80773057
      ], 
      [
        1633645710, 
        34003343.24849347
      ], 
      [
        1633645725, 
        34135396.23728459
      ], 
      [
        1633645740, 
        33082782.535784554
      ], 
      [
        1633645755, 
        34144964.08398984
      ], 
      [
        1633645770, 
        33104658.98756545
      ], 
      [
        1633645785, 
        33347148.016369842
      ], 
      [
        1633645800, 
        32038324.330315843
      ], 
      [
        1633645815, 
        32372131.500992175
      ]
    ], 
    "name": "geth.eth/db/chaindata/disk/read.meter", 
    "columns": [
      "time", 
      "mean"
    ]
  },