{
  "stat": {
    "blockchaincache_size": {
      "max": 5729096.0, 
      "mean": 2770305.904761905, 
      "variance": 4070504507939.991, 
      "pvalue": 1.613778080890445e-05, 
      "min": 652880.0
    }, 
    "kvdb_bytes_read": {
      "max": 621562.3, 
      "mean": 240941.93809523806, 
      "variance": 34660062435.44712, 
      "pvalue": 0.017660711433814313, 
      "min": 84559.6
    }, 
    "sync_blocks_highest": {
      "max": 3.0, 
      "mean": 0.9285714285714286, 
      "variance": 1.387755102040816, 
      "pvalue": 0.9990803601079744, 
      "min": 0.0
    }, 
    "import_blocks": {
      "max": 6.0, 
      "mean": 2.0, 
      "variance": 4.785714285714286, 
      "pvalue": 0.4418224657305893, 
      "min": 0.0
    }, 
    "peer_stats": {
      "max": 35.0, 
      "mean": 31.61904761904762, 
      "variance": 5.759637188208615, 
      "pvalue": 2.647929864045954e-07, 
      "min": 28.0
    }, 
    "sync_blocks_recieved": {
      "max": 3.0, 
      "mean": 0.9285714285714286, 
      "variance": 1.387755102040816, 
      "pvalue": 0.9978740315635578, 
      "min": 0.0
    }, 
    "kvdb_bytes_write": {
      "max": 1502016.2, 
      "mean": 481540.30476190476, 
      "variance": 289262616924.9776, 
      "pvalue": 0.6701022578484795, 
      "min": 0.0
    }
  }, 
  "blockchaincache_size": {
    "metric": {
      "__name__": "blockchaincache_size", 
      "job": "openethereum", 
      "instance": "172.17.0.1:3033"
    }, 
    "values": [
      [
        1633495457, 
        "652336"
      ], 
      [
        1633495472, 
        "652880"
      ], 
      [
        1633495487, 
        "653168"
      ], 
      [
        1633495502, 
        "653168"
      ], 
      [
        1633495517, 
        "1227424"
      ], 
      [
        1633495532, 
        "1227712"
      ], 
      [
        1633495547, 
        "1227984"
      ], 
      [
        1633495562, 
        "1228120"
      ], 
      [
        1633495577, 
        "2537144"
      ], 
      [
        1633495592, 
        "2537144"
      ], 
      [
        1633495607, 
        "2537416"
      ], 
      [
        1633495622, 
        "2537688"
      ], 
      [
        1633495637, 
        "2538512"
      ], 
      [
        1633495652, 
        "3139632"
      ], 
      [
        1633495667, 
        "3267792"
      ], 
      [
        1633495682, 
        "3267928"
      ], 
      [
        1633495697, 
        "3268488"
      ], 
      [
        1633495712, 
        "5281040"
      ], 
      [
        1633495727, 
        "5282400"
      ], 
      [
        1633495742, 
        "5729096"
      ], 
      [
        1633495757, 
        "8729352"
      ]
    ]
  }, 
  "kvdb_bytes_read": {
    "metric": {
      "instance": "172.17.0.1:3033", 
      "job": "openethereum"
    }, 
    "values": [
      [
        1633495457, 
        "47048.8"
      ], 
      [
        1633495472, 
        "229065.8"
      ], 
      [
        1633495487, 
        "101756.8"
      ], 
      [
        1633495502, 
        "192819.8"
      ], 
      [
        1633495517, 
        "135437.1"
      ], 
      [
        1633495532, 
        "124827.7"
      ], 
      [
        1633495547, 
        "119306.7"
      ], 
      [
        1633495562, 
        "161331.7"
      ], 
      [
        1633495577, 
        "145750.3"
      ], 
      [
        1633495592, 
        "84559.6"
      ], 
      [
        1633495607, 
        "187132.7"
      ], 
      [
        1633495622, 
        "99417.8"
      ], 
      [
        1633495637, 
        "215671.2"
      ], 
      [
        1633495652, 
        "212115.7"
      ], 
      [
        1633495667, 
        "230696.5"
      ], 
      [
        1633495682, 
        "145842.4"
      ], 
      [
        1633495697, 
        "465308.9"
      ], 
      [
        1633495712, 
        "621562.3"
      ], 
      [
        1633495727, 
        "373899.4"
      ], 
      [
        1633495742, 
        "350116.5"
      ], 
      [
        1633495757, 
        "816113"
      ]
    ]
  }, 
  "sync_blocks_highest": {
    "metric": {
      "instance": "172.17.0.1:3033", 
      "job": "openethereum"
    }, 
    "values": [
      [
        1633495457, 
        "1.5"
      ], 
      [
        1633495472, 
        "0"
      ], 
      [
        1633495487, 
        "1.5"
      ], 
      [
        1633495502, 
        "1.5"
      ], 
      [
        1633495517, 
        "1.5"
      ], 
      [
        1633495532, 
        "0"
      ], 
      [
        1633495547, 
        "1.5"
      ], 
      [
        1633495562, 
        "1.5"
      ], 
      [
        1633495577, 
        "0"
      ], 
      [
        1633495592, 
        "0"
      ], 
      [
        1633495607, 
        "1.5"
      ], 
      [
        1633495622, 
        "0"
      ], 
      [
        1633495637, 
        "0"
      ], 
      [
        1633495652, 
        "1.5"
      ], 
      [
        1633495667, 
        "0"
      ], 
      [
        1633495682, 
        "0"
      ], 
      [
        1633495697, 
        "4.5"
      ], 
      [
        1633495712, 
        "0"
      ], 
      [
        1633495727, 
        "3"
      ], 
      [
        1633495742, 
        "0"
      ], 
      [
        1633495757, 
        "0"
      ]
    ]
  }, 
  "import_blocks": {
    "metric": {
      "instance": "172.17.0.1:3033", 
      "job": "openethereum"
    }, 
    "values": [
      [
        1633495457, 
        "0"
      ], 
      [
        1633495472, 
        "3"
      ], 
      [
        1633495487, 
        "0"
      ], 
      [
        1633495502, 
        "0"
      ], 
      [
        1633495517, 
        "1.5"
      ], 
      [
        1633495532, 
        "1.5"
      ], 
      [
        1633495547, 
        "0"
      ], 
      [
        1633495562, 
        "1.5"
      ], 
      [
        1633495577, 
        "1.5"
      ], 
      [
        1633495592, 
        "0"
      ], 
      [
        1633495607, 
        "1.5"
      ], 
      [
        1633495622, 
        "0"
      ], 
      [
        1633495637, 
        "0"
      ], 
      [
        1633495652, 
        "1.5"
      ], 
      [
        1633495667, 
        "1.5"
      ], 
      [
        1633495682, 
        "1.5"
      ], 
      [
        1633495697, 
        "3"
      ], 
      [
        1633495712, 
        "7.5"
      ], 
      [
        1633495727, 
        "6"
      ], 
      [
        1633495742, 
        "4.5"
      ], 
      [
        1633495757, 
        "6"
      ]
    ]
  }, 
  "peer_stats": {
    "metric": {
      "__name__": "net_peers", 
      "job": "openethereum", 
      "instance": "172.17.0.1:3033"
    }, 
    "values": [
      [
        1633495457, 
        "30"
      ], 
      [
        1633495472, 
        "30"
      ], 
      [
        1633495487, 
        "30"
      ], 
      [
        1633495502, 
        "28"
      ], 
      [
        1633495517, 
        "31"
      ], 
      [
        1633495532, 
        "28"
      ], 
      [
        1633495547, 
        "28"
      ], 
      [
        1633495562, 
        "29"
      ], 
      [
        1633495577, 
        "32"
      ], 
      [
        1633495592, 
        "33"
      ], 
      [
        1633495607, 
        "30"
      ], 
      [
        1633495622, 
        "31"
      ], 
      [
        1633495637, 
        "32"
      ], 
      [
        1633495652, 
        "31"
      ], 
      [
        1633495667, 
        "33"
      ], 
      [
        1633495682, 
        "34"
      ], 
      [
        1633495697, 
        "34"
      ], 
      [
        1633495712, 
        "35"
      ], 
      [
        1633495727, 
        "35"
      ], 
      [
        1633495742, 
        "36"
      ], 
      [
        1633495757, 
        "34"
      ]
    ]
  }, 
  "sync_blocks_recieved": {
    "metric": {
      "instance": "172.17.0.1:3033", 
      "job": "openethereum"
    },