{
  "stat": {
    "blockchaincache_size": {
      "max": 5929066.0, 
      "mean": 4582237.142857143, 
      "variance": 970797205015.8368, 
      "pvalue": 0.35046004792024976, 
      "min": 3193904.4
    }, 
    "kvdb_bytes_read": {
      "max": 1232299.5799999998, 
      "mean": 766541.4531692333, 
      "variance": 98762776652.58023, 
      "pvalue": 8.655208538948701e-09, 
      "min": 266472.64755733334
    }, 
    "sync_blocks_highest": {
      "max": 3.455052125100239, 
      "mean": 1.1671478214381181, 
      "variance": 1.7338252388563413, 
      "pvalue": 0.36673543795187324, 
      "min": 0.0
    }, 
    "import_blocks": {
      "max": 4.5, 
      "mean": 1.9669072440523925, 
      "variance": 1.9251673682802444, 
      "pvalue": 0.002600826928926262, 
      "min": 0.0
    }, 
    "peer_stats": {
      "max": 8.35, 
      "mean": 5.785714285714286, 
      "variance": 5.45408163265306, 
      "pvalue": 4.5938632586282506e-11, 
      "min": 3.0
    }, 
    "sync_blocks_recieved": {
      "max": 3.455052125100239, 
      "mean": 1.1671478214381181, 
      "variance": 1.7338252388563413, 
      "pvalue": 0.3727717304355306, 
      "min": 0.0
    }, 
    "kvdb_bytes_write": {
      "max": 960639.31, 
      "mean": 481492.56502893276, 
      "variance": 117075562276.74716, 
      "pvalue": 0.04577181235199407, 
      "min": 0.0
    }
  }, 
  "blockchaincache_size": {
    "metric": {
      "__name__": "blockchaincache_size", 
      "job": "openethereum", 
      "instance": "172.17.0.1:3033"
    }, 
    "values": [
      [
        1633652202, 
        "6660264"
      ], 
      [
        1633652217, 
        "3193816"
      ], 
      [
        1633652232, 
        "3193952"
      ], 
      [
        1633652247, 
        "3377672"
      ], 
      [
        1633652307, 
        "4045152"
      ], 
      [
        1633652322, 
        "4046128"
      ], 
      [
        1633652337, 
        "4047664"
      ], 
      [
        1633652352, 
        "4048352"
      ], 
      [
        1633652382, 
        "5198432"
      ], 
      [
        1633652397, 
        "5199264"
      ], 
      [
        1633652412, 
        "5200096"
      ], 
      [
        1633652442, 
        "5201344"
      ], 
      [
        1633652472, 
        "5203840"
      ], 
      [
        1633652487, 
        "5535344"
      ]
    ]
  }, 
  "kvdb_bytes_read": {
    "metric": {
      "instance": "172.17.0.1:3033", 
      "job": "openethereum"
    }, 
    "values": [
      [
        1633652202, 
        "507890.5"
      ], 
      [
        1633652247, 
        "94971.7"
      ], 
      [
        1633652307, 
        "626251.4"
      ], 
      [
        1633652322, 
        "1337597.5"
      ], 
      [
        1633652337, 
        "339973.05365333334"
      ], 
      [
        1633652352, 
        "984663.8"
      ], 
      [
        1633652367, 
        "750357.9408000001"
      ], 
      [
        1633652382, 
        "952911.1"
      ], 
      [
        1633652397, 
        "1122452.6"
      ], 
      [
        1633652412, 
        "840364.3"
      ], 
      [
        1633652427, 
        "749956.3219200001"
      ], 
      [
        1633652442, 
        "677394.6"
      ], 
      [
        1633652457, 
        "577837.79568"
      ], 
      [
        1633652472, 
        "748327.2854851644"
      ], 
      [
        1633652487, 
        "1187171.9"
      ]
    ]
  }, 
  "sync_blocks_highest": {
    "metric": {
      "instance": "172.17.0.1:3033", 
      "job": "openethereum"
    }, 
    "values": [
      [
        1633652202, 
        "1.5"
      ], 
      [
        1633652247, 
        "0"
      ], 
      [
        1633652307, 
        "1.5"
      ], 
      [
        1633652322, 
        "1.5"
      ], 
      [
        1633652337, 
        "1.7284"
      ], 
      [
        1633652352, 
        "0"
      ], 
      [
        1633652367, 
        "0"
      ], 
      [
        1633652382, 
        "0"
      ], 
      [
        1633652397, 
        "0"
      ], 
      [
        1633652412, 
        "4.5"
      ], 
      [
        1633652427, 
        "0"
      ], 
      [
        1633652442, 
        "1.5"
      ], 
      [
        1633652457, 
        "2.2716000000000003"
      ], 
      [
        1633652472, 
        "3.007217321571772"
      ], 
      [
        1633652487, 
        "0"
      ]
    ]
  }, 
  "import_blocks": {
    "metric": {
      "instance": "172.17.0.1:3033", 
      "job": "openethereum"
    }, 
    "values": [
      [
        1633652202, 
        "1.5"
      ], 
      [
        1633652247, 
        "0"
      ], 
      [
        1633652307, 
        "1.5"
      ], 
      [
        1633652322, 
        "4.5"
      ], 
      [
        1633652337, 
        "1.7284"
      ], 
      [
        1633652352, 
        "3"
      ], 
      [
        1633652367, 
        "2.2716000000000003"
      ], 
      [
        1633652382, 
        "3"
      ], 
      [
        1633652397, 
        "3"
      ], 
      [
        1633652412, 
        "1.5"
      ], 
      [
        1633652427, 
        "0"
      ], 
      [
        1633652442, 
        "1.5"
      ], 
      [
        1633652457, 
        "0"
      ], 
      [
        1633652472, 
        "1.503608660785886"
      ], 
      [
        1633652487, 
        "4.5"
      ]
    ]
  }, 
  "peer_stats": {
    "metric": {
      "__name__": "net_peers", 
      "job": "openethereum", 
      "instance": "172.17.0.1:3033"
    }, 
    "values": [
      [
        1633652202, 
        "7"
      ], 
      [
        1633652217, 
        "7"
      ], 
      [
        1633652232, 
        "7"
      ], 
      [
        1633652247, 
        "9"
      ], 
      [
        1633652307, 
        "8"
      ], 
      [
        1633652322, 
        "8"
      ], 
      [
        1633652337, 
        "8"
      ], 
      [
        1633652352, 
        "8"
      ], 
      [
        1633652382, 
        "4"
      ], 
      [
        1633652397, 
        "3"
      ], 
      [
        1633652412, 
        "3"
      ], 
      [
        1633652442, 
        "3"
      ], 
      [
        1633652472, 
        "3"
      ], 
      [
        1633652487, 
        "3"
      ]
    ]
  }, 
  "sync_blocks_recieved": {
    "metric": {
      "instance": "172.17.0.1:3033", 
      "job": "openethereum"
    }, 
    "values": [
      [
        1633652202, 
        "1.5"
      ], 
      [
        1633652247, 
        "0"
      ], 
      [
        1633652307, 
        "1.5"
      ], 
      [
        1633652322, 
        "1.5"
      ], 
      [
        1633652337, 
        "1.7284"
      ], 
      [
        1633652352, 
        "0"
      ], 
      [
        1633652367, 
        "0"
      ], 
      [
        1633652382, 
        "0"
      ], 
      [
        1633652397, 
        "0"
      ], 
      [
        1633652412, 
        "4.5"
      ], 
      [
        1633652427, 
        "0"
      ], 
      [
        1633652442, 
        "1.5"
      ], 
      [
        1633652457, 
        "2.2716000000000003"
      ], 
      [
        1633652472, 
        "3.007217321571772"
      ], 
      [
        1633652487, 
        "0"
      ]
    ]
  }, 
  "kvdb_bytes_write": {
    "metric": {
      "instance": "172.17.0.1:3033", 
      "job": "openethereum"
    },