{
  "stat": {
    "blockchaincache_size": {
      "max": 4261704.0, 
      "mean": 2757167.238095238, 
      "variance": 3477148629936.1807, 
      "pvalue": 1.6620761277927945e-06, 
      "min": 220200.0
    }, 
    "kvdb_bytes_read": {
      "max": 667524.1, 
      "mean": 313547.10476190475, 
      "variance": 35763113121.623314, 
      "pvalue": 0.0017831175158575202, 
      "min": 47048.8
    }, 
    "sync_blocks_highest": {
      "max": 4.5, 
      "mean": 1.2857142857142858, 
      "variance": 1.9897959183673468, 
      "pvalue": 0.9999985474015929, 
      "min": 0.0
    }, 
    "import_blocks": {
      "max": 6.0, 
      "mean": 2.2142857142857144, 
      "variance": 3.346938775510204, 
      "pvalue": 0.017954933243199047, 
      "min": 0.0
    }, 
    "peer_stats": {
      "max": 38.0, 
      "mean": 34.476190476190474, 
      "variance": 7.582766439909299, 
      "pvalue": 1.820282669515413e-13, 
      "min": 30.0
    }, 
    "sync_blocks_recieved": {
      "max": 4.5, 
      "mean": 1.2857142857142858, 
      "variance": 1.9897959183673468, 
      "pvalue": 0.9999994144216126, 
      "min": 0.0
    }, 
    "kvdb_bytes_write": {
      "max": 1615497.3, 
      "mean": 1408066.1095238095, 
      "variance": 16823287677295.223, 
      "pvalue": 0.04761446235649594, 
      "min": 0.0
    }
  }, 
  "blockchaincache_size": {
    "metric": {
      "__name__": "blockchaincache_size", 
      "job": "openethereum", 
      "instance": "172.17.0.1:3033"
    }, 
    "values": [
      [
        1633495157, 
        "3515792"
      ], 
      [
        1633495172, 
        "4256744"
      ], 
      [
        1633495187, 
        "4257032"
      ], 
      [
        1633495202, 
        "4257576"
      ], 
      [
        1633495217, 
        "4258392"
      ], 
      [
        1633495232, 
        "4259496"
      ], 
      [
        1633495247, 
        "4260040"
      ], 
      [
        1633495262, 
        "4261144"
      ], 
      [
        1633495277, 
        "4261704"
      ], 
      [
        1633495292, 
        "5063016"
      ], 
      [
        1633495307, 
        "3992008"
      ], 
      [
        1633495322, 
        "3992824"
      ], 
      [
        1633495337, 
        "3993928"
      ], 
      [
        1633495352, 
        "1176"
      ], 
      [
        1633495367, 
        "220200"
      ], 
      [
        1633495382, 
        "364240"
      ], 
      [
        1633495397, 
        "364240"
      ], 
      [
        1633495412, 
        "364512"
      ], 
      [
        1633495427, 
        "651776"
      ], 
      [
        1633495442, 
        "652336"
      ], 
      [
        1633495457, 
        "652336"
      ]
    ]
  }, 
  "kvdb_bytes_read": {
    "metric": {
      "instance": "172.17.0.1:3033", 
      "job": "openethereum"
    }, 
    "values": [
      [
        1633495157, 
        "207262.2"
      ], 
      [
        1633495172, 
        "667524.1"
      ], 
      [
        1633495187, 
        "403412.8"
      ], 
      [
        1633495202, 
        "447698.1"
      ], 
      [
        1633495217, 
        "442043.7"
      ], 
      [
        1633495232, 
        "329392.9"
      ], 
      [
        1633495247, 
        "320623.9"
      ], 
      [
        1633495262, 
        "420919.3"
      ], 
      [
        1633495277, 
        "374045.9"
      ], 
      [
        1633495292, 
        "727708.2"
      ], 
      [
        1633495307, 
        "482462.6"
      ], 
      [
        1633495322, 
        "340213.9"
      ], 
      [
        1633495337, 
        "303996.7"
      ], 
      [
        1633495352, 
        "390705.2"
      ], 
      [
        1633495367, 
        "256705.3"
      ], 
      [
        1633495382, 
        "163820"
      ], 
      [
        1633495397, 
        "33642.2"
      ], 
      [
        1633495412, 
        "50270.3"
      ], 
      [
        1633495427, 
        "48714"
      ], 
      [
        1633495442, 
        "126279.1"
      ], 
      [
        1633495457, 
        "47048.8"
      ]
    ]
  }, 
  "sync_blocks_highest": {
    "metric": {
      "instance": "172.17.0.1:3033", 
      "job": "openethereum"
    }, 
    "values": [
      [
        1633495157, 
        "0"
      ], 
      [
        1633495172, 
        "1.5"
      ], 
      [
        1633495187, 
        "0"
      ], 
      [
        1633495202, 
        "4.5"
      ], 
      [
        1633495217, 
        "1.5"
      ], 
      [
        1633495232, 
        "0"
      ], 
      [
        1633495247, 
        "0"
      ], 
      [
        1633495262, 
        "0"
      ], 
      [
        1633495277, 
        "0"
      ], 
      [
        1633495292, 
        "1.5"
      ], 
      [
        1633495307, 
        "0"
      ], 
      [
        1633495322, 
        "0"
      ], 
      [
        1633495337, 
        "0"
      ], 
      [
        1633495352, 
        "1.5"
      ], 
      [
        1633495367, 
        "1.5"
      ], 
      [
        1633495382, 
        "4.5"
      ], 
      [
        1633495397, 
        "3"
      ], 
      [
        1633495412, 
        "1.5"
      ], 
      [
        1633495427, 
        "3"
      ], 
      [
        1633495442, 
        "1.5"
      ], 
      [
        1633495457, 
        "1.5"
      ]
    ]
  }, 
  "import_blocks": {
    "metric": {
      "instance": "172.17.0.1:3033", 
      "job": "openethereum"
    }, 
    "values": [
      [
        1633495157, 
        "1.5"
      ], 
      [
        1633495172, 
        "6"
      ], 
      [
        1633495187, 
        "1.5"
      ], 
      [
        1633495202, 
        "1.5"
      ], 
      [
        1633495217, 
        "3"
      ], 
      [
        1633495232, 
        "3"
      ], 
      [
        1633495247, 
        "1.5"
      ], 
      [
        1633495262, 
        "3"
      ], 
      [
        1633495277, 
        "1.5"
      ], 
      [
        1633495292, 
        "7.5"
      ], 
      [
        1633495307, 
        "3"
      ], 
      [
        1633495322, 
        "1.5"
      ], 
      [
        1633495337, 
        "3"
      ], 
      [
        1633495352, 
        "3"
      ], 
      [
        1633495367, 
        "0"
      ], 
      [
        1633495382, 
        "1.5"
      ], 
      [
        1633495397, 
        "0"
      ], 
      [
        1633495412, 
        "0"
      ], 
      [
        1633495427, 
        "1.5"
      ], 
      [
        1633495442, 
        "3"
      ], 
      [
        1633495457, 
        "0"
      ]
    ]
  }, 
  "peer_stats": {
    "metric": {
      "__name__": "net_peers", 
      "job": "openethereum", 
      "instance": "172.17.0.1:3033"
    }, 
    "values": [
      [
        1633495157, 
        "33"
      ], 
      [
        1633495172, 
        "35"
      ], 
      [
        1633495187, 
        "33"
      ], 
      [
        1633495202, 
        "36"
      ], 
      [
        1633495217, 
        "36"
      ], 
      [
        1633495232, 
        "36"
      ], 
      [
        1633495247, 
        "38"
      ], 
      [
        1633495262, 
        "37"
      ], 
      [
        1633495277, 
        "37"
      ], 
      [
        1633495292, 
        "37"
      ], 
      [
        1633495307, 
        "38"
      ], 
      [
        1633495322, 
        "36"
      ], 
      [
        1633495337, 
        "36"
      ], 
      [
        1633495352, 
        "36"
      ], 
      [
        1633495367, 
        "35"
      ], 
      [
        1633495382, 
        "32"
      ], 
      [
        1633495397, 
        "33"
      ], 
      [
        1633495412, 
        "32"
      ], 
      [
        1633495427, 
        "30"
      ], 
      [
        1633495442, 
        "28"
      ], 
      [
        1633495457, 
        "30"
      ]
    ]
  }, 
  "sync_blocks_recieved": {
    "metric": {
      "instance": "172.17.0.1:3033", 
      "job": "openethereum"
    },