{
  "stat": {
    "blockchaincache_size": {
      "max": 43006483.19999993, 
      "mean": 13891542.315789474, 
      "variance": 360450766020126.8, 
      "pvalue": 0.025528070966036508, 
      "min": 2261645.6
    }, 
    "kvdb_bytes_read": {
      "max": 929949.7799999996, 
      "mean": 533142.5230049122, 
      "variance": 117549022382.85126, 
      "pvalue": 2.9660012404875576e-05, 
      "min": 27363.38
    }, 
    "sync_blocks_highest": {
      "max": 3.149999999999997, 
      "mean": 1.451136842105263, 
      "variance": 1.7911243160110804, 
      "pvalue": 0.7863696621951315, 
      "min": 0.0
    }, 
    "import_blocks": {
      "max": 4.5, 
      "mean": 1.1353473684210527, 
      "variance": 2.371066698282547, 
      "pvalue": 0.9999772349266728, 
      "min": 0.0
    }, 
    "peer_stats": {
      "max": 29.099999999999998, 
      "mean": 23.842105263157894, 
      "variance": 40.76454293628809, 
      "pvalue": 0.08488024198884088, 
      "min": 12.0
    }, 
    "sync_blocks_recieved": {
      "max": 3.149999999999997, 
      "mean": 1.3421052631578947, 
      "variance": 1.8698060941828256, 
      "pvalue": 0.9934140211324366, 
      "min": 0.0
    }, 
    "kvdb_bytes_write": {
      "max": 6028358.36, 
      "mean": 1747342.9296042107, 
      "variance": 4109089908056.5903, 
      "pvalue": 0.0053874804737695575, 
      "min": 0.0
    }
  }, 
  "blockchaincache_size": {
    "metric": {
      "__name__": "blockchaincache_size", 
      "job": "openethereum", 
      "instance": "172.17.0.1:3033"
    }, 
    "values": [
      [
        1633496058, 
        "5305552"
      ], 
      [
        1633496073, 
        "2867616"
      ], 
      [
        1633496088, 
        "2867616"
      ], 
      [
        1633496103, 
        "3038424"
      ], 
      [
        1633496118, 
        "3039240"
      ], 
      [
        1633496133, 
        "3613496"
      ], 
      [
        1633496148, 
        "3613768"
      ], 
      [
        1633496163, 
        "3614888"
      ], 
      [
        1633496178, 
        "11744696"
      ], 
      [
        1633496193, 
        "39542856"
      ], 
      [
        1633496208, 
        "1159664"
      ], 
      [
        1633496223, 
        "2384088"
      ], 
      [
        1633496253, 
        "2384088"
      ], 
      [
        1633496268, 
        "2384088"
      ], 
      [
        1633496298, 
        "9359928"
      ], 
      [
        1633496313, 
        "18574256"
      ], 
      [
        1633496328, 
        "37107976"
      ], 
      [
        1633496343, 
        "37157936"
      ], 
      [
        1633496358, 
        "74179128"
      ]
    ]
  }, 
  "kvdb_bytes_read": {
    "metric": {
      "instance": "172.17.0.1:3033", 
      "job": "openethereum"
    }, 
    "values": [
      [
        1633496058, 
        "124387.4"
      ], 
      [
        1633496073, 
        "79028"
      ], 
      [
        1633496088, 
        "28260"
      ], 
      [
        1633496103, 
        "462012.7"
      ], 
      [
        1633496118, 
        "620253.7"
      ], 
      [
        1633496133, 
        "406882.8"
      ], 
      [
        1633496148, 
        "909181.9"
      ], 
      [
        1633496163, 
        "1101084.6"
      ], 
      [
        1633496178, 
        "846043"
      ], 
      [
        1633496208, 
        "19293.8"
      ], 
      [
        1633496223, 
        "83210.8"
      ], 
      [
        1633496253, 
        "286732.6"
      ], 
      [
        1633496268, 
        "740714"
      ], 
      [
        1633496283, 
        "727689.9652533333"
      ], 
      [
        1633496298, 
        "676280.7"
      ], 
      [
        1633496313, 
        "895401.8"
      ], 
      [
        1633496328, 
        "910934.8"
      ], 
      [
        1633496343, 
        "380854.37184"
      ], 
      [
        1633496358, 
        "831461"
      ]
    ]
  }, 
  "sync_blocks_highest": {
    "metric": {
      "instance": "172.17.0.1:3033", 
      "job": "openethereum"
    }, 
    "values": [
      [
        1633496058, 
        "1.5"
      ], 
      [
        1633496073, 
        "1.5"
      ], 
      [
        1633496088, 
        "0"
      ], 
      [
        1633496103, 
        "1.5"
      ], 
      [
        1633496118, 
        "3"
      ], 
      [
        1633496133, 
        "0"
      ], 
      [
        1633496148, 
        "1.5"
      ], 
      [
        1633496163, 
        "3"
      ], 
      [
        1633496178, 
        "0"
      ], 
      [
        1633496208, 
        "0"
      ], 
      [
        1633496223, 
        "0"
      ], 
      [
        1633496253, 
        "4.5"
      ], 
      [
        1633496268, 
        "1.5"
      ], 
      [
        1633496283, 
        "2.0716"
      ], 
      [
        1633496298, 
        "3"
      ], 
      [
        1633496313, 
        "0"
      ], 
      [
        1633496328, 
        "1.5"
      ], 
      [
        1633496343, 
        "0"
      ], 
      [
        1633496358, 
        "3"
      ]
    ]
  }, 
  "import_blocks": {
    "metric": {
      "instance": "172.17.0.1:3033", 
      "job": "openethereum"
    }, 
    "values": [
      [
        1633496058, 
        "0"
      ], 
      [
        1633496073, 
        "1.5"
      ], 
      [
        1633496088, 
        "0"
      ], 
      [
        1633496103, 
        "3"
      ], 
      [
        1633496118, 
        "1.5"
      ], 
      [
        1633496133, 
        "3"
      ], 
      [
        1633496148, 
        "1.5"
      ], 
      [
        1633496163, 
        "4.5"
      ], 
      [
        1633496178, 
        "4.5"
      ], 
      [
        1633496208, 
        "0"
      ], 
      [
        1633496223, 
        "0"
      ], 
      [
        1633496253, 
        "0"
      ], 
      [
        1633496268, 
        "0"
      ], 
      [
        1633496283, 
        "2.0716"
      ], 
      [
        1633496298, 
        "0"
      ], 
      [
        1633496313, 
        "0"
      ], 
      [
        1633496328, 
        "0"
      ], 
      [
        1633496343, 
        "0"
      ], 
      [
        1633496358, 
        "0"
      ]
    ]
  }, 
  "peer_stats": {
    "metric": {
      "__name__": "net_peers", 
      "job": "openethereum", 
      "instance": "172.17.0.1:3033"
    }, 
    "values": [
      [
        1633496058, 
        "26"
      ], 
      [
        1633496073, 
        "28"
      ], 
      [
        1633496088, 
        "27"
      ], 
      [
        1633496103, 
        "29"
      ], 
      [
        1633496118, 
        "30"
      ], 
      [
        1633496133, 
        "29"
      ], 
      [
        1633496148, 
        "29"
      ], 
      [
        1633496163, 
        "29"
      ], 
      [
        1633496178, 
        "28"
      ], 
      [
        1633496193, 
        "28"
      ], 
      [
        1633496208, 
        "28"
      ], 
      [
        1633496223, 
        "27"
      ], 
      [
        1633496253, 
        "26"
      ], 
      [
        1633496268, 
        "20"
      ], 
      [
        1633496298, 
        "16"
      ], 
      [
        1633496313, 
        "15"
      ], 
      [
        1633496328, 
        "14"
      ], 
      [
        1633496343, 
        "12"
      ], 
      [
        1633496358, 
        "12"
      ]
    ]
  }, 
  "sync_blocks_recieved": {
    "metric": {
      "instance": "172.17.0.1:3033", 
      "job": "openethereum"
    },