{
  "stat": {
    "blockchaincache_size": {
      "max": 5602233.6, 
      "mean": 4236088.470588235, 
      "variance": 1858654899233.6614, 
      "pvalue": 0.0029746460776845477, 
      "min": 1265321.5999999999
    }, 
    "kvdb_bytes_read": {
      "max": 737266.95, 
      "mean": 333708.36152975, 
      "variance": 64438955584.77224, 
      "pvalue": 0.005290745011974821, 
      "min": 19831.304397333333
    }, 
    "sync_blocks_highest": {
      "max": 6.091359999999998, 
      "mean": 1.7946736842105262, 
      "variance": 3.8255795714127423, 
      "pvalue": 0.1597081893199274, 
      "min": 0.0
    }, 
    "import_blocks": {
      "max": 7.649999999999997, 
      "mean": 2.2225979233258553, 
      "variance": 6.968989027561992, 
      "pvalue": 0.2528587671443383, 
      "min": 0.0
    }, 
    "peer_stats": {
      "max": 9.0, 
      "mean": 4.882352941176471, 
      "variance": 6.692041522491347, 
      "pvalue": 4.847959458075522e-16, 
      "min": 2.0
    }, 
    "sync_blocks_recieved": {
      "max": 6.972239999999998, 
      "mean": 1.8736210526315789, 
      "variance": 4.60176682903047, 
      "pvalue": 0.1739771118552564, 
      "min": 0.0
    }, 
    "kvdb_bytes_write": {
      "max": 5389009.825914748, 
      "mean": 938813.8735789909, 
      "variance": 2550403438028.8276, 
      "pvalue": 0.298141005537783, 
      "min": 0.0
    }
  }, 
  "blockchaincache_size": {
    "metric": {
      "__name__": "blockchaincache_size", 
      "job": "openethereum", 
      "instance": "172.17.0.1:3033"
    }, 
    "values": [
      [
        1633496362, 
        "580752"
      ], 
      [
        1633496392, 
        "4683896"
      ], 
      [
        1633496422, 
        "4684440"
      ], 
      [
        1633496437, 
        "4684984"
      ], 
      [
        1633496452, 
        "4685272"
      ], 
      [
        1633496467, 
        "4685272"
      ], 
      [
        1633496482, 
        "4685544"
      ], 
      [
        1633496497, 
        "4686352"
      ], 
      [
        1633496512, 
        "4686896"
      ], 
      [
        1633496527, 
        "4687168"
      ], 
      [
        1633496542, 
        "4688272"
      ], 
      [
        1633496557, 
        "5514208"
      ], 
      [
        1633496572, 
        "5954336"
      ], 
      [
        1633496602, 
        "4647496"
      ], 
      [
        1633496632, 
        "1436464"
      ], 
      [
        1633496647, 
        "4644376"
      ], 
      [
        1633496662, 
        "2377776"
      ]
    ]
  }, 
  "kvdb_bytes_read": {
    "metric": {
      "instance": "172.17.0.1:3033", 
      "job": "openethereum"
    }, 
    "values": [
      [
        1633496362, 
        "735565.2"
      ], 
      [
        1633496377, 
        "494703.74760000006"
      ], 
      [
        1633496392, 
        "51099.6"
      ], 
      [
        1633496407, 
        "535206.9813600001"
      ], 
      [
        1633496422, 
        "20950.51253333333"
      ], 
      [
        1633496437, 
        "460543"
      ], 
      [
        1633496452, 
        "322981.5"
      ], 
      [
        1633496467, 
        "55633.8"
      ], 
      [
        1633496482, 
        "381078.4"
      ], 
      [
        1633496497, 
        "23902.38928"
      ], 
      [
        1633496512, 
        "296829.5"
      ], 
      [
        1633496527, 
        "9758.431173333334"
      ], 
      [
        1633496542, 
        "283764.90952"
      ], 
      [
        1633496557, 
        "701985.4"
      ], 
      [
        1633496572, 
        "752582.7"
      ], 
      [
        1633496587, 
        "586914.95784"
      ], 
      [
        1633496632, 
        "87466"
      ], 
      [
        1633496647, 
        "462204.6397585817"
      ], 
      [
        1633496662, 
        "77287.2"
      ]
    ]
  }, 
  "sync_blocks_highest": {
    "metric": {
      "instance": "172.17.0.1:3033", 
      "job": "openethereum"
    }, 
    "values": [
      [
        1633496362, 
        "3"
      ], 
      [
        1633496377, 
        "0"
      ], 
      [
        1633496392, 
        "1.5"
      ], 
      [
        1633496407, 
        "2.2716000000000003"
      ], 
      [
        1633496422, 
        "3.4568"
      ], 
      [
        1633496437, 
        "1.5"
      ], 
      [
        1633496452, 
        "0"
      ], 
      [
        1633496467, 
        "0"
      ], 
      [
        1633496482, 
        "1.5"
      ], 
      [
        1633496497, 
        "1.7284"
      ], 
      [
        1633496512, 
        "0"
      ], 
      [
        1633496527, 
        "6.9136"
      ], 
      [
        1633496542, 
        "1.7284"
      ], 
      [
        1633496557, 
        "6"
      ], 
      [
        1633496572, 
        "0"
      ], 
      [
        1633496587, 
        "0"
      ], 
      [
        1633496632, 
        "1.5"
      ], 
      [
        1633496647, 
        "0"
      ], 
      [
        1633496662, 
        "3"
      ]
    ]
  }, 
  "import_blocks": {
    "metric": {
      "instance": "172.17.0.1:3033", 
      "job": "openethereum"
    }, 
    "values": [
      [
        1633496362, 
        "0"
      ], 
      [
        1633496377, 
        "0"
      ], 
      [
        1633496392, 
        "0"
      ], 
      [
        1633496407, 
        "4.543200000000001"
      ], 
      [
        1633496422, 
        "0"
      ], 
      [
        1633496437, 
        "3"
      ], 
      [
        1633496452, 
        "1.5"
      ], 
      [
        1633496467, 
        "0"
      ], 
      [
        1633496482, 
        "1.5"
      ], 
      [
        1633496497, 
        "0"
      ], 
      [
        1633496512, 
        "0"
      ], 
      [
        1633496527, 
        "0"
      ], 
      [
        1633496542, 
        "1.7284"
      ], 
      [
        1633496557, 
        "9"
      ], 
      [
        1633496572, 
        "7.5"
      ], 
      [
        1633496587, 
        "4.543200000000001"
      ], 
      [
        1633496632, 
        "4.5"
      ], 
      [
        1633496647, 
        "1.4145605431912487"
      ], 
      [
        1633496662, 
        "3"
      ]
    ]
  }, 
  "peer_stats": {
    "metric": {
      "__name__": "net_peers", 
      "job": "openethereum", 
      "instance": "172.17.0.1:3033"
    }, 
    "values": [
      [
        1633496362, 
        "9"
      ], 
      [
        1633496392, 
        "8"
      ], 
      [
        1633496422, 
        "2"
      ], 
      [
        1633496437, 
        "2"
      ], 
      [
        1633496452, 
        "2"
      ], 
      [
        1633496467, 
        "2"
      ], 
      [
        1633496482, 
        "3"
      ], 
      [
        1633496497, 
        "5"
      ], 
      [
        1633496512, 
        "9"
      ], 
      [
        1633496527, 
        "9"
      ], 
      [
        1633496542, 
        "8"
      ], 
      [
        1633496557, 
        "4"
      ], 
      [
        1633496572, 
        "4"
      ], 
      [
        1633496602, 
        "4"
      ], 
      [
        1633496632, 
        "5"
      ], 
      [
        1633496647, 
        "4"
      ], 
      [
        1633496662, 
        "3"
      ]
    ]
  }, 
  "sync_blocks_recieved": {
    "metric": {
      "instance": "172.17.0.1:3033", 
      "job": "openethereum"
    },