{
  "stat": {
    "blockchaincache_size": {
      "max": 4091413.1999999997, 
      "mean": 3376879.111111111, 
      "variance": 722004426338.7655, 
      "pvalue": 0.002920282006677865, 
      "min": 2202836.0
    }, 
    "kvdb_bytes_read": {
      "max": 556760.5599999991, 
      "mean": 353434.72092895425, 
      "variance": 43578609780.0398, 
      "pvalue": 0.0004945754820595085, 
      "min": 56187.79
    }, 
    "sync_blocks_highest": {
      "max": 6.749999999999984, 
      "mean": 2.5278168306888933, 
      "variance": 9.719951161396185, 
      "pvalue": 0.006800811362623787, 
      "min": 0.0
    }, 
    "import_blocks": {
      "max": 2.2756678047800607, 
      "mean": 0.7120273570046829, 
      "variance": 4.115984028523998, 
      "pvalue": 0.015668483416710444, 
      "min": 0.0
    }, 
    "peer_stats": {
      "max": 11.0, 
      "mean": 6.777777777777778, 
      "variance": 5.617283950617284, 
      "pvalue": 1.1130046351644508e-13, 
      "min": 3.85
    }, 
    "sync_blocks_recieved": {
      "max": 6.149999999999965, 
      "mean": 2.369922093846788, 
      "variance": 21.624857307375503, 
      "pvalue": 0.18868112122782948, 
      "min": 0.0
    }, 
    "kvdb_bytes_write": {
      "max": 2000094.1599999967, 
      "mean": 335903.4533535586, 
      "variance": 699397555864.2487, 
      "pvalue": 0.008550226501445645, 
      "min": 0.0
    }
  }, 
  "blockchaincache_size": {
    "metric": {
      "__name__": "blockchaincache_size", 
      "job": "openethereum", 
      "instance": "172.17.0.1:3033"
    }, 
    "values": [
      [
        1633651901, 
        "3381136"
      ], 
      [
        1633651916, 
        "1160872"
      ], 
      [
        1633651931, 
        "2386712"
      ], 
      [
        1633651946, 
        "2386712"
      ], 
      [
        1633651961, 
        "2386712"
      ], 
      [
        1633651976, 
        "2486928"
      ], 
      [
        1633651991, 
        "2939600"
      ], 
      [
        1633652006, 
        "3714576"
      ], 
      [
        1633652021, 
        "3714848"
      ], 
      [
        1633652036, 
        "3714848"
      ], 
      [
        1633652051, 
        "3881712"
      ], 
      [
        1633652066, 
        "4078048"
      ], 
      [
        1633652081, 
        "4078184"
      ], 
      [
        1633652096, 
        "4078728"
      ], 
      [
        1633652111, 
        "4079000"
      ], 
      [
        1633652141, 
        "4080240"
      ], 
      [
        1633652156, 
        "4080240"
      ], 
      [
        1633652171, 
        "4154728"
      ]
    ]
  }, 
  "kvdb_bytes_read": {
    "metric": {
      "instance": "172.17.0.1:3033", 
      "job": "openethereum"
    }, 
    "values": [
      [
        1633651886, 
        "223812"
      ], 
      [
        1633651901, 
        "386707.9"
      ], 
      [
        1633651916, 
        "441206.6"
      ], 
      [
        1633651931, 
        "416166.6"
      ], 
      [
        1633651946, 
        "58280.8"
      ], 
      [
        1633651961, 
        "415373.9"
      ], 
      [
        1633651976, 
        "94381"
      ], 
      [
        1633651991, 
        "442678.5"
      ], 
      [
        1633652006, 
        "80603.1"
      ], 
      [
        1633652021, 
        "412387.2"
      ], 
      [
        1633652036, 
        "37350.7"
      ], 
      [
        1633652051, 
        "447125.1"
      ], 
      [
        1633652081, 
        "351595.5"
      ], 
      [
        1633652096, 
        "102811.29765013055"
      ], 
      [
        1633652111, 
        "459917.9"
      ], 
      [
        1633652126, 
        "916868.2"
      ], 
      [
        1633652141, 
        "513296.8"
      ], 
      [
        1633652156, 
        "397948"
      ], 
      [
        1633652171, 
        "516748.6"
      ]
    ]
  }, 
  "sync_blocks_highest": {
    "metric": {
      "instance": "172.17.0.1:3033", 
      "job": "openethereum"
    }, 
    "values": [
      [
        1633651886, 
        "0"
      ], 
      [
        1633651901, 
        "6"
      ], 
      [
        1633651916, 
        "3"
      ], 
      [
        1633651931, 
        "0"
      ], 
      [
        1633651946, 
        "0"
      ], 
      [
        1633651961, 
        "0"
      ], 
      [
        1633651976, 
        "13.5"
      ], 
      [
        1633651991, 
        "3"
      ], 
      [
        1633652006, 
        "1.5"
      ], 
      [
        1633652021, 
        "1.5"
      ], 
      [
        1633652036, 
        "1.5"
      ], 
      [
        1633652051, 
        "1.5"
      ], 
      [
        1633652081, 
        "3"
      ], 
      [
        1633652096, 
        "1.5285197830889738"
      ], 
      [
        1633652111, 
        "4.5"
      ], 
      [
        1633652126, 
        "3"
      ], 
      [
        1633652141, 
        "4.5"
      ], 
      [
        1633652156, 
        "0"
      ], 
      [
        1633652171, 
        "0"
      ]
    ]
  }, 
  "import_blocks": {
    "metric": {
      "instance": "172.17.0.1:3033", 
      "job": "openethereum"
    }, 
    "values": [
      [
        1633651886, 
        "0"
      ], 
      [
        1633651901, 
        "1.5"
      ], 
      [
        1633651916, 
        "0"
      ], 
      [
        1633651931, 
        "0"
      ], 
      [
        1633651946, 
        "0"
      ], 
      [
        1633651961, 
        "0"
      ], 
      [
        1633651976, 
        "0"
      ], 
      [
        1633651991, 
        "0"
      ], 
      [
        1633652006, 
        "0"
      ], 
      [
        1633652021, 
        "0"
      ], 
      [
        1633652036, 
        "0"
      ], 
      [
        1633652051, 
        "0"
      ], 
      [
        1633652081, 
        "0"
      ], 
      [
        1633652096, 
        "1.5285197830889738"
      ], 
      [
        1633652111, 
        "0"
      ], 
      [
        1633652126, 
        "9"
      ], 
      [
        1633652141, 
        "1.5"
      ], 
      [
        1633652156, 
        "0"
      ], 
      [
        1633652171, 
        "0"
      ]
    ]
  }, 
  "peer_stats": {
    "metric": {
      "__name__": "net_peers", 
      "job": "openethereum", 
      "instance": "172.17.0.1:3033"
    }, 
    "values": [
      [
        1633651901, 
        "7"
      ], 
      [
        1633651916, 
        "4"
      ], 
      [
        1633651931, 
        "4"
      ], 
      [
        1633651946, 
        "3"
      ], 
      [
        1633651961, 
        "5"
      ], 
      [
        1633651976, 
        "5"
      ], 
      [
        1633651991, 
        "4"
      ], 
      [
        1633652006, 
        "10"
      ], 
      [
        1633652021, 
        "8"
      ], 
      [
        1633652036, 
        "11"
      ], 
      [
        1633652051, 
        "8"
      ], 
      [
        1633652066, 
        "8"
      ], 
      [
        1633652081, 
        "6"
      ], 
      [
        1633652096, 
        "6"
      ], 
      [
        1633652111, 
        "6"
      ], 
      [
        1633652141, 
        "7"
      ], 
      [
        1633652156, 
        "9"
      ], 
      [
        1633652171, 
        "11"
      ]
    ]
  }, 
  "sync_blocks_recieved": {
    "metric": {
      "instance": "172.17.0.1:3033", 
      "job": "openethereum"
    },