{
  "stat": {
    "blockchaincache_size": {
      "max": 6238137.600000001, 
      "mean": 5502007.05882353, 
      "variance": 489429656100.7612, 
      "pvalue": 0.0008058332513518807, 
      "min": 4313979.2
    }, 
    "kvdb_bytes_read": {
      "max": 1044336.8000880001, 
      "mean": 583702.4406413335, 
      "variance": 105281056363.19144, 
      "pvalue": 4.514474565486752e-07, 
      "min": 77507.46503200001
    }, 
    "sync_blocks_highest": {
      "max": 2.1180200000000005, 
      "mean": 0.65, 
      "variance": 0.8780126559999999, 
      "pvalue": 0.06988818542229508, 
      "min": 0.0
    }, 
    "import_blocks": {
      "max": 6.01074, 
      "mean": 2.1214800000000005, 
      "variance": 3.903391201599999, 
      "pvalue": 0.007123359936701455, 
      "min": 0.0
    }, 
    "peer_stats": {
      "max": 20.2, 
      "mean": 16.823529411764707, 
      "variance": 6.262975778546712, 
      "pvalue": 1.65843782590525e-12, 
      "min": 13.600000000000001
    }, 
    "sync_blocks_recieved": {
      "max": 2.1180200000000005, 
      "mean": 0.725, 
      "variance": 0.8873876560000001, 
      "pvalue": 0.12642756581083797, 
      "min": 0.0
    }, 
    "kvdb_bytes_write": {
      "max": 1103036.9413106667, 
      "mean": 460207.214972, 
      "variance": 167328131076.68597, 
      "pvalue": 0.12105474722612813, 
      "min": 0.0
    }
  }, 
  "blockchaincache_size": {
    "metric": {
      "__name__": "blockchaincache_size", 
      "job": "openethereum", 
      "instance": "172.17.0.1:3033"
    }, 
    "values": [
      [
        1633647318, 
        "5540520"
      ], 
      [
        1633647333, 
        "5540520"
      ], 
      [
        1633647348, 
        "5541960"
      ], 
      [
        1633647363, 
        "5605304"
      ], 
      [
        1633647378, 
        "5648312"
      ], 
      [
        1633647393, 
        "6224824"
      ], 
      [
        1633647408, 
        "6291392"
      ], 
      [
        1633647423, 
        "5963968"
      ], 
      [
        1633647438, 
        "5964992"
      ], 
      [
        1633647453, 
        "5964992"
      ], 
      [
        1633647483, 
        "5733648"
      ], 
      [
        1633647498, 
        "6126824"
      ], 
      [
        1633647513, 
        "6133536"
      ], 
      [
        1633647543, 
        "4321864"
      ], 
      [
        1633647573, 
        "4323544"
      ], 
      [
        1633647588, 
        "4325480"
      ], 
      [
        1633647618, 
        "4282440"
      ]
    ]
  }, 
  "kvdb_bytes_read": {
    "metric": {
      "instance": "172.17.0.1:3033", 
      "job": "openethereum"
    }, 
    "values": [
      [
        1633647318, 
        "371298"
      ], 
      [
        1633647333, 
        "92464.7"
      ], 
      [
        1633647348, 
        "699996.3"
      ], 
      [
        1633647363, 
        "757945.6"
      ], 
      [
        1633647378, 
        "181637.5"
      ], 
      [
        1633647393, 
        "326702.7"
      ], 
      [
        1633647408, 
        "422046.8"
      ], 
      [
        1633647423, 
        "664453.5"
      ], 
      [
        1633647438, 
        "649176.8"
      ], 
      [
        1633647453, 
        "36311.00064"
      ], 
      [
        1633647468, 
        "295479.90386666666"
      ], 
      [
        1633647483, 
        "79675.7"
      ], 
      [
        1633647498, 
        "860780.2"
      ], 
      [
        1633647513, 
        "1000264.2"
      ], 
      [
        1633647528, 
        "1044178.3790400001"
      ], 
      [
        1633647543, 
        "864431.8"
      ], 
      [
        1633647573, 
        "884245.6"
      ], 
      [
        1633647588, 
        "1047346.8"
      ], 
      [
        1633647603, 
        "671034.3292800001"
      ], 
      [
        1633647618, 
        "724579"
      ]
    ]
  }, 
  "sync_blocks_highest": {
    "metric": {
      "instance": "172.17.0.1:3033", 
      "job": "openethereum"
    }, 
    "values": [
      [
        1633647318, 
        "3"
      ], 
      [
        1633647333, 
        "0"
      ], 
      [
        1633647348, 
        "0"
      ], 
      [
        1633647363, 
        "1.5"
      ], 
      [
        1633647378, 
        "0"
      ], 
      [
        1633647393, 
        "0"
      ], 
      [
        1633647408, 
        "0"
      ], 
      [
        1633647423, 
        "0"
      ], 
      [
        1633647438, 
        "0"
      ], 
      [
        1633647453, 
        "1.9284"
      ], 
      [
        1633647468, 
        "2.0716"
      ], 
      [
        1633647483, 
        "1.5"
      ], 
      [
        1633647498, 
        "0"
      ], 
      [
        1633647513, 
        "0"
      ], 
      [
        1633647528, 
        "0"
      ], 
      [
        1633647543, 
        "0"
      ], 
      [
        1633647573, 
        "0"
      ], 
      [
        1633647588, 
        "1.5"
      ], 
      [
        1633647603, 
        "0"
      ], 
      [
        1633647618, 
        "1.5"
      ]
    ]
  }, 
  "import_blocks": {
    "metric": {
      "instance": "172.17.0.1:3033", 
      "job": "openethereum"
    }, 
    "values": [
      [
        1633647318, 
        "0"
      ], 
      [
        1633647333, 
        "0"
      ], 
      [
        1633647348, 
        "1.5"
      ], 
      [
        1633647363, 
        "3"
      ], 
      [
        1633647378, 
        "0"
      ], 
      [
        1633647393, 
        "1.5"
      ], 
      [
        1633647408, 
        "0"
      ], 
      [
        1633647423, 
        "1.5"
      ], 
      [
        1633647438, 
        "3"
      ], 
      [
        1633647453, 
        "0"
      ], 
      [
        1633647468, 
        "4.1432"
      ], 
      [
        1633647483, 
        "0"
      ], 
      [
        1633647498, 
        "1.5"
      ], 
      [
        1633647513, 
        "6"
      ], 
      [
        1633647528, 
        "6.2148"
      ], 
      [
        1633647543, 
        "4.5"
      ], 
      [
        1633647573, 
        "1.5"
      ], 
      [
        1633647588, 
        "4.5"
      ], 
      [
        1633647603, 
        "2.0716"
      ], 
      [
        1633647618, 
        "1.5"
      ]
    ]
  }, 
  "peer_stats": {
    "metric": {
      "__name__": "net_peers", 
      "job": "openethereum", 
      "instance": "172.17.0.1:3033"
    }, 
    "values": [
      [
        1633647318, 
        "14"
      ], 
      [
        1633647333, 
        "20"
      ], 
      [
        1633647348, 
        "20"
      ], 
      [
        1633647363, 
        "19"
      ], 
      [
        1633647378, 
        "21"
      ], 
      [
        1633647393, 
        "17"
      ], 
      [
        1633647408, 
        "18"
      ], 
      [
        1633647423, 
        "18"
      ], 
      [
        1633647438, 
        "14"
      ], 
      [
        1633647453, 
        "14"
      ], 
      [
        1633647483, 
        "14"
      ], 
      [
        1633647498, 
        "19"
      ], 
      [
        1633647513, 
        "17"
      ], 
      [
        1633647543, 
        "17"
      ], 
      [
        1633647573, 
        "16"
      ], 
      [
        1633647588, 
        "16"
      ], 
      [
        1633647618, 
        "12"
      ]
    ]
  }, 
  "sync_blocks_recieved": {
    "metric": {
      "instance": "172.17.0.1:3033", 
      "job": "openethereum"
    },