{
  "stat": {
    "blockchaincache_size": {
      "max": 6437240.0, 
      "mean": 5569649.0, 
      "variance": 466170065271.0, 
      "pvalue": 1.2359959023338426e-05, 
      "min": 4319082.0
    }, 
    "kvdb_bytes_read": {
      "max": 583691.14, 
      "mean": 228064.22639058827, 
      "variance": 27449268992.79186, 
      "pvalue": 0.24400398555865874, 
      "min": 54375.3
    }, 
    "sync_blocks_highest": {
      "max": 3.599999999999998, 
      "mean": 1.0588235294117647, 
      "variance": 2.320069204152249, 
      "pvalue": 0.9999999927611156, 
      "min": 0.0
    }, 
    "import_blocks": {
      "max": 1.9372799999999992, 
      "mean": 0.4512705882352941, 
      "variance": 0.7548399479584778, 
      "pvalue": 0.22074830996169123, 
      "min": 0.0
    }, 
    "peer_stats": {
      "max": 23.25, 
      "mean": 15.875, 
      "variance": 26.109375, 
      "pvalue": 4.956054724287397e-10, 
      "min": 9.75
    }, 
    "sync_blocks_recieved": {
      "max": 3.599999999999998, 
      "mean": 1.0588235294117647, 
      "variance": 2.320069204152249, 
      "pvalue": 0.9999998832423698, 
      "min": 0.0
    }, 
    "kvdb_bytes_write": {
      "max": 627258.5199999998, 
      "mean": 115526.55336470588, 
      "variance": 54273895076.621666, 
      "pvalue": 0.028468209389103445, 
      "min": 0.0
    }
  }, 
  "blockchaincache_size": {
    "metric": {
      "__name__": "blockchaincache_size", 
      "job": "openethereum", 
      "instance": "172.17.0.1:3033"
    }, 
    "values": [
      [
        1633493315, 
        "4318776"
      ], 
      [
        1633493330, 
        "4319184"
      ], 
      [
        1633493345, 
        "5997984"
      ], 
      [
        1633493360, 
        "5997984"
      ], 
      [
        1633493405, 
        "5656936"
      ], 
      [
        1633493420, 
        "5657480"
      ], 
      [
        1633493435, 
        "6143280"
      ], 
      [
        1633493450, 
        "6149384"
      ], 
      [
        1633493465, 
        "7300808"
      ], 
      [
        1633493510, 
        "5365336"
      ], 
      [
        1633493525, 
        "5365336"
      ], 
      [
        1633493540, 
        "5365872"
      ], 
      [
        1633493555, 
        "5368872"
      ], 
      [
        1633493570, 
        "5368872"
      ], 
      [
        1633493585, 
        "5368872"
      ], 
      [
        1633493600, 
        "5369408"
      ]
    ]
  }, 
  "kvdb_bytes_read": {
    "metric": {
      "instance": "172.17.0.1:3033", 
      "job": "openethereum"
    }, 
    "values": [
      [
        1633493315, 
        "56803.7"
      ], 
      [
        1633493330, 
        "160374.1"
      ], 
      [
        1633493345, 
        "225404.7"
      ], 
      [
        1633493360, 
        "118946.1"
      ], 
      [
        1633493375, 
        "290016.91656000004"
      ], 
      [
        1633493390, 
        "263506.23208000005"
      ], 
      [
        1633493405, 
        "264112.9"
      ], 
      [
        1633493420, 
        "577160.9"
      ], 
      [
        1633493435, 
        "115262.1"
      ], 
      [
        1633493450, 
        "98088.1"
      ], 
      [
        1633493510, 
        "365779.6"
      ], 
      [
        1633493525, 
        "107461.2"
      ], 
      [
        1633493540, 
        "49612.9"
      ], 
      [
        1633493555, 
        "609812.1"
      ], 
      [
        1633493570, 
        "359843.4"
      ], 
      [
        1633493585, 
        "55565.9"
      ], 
      [
        1633493600, 
        "159341"
      ]
    ]
  }, 
  "sync_blocks_highest": {
    "metric": {
      "instance": "172.17.0.1:3033", 
      "job": "openethereum"
    }, 
    "values": [
      [
        1633493315, 
        "6"
      ], 
      [
        1633493330, 
        "3"
      ], 
      [
        1633493345, 
        "1.5"
      ], 
      [
        1633493360, 
        "1.5"
      ], 
      [
        1633493375, 
        "0"
      ], 
      [
        1633493390, 
        "0"
      ], 
      [
        1633493405, 
        "1.5"
      ], 
      [
        1633493420, 
        "0"
      ], 
      [
        1633493435, 
        "0"
      ], 
      [
        1633493450, 
        "0"
      ], 
      [
        1633493510, 
        "0"
      ], 
      [
        1633493525, 
        "0"
      ], 
      [
        1633493540, 
        "1.5"
      ], 
      [
        1633493555, 
        "1.5"
      ], 
      [
        1633493570, 
        "0"
      ], 
      [
        1633493585, 
        "0"
      ], 
      [
        1633493600, 
        "1.5"
      ]
    ]
  }, 
  "import_blocks": {
    "metric": {
      "instance": "172.17.0.1:3033", 
      "job": "openethereum"
    }, 
    "values": [
      [
        1633493315, 
        "0"
      ], 
      [
        1633493330, 
        "1.5"
      ], 
      [
        1633493345, 
        "0"
      ], 
      [
        1633493360, 
        "0"
      ], 
      [
        1633493375, 
        "0"
      ], 
      [
        1633493390, 
        "1.6716000000000002"
      ], 
      [
        1633493405, 
        "0"
      ], 
      [
        1633493420, 
        "3"
      ], 
      [
        1633493435, 
        "0"
      ], 
      [
        1633493450, 
        "0"
      ], 
      [
        1633493510, 
        "0"
      ], 
      [
        1633493525, 
        "0"
      ], 
      [
        1633493540, 
        "0"
      ], 
      [
        1633493555, 
        "1.5"
      ], 
      [
        1633493570, 
        "0"
      ], 
      [
        1633493585, 
        "0"
      ], 
      [
        1633493600, 
        "0"
      ]
    ]
  }, 
  "peer_stats": {
    "metric": {
      "__name__": "net_peers", 
      "job": "openethereum", 
      "instance": "172.17.0.1:3033"
    }, 
    "values": [
      [
        1633493315, 
        "23"
      ], 
      [
        1633493330, 
        "13"
      ], 
      [
        1633493345, 
        "19"
      ], 
      [
        1633493360, 
        "24"
      ], 
      [
        1633493405, 
        "15"
      ], 
      [
        1633493420, 
        "11"
      ], 
      [
        1633493435, 
        "11"
      ], 
      [
        1633493450, 
        "10"
      ], 
      [
        1633493465, 
        "10"
      ], 
      [
        1633493510, 
        "9"
      ], 
      [
        1633493525, 
        "10"
      ], 
      [
        1633493540, 
        "19"
      ], 
      [
        1633493555, 
        "19"
      ], 
      [
        1633493570, 
        "20"
      ], 
      [
        1633493585, 
        "19"
      ], 
      [
        1633493600, 
        "22"
      ]
    ]
  }, 
  "sync_blocks_recieved": {
    "metric": {
      "instance": "172.17.0.1:3033", 
      "job": "openethereum"
    }, 
    "values": [
      [
        1633493315, 
        "6"
      ], 
      [
        1633493330, 
        "3"
      ], 
      [
        1633493345, 
        "1.5"
      ], 
      [
        1633493360, 
        "1.5"
      ], 
      [
        1633493375, 
        "0"
      ], 
      [
        1633493390, 
        "0"
      ], 
      [
        1633493405, 
        "1.5"
      ], 
      [
        1633493420, 
        "0"
      ], 
      [
        1633493435, 
        "0"
      ], 
      [
        1633493450, 
        "0"
      ], 
      [
        1633493510, 
        "0"
      ], 
      [
        1633493525, 
        "0"
      ], 
      [
        1633493540, 
        "1.5"
      ], 
      [
        1633493555, 
        "1.5"
      ], 
      [
        1633493570, 
        "0"
      ], 
      [
        1633493585, 
        "0"
      ], 
      [
        1633493600, 
        "1.5"
      ]
    ]
  }, 
  "kvdb_bytes_write": {
    "metric": {
      "instance": "172.17.0.1:3033", 
      "job": "openethereum"
    },