{
  "stat": {
    "blockchaincache_size": {
      "max": 77634875.2, 
      "mean": 13364975.555555556, 
      "variance": 591622143364369.5, 
      "pvalue": 0.0013077218953376185, 
      "min": 1161502.0
    }, 
    "kvdb_bytes_read": {
      "max": 730380.64, 
      "mean": 201611.74171999996, 
      "variance": 57152116777.49365, 
      "pvalue": 0.015688027589855075, 
      "min": 39414.490000000005
    }, 
    "sync_blocks_highest": {
      "max": 3.075000000000001, 
      "mean": 1.475, 
      "variance": 1.712387656, 
      "pvalue": 0.5019440783462347, 
      "min": 0.0
    }, 
    "import_blocks": {
      "max": 1.5, 
      "mean": 0.15, 
      "variance": 0.20250000000000004, 
      "pvalue": 0.004290986331515364, 
      "min": 0.0
    }, 
    "peer_stats": {
      "max": 25.0, 
      "mean": 19.444444444444443, 
      "variance": 37.02469135802469, 
      "pvalue": 1.3697959553465262e-08, 
      "min": 10.0
    }, 
    "sync_blocks_recieved": {
      "max": 3.075000000000001, 
      "mean": 1.4, 
      "variance": 1.5905126560000007, 
      "pvalue": 0.8923762832309032, 
      "min": 0.0
    }, 
    "kvdb_bytes_write": {
      "max": 5199232.436316007, 
      "mean": 1289317.6028853334, 
      "variance": 10174871735249.648, 
      "pvalue": 0.44405436944971893, 
      "min": 0.0
    }
  }, 
  "blockchaincache_size": {
    "metric": {
      "__name__": "blockchaincache_size", 
      "job": "openethereum", 
      "instance": "172.17.0.1:3033"
    }, 
    "values": [
      [
        1633492998, 
        "40515552"
      ], 
      [
        1633493013, 
        "77622592"
      ], 
      [
        1633493028, 
        "77704480"
      ], 
      [
        1633493058, 
        "1159768"
      ], 
      [
        1633493073, 
        "1161808"
      ], 
      [
        1633493088, 
        "1232456"
      ], 
      [
        1633493103, 
        "1232992"
      ], 
      [
        1633493118, 
        "1348648"
      ], 
      [
        1633493133, 
        "3170400"
      ], 
      [
        1633493148, 
        "3170672"
      ], 
      [
        1633493163, 
        "3170672"
      ], 
      [
        1633493178, 
        "3170672"
      ], 
      [
        1633493193, 
        "4317960"
      ], 
      [
        1633493208, 
        "4317960"
      ], 
      [
        1633493223, 
        "4318232"
      ], 
      [
        1633493238, 
        "4318232"
      ], 
      [
        1633493253, 
        "4318232"
      ], 
      [
        1633493268, 
        "4318232"
      ]
    ]
  }, 
  "kvdb_bytes_read": {
    "metric": {
      "instance": "172.17.0.1:3033", 
      "job": "openethereum"
    }, 
    "values": [
      [
        1633492998, 
        "121544.35224"
      ], 
      [
        1633493013, 
        "548782.9"
      ], 
      [
        1633493028, 
        "777771.2"
      ], 
      [
        1633493043, 
        "403823.3409066667"
      ], 
      [
        1633493058, 
        "487621.7"
      ], 
      [
        1633493073, 
        "727886.4"
      ], 
      [
        1633493088, 
        "54394.3"
      ], 
      [
        1633493103, 
        "46995.3"
      ], 
      [
        1633493118, 
        "90569.1"
      ], 
      [
        1633493133, 
        "249829.4"
      ], 
      [
        1633493148, 
        "58076"
      ], 
      [
        1633493163, 
        "61190.3"
      ], 
      [
        1633493178, 
        "47018.5"
      ], 
      [
        1633493193, 
        "79456.8"
      ], 
      [
        1633493208, 
        "47344.3"
      ], 
      [
        1633493223, 
        "37991.2"
      ], 
      [
        1633493238, 
        "39489.4"
      ], 
      [
        1633493253, 
        "51095.9"
      ], 
      [
        1633493268, 
        "46188.7"
      ], 
      [
        1633493283, 
        "55165.74125333333"
      ]
    ]
  }, 
  "sync_blocks_highest": {
    "metric": {
      "instance": "172.17.0.1:3033", 
      "job": "openethereum"
    }, 
    "values": [
      [
        1633492998, 
        "1.9284"
      ], 
      [
        1633493013, 
        "3"
      ], 
      [
        1633493028, 
        "0"
      ], 
      [
        1633493043, 
        "2.0716"
      ], 
      [
        1633493058, 
        "4.5"
      ], 
      [
        1633493073, 
        "1.5"
      ], 
      [
        1633493088, 
        "3"
      ], 
      [
        1633493103, 
        "0"
      ], 
      [
        1633493118, 
        "3"
      ], 
      [
        1633493133, 
        "0"
      ], 
      [
        1633493148, 
        "1.5"
      ], 
      [
        1633493163, 
        "1.5"
      ], 
      [
        1633493178, 
        "0"
      ], 
      [
        1633493193, 
        "1.5"
      ], 
      [
        1633493208, 
        "1.5"
      ], 
      [
        1633493223, 
        "0"
      ], 
      [
        1633493238, 
        "1.5"
      ], 
      [
        1633493253, 
        "3"
      ], 
      [
        1633493268, 
        "0"
      ], 
      [
        1633493283, 
        "0"
      ]
    ]
  }, 
  "import_blocks": {
    "metric": {
      "instance": "172.17.0.1:3033", 
      "job": "openethereum"
    }, 
    "values": [
      [
        1633492998, 
        "0"
      ], 
      [
        1633493013, 
        "0"
      ], 
      [
        1633493028, 
        "0"
      ], 
      [
        1633493043, 
        "0"
      ], 
      [
        1633493058, 
        "0"
      ], 
      [
        1633493073, 
        "0"
      ], 
      [
        1633493088, 
        "0"
      ], 
      [
        1633493103, 
        "0"
      ], 
      [
        1633493118, 
        "1.5"
      ], 
      [
        1633493133, 
        "0"
      ], 
      [
        1633493148, 
        "0"
      ], 
      [
        1633493163, 
        "0"
      ], 
      [
        1633493178, 
        "0"
      ], 
      [
        1633493193, 
        "1.5"
      ], 
      [
        1633493208, 
        "0"
      ], 
      [
        1633493223, 
        "0"
      ], 
      [
        1633493238, 
        "0"
      ], 
      [
        1633493253, 
        "0"
      ], 
      [
        1633493268, 
        "0"
      ], 
      [
        1633493283, 
        "0"
      ]
    ]
  }, 
  "peer_stats": {
    "metric": {
      "__name__": "net_peers", 
      "job": "openethereum", 
      "instance": "172.17.0.1:3033"
    }, 
    "values": [
      [
        1633492998, 
        "14"
      ], 
      [
        1633493013, 
        "14"
      ], 
      [
        1633493028, 
        "13"
      ], 
      [
        1633493058, 
        "12"
      ], 
      [
        1633493073, 
        "11"
      ], 
      [
        1633493088, 
        "10"
      ], 
      [
        1633493103, 
        "10"
      ], 
      [
        1633493118, 
        "21"
      ], 
      [
        1633493133, 
        "24"
      ], 
      [
        1633493148, 
        "25"
      ], 
      [
        1633493163, 
        "25"
      ], 
      [
        1633493178, 
        "25"
      ], 
      [
        1633493193, 
        "25"
      ], 
      [
        1633493208, 
        "24"
      ], 
      [
        1633493223, 
        "24"
      ], 
      [
        1633493238, 
        "24"
      ], 
      [
        1633493253, 
        "24"
      ], 
      [
        1633493268, 
        "25"
      ]
    ]
  }, 
  "sync_blocks_recieved": {
    "metric": {
      "instance": "172.17.0.1:3033", 
      "job": "openethereum"
    },