{
  "stat": {
    "blockchaincache_size": {
      "max": 7021653.599999991, 
      "mean": 5573997.894736842, 
      "variance": 3143510618252.41, 
      "pvalue": 2.833750403162086e-05, 
      "min": 2390812.8
    }, 
    "kvdb_bytes_read": {
      "max": 1119928.09, 
      "mean": 605001.9382693333, 
      "variance": 105301779807.19038, 
      "pvalue": 6.7289729694020985e-09, 
      "min": 105062.93000000001
    }, 
    "sync_blocks_highest": {
      "max": 3.075000000000001, 
      "mean": 1.05, 
      "variance": 1.5974999999999997, 
      "pvalue": 1.0, 
      "min": 0.0
    }, 
    "import_blocks": {
      "max": 4.650000000000002, 
      "mean": 1.9556799999999999, 
      "variance": 3.851117705599999, 
      "pvalue": 0.2715665059134568, 
      "min": 0.0
    }, 
    "peer_stats": {
      "max": 23.199999999999996, 
      "mean": 14.894736842105264, 
      "variance": 38.51523545706371, 
      "pvalue": 5.278997534588924e-12, 
      "min": 7.7
    }, 
    "sync_blocks_recieved": {
      "max": 3.075000000000001, 
      "mean": 0.9, 
      "variance": 1.4399999999999993, 
      "pvalue": 0.9994424390055143, 
      "min": 0.0
    }, 
    "kvdb_bytes_write": {
      "max": 1141312.5450000002, 
      "mean": 449760.1967266666, 
      "variance": 150093050025.65152, 
      "pvalue": 0.33667473807506715, 
      "min": 0.0
    }
  }, 
  "blockchaincache_size": {
    "metric": {
      "__name__": "blockchaincache_size", 
      "job": "openethereum", 
      "instance": "172.17.0.1:3033"
    }, 
    "values": [
      [
        1633493901, 
        "5959784"
      ], 
      [
        1633493916, 
        "5959784"
      ], 
      [
        1633493931, 
        "5960200"
      ], 
      [
        1633493946, 
        "5960200"
      ], 
      [
        1633493961, 
        "5961544"
      ], 
      [
        1633493976, 
        "5965536"
      ], 
      [
        1633493991, 
        "6625680"
      ], 
      [
        1633494006, 
        "6625680"
      ], 
      [
        1633494021, 
        "4869504"
      ], 
      [
        1633494036, 
        "5421864"
      ], 
      [
        1633494051, 
        "5422680"
      ], 
      [
        1633494066, 
        "5423768"
      ], 
      [
        1633494096, 
        "5997504"
      ], 
      [
        1633494111, 
        "5996664"
      ], 
      [
        1633494126, 
        "10585416"
      ], 
      [
        1633494141, 
        "5997768"
      ], 
      [
        1633494156, 
        "2389344"
      ], 
      [
        1633494171, 
        "2390976"
      ], 
      [
        1633494201, 
        "2392064"
      ]
    ]
  }, 
  "kvdb_bytes_read": {
    "metric": {
      "instance": "172.17.0.1:3033", 
      "job": "openethereum"
    }, 
    "values": [
      [
        1633493901, 
        "446047.5"
      ], 
      [
        1633493916, 
        "185420.4"
      ], 
      [
        1633493931, 
        "430219.2"
      ], 
      [
        1633493946, 
        "100136.8"
      ], 
      [
        1633493961, 
        "655016"
      ], 
      [
        1633493976, 
        "595768.5"
      ], 
      [
        1633493991, 
        "574263.4"
      ], 
      [
        1633494006, 
        "105322.2"
      ], 
      [
        1633494021, 
        "218935.658"
      ], 
      [
        1633494036, 
        "485406.39008"
      ], 
      [
        1633494051, 
        "462363.1108533333"
      ], 
      [
        1633494066, 
        "482016.8064533333"
      ], 
      [
        1633494096, 
        "664272.5"
      ], 
      [
        1633494111, 
        "965772.5"
      ], 
      [
        1633494126, 
        "1110659.5"
      ], 
      [
        1633494141, 
        "1296031.3"
      ], 
      [
        1633494156, 
        "990008.2"
      ], 
      [
        1633494171, 
        "975463.6"
      ], 
      [
        1633494186, 
        "633141.4"
      ], 
      [
        1633494201, 
        "723773.8"
      ]
    ]
  }, 
  "sync_blocks_highest": {
    "metric": {
      "instance": "172.17.0.1:3033", 
      "job": "openethereum"
    }, 
    "values": [
      [
        1633493901, 
        "0"
      ], 
      [
        1633493916, 
        "1.5"
      ], 
      [
        1633493931, 
        "0"
      ], 
      [
        1633493946, 
        "1.5"
      ], 
      [
        1633493961, 
        "1.5"
      ], 
      [
        1633493976, 
        "0"
      ], 
      [
        1633493991, 
        "4.5"
      ], 
      [
        1633494006, 
        "1.5"
      ], 
      [
        1633494021, 
        "0"
      ], 
      [
        1633494036, 
        "0"
      ], 
      [
        1633494051, 
        "0"
      ], 
      [
        1633494066, 
        "0"
      ], 
      [
        1633494096, 
        "0"
      ], 
      [
        1633494111, 
        "1.5"
      ], 
      [
        1633494126, 
        "0"
      ], 
      [
        1633494141, 
        "3"
      ], 
      [
        1633494156, 
        "0"
      ], 
      [
        1633494171, 
        "1.5"
      ], 
      [
        1633494186, 
        "3"
      ], 
      [
        1633494201, 
        "1.5"
      ]
    ]
  }, 
  "import_blocks": {
    "metric": {
      "instance": "172.17.0.1:3033", 
      "job": "openethereum"
    }, 
    "values": [
      [
        1633493901, 
        "3"
      ], 
      [
        1633493916, 
        "0"
      ], 
      [
        1633493931, 
        "1.5"
      ], 
      [
        1633493946, 
        "0"
      ], 
      [
        1633493961, 
        "1.5"
      ], 
      [
        1633493976, 
        "1.5"
      ], 
      [
        1633493991, 
        "1.5"
      ], 
      [
        1633494006, 
        "0"
      ], 
      [
        1633494021, 
        "0"
      ], 
      [
        1633494036, 
        "1.5284"
      ], 
      [
        1633494051, 
        "3.0568"
      ], 
      [
        1633494066, 
        "1.5284"
      ], 
      [
        1633494096, 
        "4.5"
      ], 
      [
        1633494111, 
        "1.5"
      ], 
      [
        1633494126, 
        "4.5"
      ], 
      [
        1633494141, 
        "4.5"
      ], 
      [
        1633494156, 
        "1.5"
      ], 
      [
        1633494171, 
        "7.5"
      ], 
      [
        1633494186, 
        "0"
      ], 
      [
        1633494201, 
        "0"
      ]
    ]
  }, 
  "peer_stats": {
    "metric": {
      "__name__": "net_peers", 
      "job": "openethereum", 
      "instance": "172.17.0.1:3033"
    }, 
    "values": [
      [
        1633493901, 
        "8"
      ], 
      [
        1633493916, 
        "8"
      ], 
      [
        1633493931, 
        "8"
      ], 
      [
        1633493946, 
        "11"
      ], 
      [
        1633493961, 
        "20"
      ], 
      [
        1633493976, 
        "19"
      ], 
      [
        1633493991, 
        "21"
      ], 
      [
        1633494006, 
        "25"
      ], 
      [
        1633494021, 
        "23"
      ], 
      [
        1633494036, 
        "23"
      ], 
      [
        1633494051, 
        "21"
      ], 
      [
        1633494066, 
        "20"
      ], 
      [
        1633494096, 
        "15"
      ], 
      [
        1633494111, 
        "15"
      ], 
      [
        1633494126, 
        "13"
      ], 
      [
        1633494141, 
        "10"
      ], 
      [
        1633494156, 
        "10"
      ], 
      [
        1633494171, 
        "8"
      ], 
      [
        1633494201, 
        "5"
      ]
    ]
  }, 
  "sync_blocks_recieved": {
    "metric": {
      "instance": "172.17.0.1:3033", 
      "job": "openethereum"
    },