{
  "stat": {
    "blockchaincache_size": {
      "max": 76861166.4, 
      "mean": 15282275.294117646, 
      "variance": 815084010048550.0, 
      "pvalue": 0.014403485247697372, 
      "min": 320132.80000000005
    }, 
    "kvdb_bytes_read": {
      "max": 1176626.38, 
      "mean": 663432.6981147799, 
      "variance": 135743085433.72523, 
      "pvalue": 4.920075064634507e-07, 
      "min": 103263.6522984597
    }, 
    "sync_blocks_highest": {
      "max": 3.6002400480095997, 
      "mean": 1.558911782356471, 
      "variance": 2.1461633319610107, 
      "pvalue": 0.610608639747803, 
      "min": 0.0
    }, 
    "import_blocks": {
      "max": 4.30544, 
      "mean": 1.4630352941176472, 
      "variance": 2.602750024636678, 
      "pvalue": 0.7515446616744289, 
      "min": 0.0
    }, 
    "peer_stats": {
      "max": 5.0, 
      "mean": 3.2941176470588234, 
      "variance": 1.8546712802768166, 
      "pvalue": 4.847959458075522e-16, 
      "min": 2.0
    }, 
    "sync_blocks_recieved": {
      "max": 3.6002400480095997, 
      "mean": 1.272329425885177, 
      "variance": 2.22203023680036, 
      "pvalue": 0.9999997875812722, 
      "min": 0.0
    }, 
    "kvdb_bytes_write": {
      "max": 3397288.7648409614, 
      "mean": 1109267.1565642061, 
      "variance": 6215689895545.369, 
      "pvalue": 0.26266488872141697, 
      "min": 0.0
    }
  }, 
  "blockchaincache_size": {
    "metric": {
      "__name__": "blockchaincache_size", 
      "job": "openethereum", 
      "instance": "172.17.0.1:3033"
    }, 
    "values": [
      [
        1633494204, 
        "2392064"
      ], 
      [
        1633494219, 
        "4049016"
      ], 
      [
        1633494249, 
        "4050936"
      ], 
      [
        1633494264, 
        "4490040"
      ], 
      [
        1633494279, 
        "4491128"
      ], 
      [
        1633494294, 
        "4939928"
      ], 
      [
        1633494339, 
        "76836584"
      ], 
      [
        1633494354, 
        "76860568"
      ], 
      [
        1633494369, 
        "76863560"
      ], 
      [
        1633494384, 
        "145656"
      ], 
      [
        1633494414, 
        "363752"
      ], 
      [
        1633494429, 
        "364024"
      ], 
      [
        1633494444, 
        "364024"
      ], 
      [
        1633494459, 
        "364712"
      ], 
      [
        1633494474, 
        "882624"
      ], 
      [
        1633494489, 
        "1169888"
      ], 
      [
        1633494504, 
        "1170176"
      ]
    ]
  }, 
  "kvdb_bytes_read": {
    "metric": {
      "instance": "172.17.0.1:3033", 
      "job": "openethereum"
    }, 
    "values": [
      [
        1633494204, 
        "723773.8"
      ], 
      [
        1633494219, 
        "1364338.7"
      ], 
      [
        1633494234, 
        "601890.9633333334"
      ], 
      [
        1633494249, 
        "957052.7"
      ], 
      [
        1633494264, 
        "1027864.8"
      ], 
      [
        1633494279, 
        "393449.3550133333"
      ], 
      [
        1633494339, 
        "780807.3614722943"
      ], 
      [
        1633494354, 
        "1001934"
      ], 
      [
        1633494369, 
        "1129698.3"
      ], 
      [
        1633494384, 
        "1048248.9"
      ], 
      [
        1633494414, 
        "42307.461492298455"
      ], 
      [
        1633494429, 
        "464628.9"
      ], 
      [
        1633494444, 
        "281845.2"
      ], 
      [
        1633494459, 
        "446304"
      ], 
      [
        1633494474, 
        "118502.7"
      ], 
      [
        1633494489, 
        "535041.3"
      ], 
      [
        1633494504, 
        "360667.42664"
      ]
    ]
  }, 
  "sync_blocks_highest": {
    "metric": {
      "instance": "172.17.0.1:3033", 
      "job": "openethereum"
    }, 
    "values": [
      [
        1633494204, 
        "1.5"
      ], 
      [
        1633494219, 
        "1.5"
      ], 
      [
        1633494234, 
        "0"
      ], 
      [
        1633494249, 
        "3"
      ], 
      [
        1633494264, 
        "1.5"
      ], 
      [
        1633494279, 
        "2.1284"
      ], 
      [
        1633494339, 
        "1.5003000600120022"
      ], 
      [
        1633494354, 
        "0"
      ], 
      [
        1633494369, 
        "0"
      ], 
      [
        1633494384, 
        "1.5"
      ], 
      [
        1633494414, 
        "6.001200240048009"
      ], 
      [
        1633494429, 
        "3"
      ], 
      [
        1633494444, 
        "0"
      ], 
      [
        1633494459, 
        "1.5"
      ], 
      [
        1633494474, 
        "0"
      ], 
      [
        1633494489, 
        "1.5"
      ], 
      [
        1633494504, 
        "1.8716000000000002"
      ]
    ]
  }, 
  "import_blocks": {
    "metric": {
      "instance": "172.17.0.1:3033", 
      "job": "openethereum"
    }, 
    "values": [
      [
        1633494204, 
        "0"
      ], 
      [
        1633494219, 
        "3"
      ], 
      [
        1633494234, 
        "3.7432000000000003"
      ], 
      [
        1633494249, 
        "4.5"
      ], 
      [
        1633494264, 
        "3"
      ], 
      [
        1633494279, 
        "4.2568"
      ], 
      [
        1633494339, 
        "0"
      ], 
      [
        1633494354, 
        "0"
      ], 
      [
        1633494369, 
        "0"
      ], 
      [
        1633494384, 
        "0"
      ], 
      [
        1633494414, 
        "0"
      ], 
      [
        1633494429, 
        "1.5"
      ], 
      [
        1633494444, 
        "0"
      ], 
      [
        1633494459, 
        "1.5"
      ], 
      [
        1633494474, 
        "0"
      ], 
      [
        1633494489, 
        "1.5"
      ], 
      [
        1633494504, 
        "1.8716000000000002"
      ]
    ]
  }, 
  "peer_stats": {
    "metric": {
      "__name__": "net_peers", 
      "job": "openethereum", 
      "instance": "172.17.0.1:3033"
    }, 
    "values": [
      [
        1633494204, 
        "5"
      ], 
      [
        1633494219, 
        "5"
      ], 
      [
        1633494249, 
        "5"
      ], 
      [
        1633494264, 
        "5"
      ], 
      [
        1633494279, 
        "5"
      ], 
      [
        1633494294, 
        "5"
      ], 
      [
        1633494339, 
        "4"
      ], 
      [
        1633494354, 
        "3"
      ], 
      [
        1633494369, 
        "3"
      ], 
      [
        1633494384, 
        "2"
      ], 
      [
        1633494414, 
        "2"
      ], 
      [
        1633494429, 
        "2"
      ], 
      [
        1633494444, 
        "2"
      ], 
      [
        1633494459, 
        "2"
      ], 
      [
        1633494474, 
        "2"
      ], 
      [
        1633494489, 
        "2"
      ], 
      [
        1633494504, 
        "2"
      ]
    ]
  }, 
  "sync_blocks_recieved": {
    "metric": {
      "instance": "172.17.0.1:3033", 
      "job": "openethereum"
    }, 
    "values": [
      [
        1633494204, 
        "1.5"
      ], 
      [
        1633494219, 
        "1.5"
      ], 
      [
        1633494234, 
        "0"
      ], 
      [
        1633494249, 
        "3"
      ], 
      [
        1633494264, 
        "1.5"
      ], 
      [
        1633494279, 
        "2.1284"
      ], 
      [
        1633494339, 
        "6.001200240048009"
      ], 
      [
        1633494354, 
        "0"
      ], 
      [
        1633494369, 
        "0"
      ], 
      [
        1633494384, 
        "1.5"
      ], 
      [
        1633494414, 
        "0"
      ], 
      [
        1633494429, 
        "1.5"
      ], 
      [
        1633494444, 
        "0"
      ], 
      [
        1633494459, 
        "1.5"
      ], 
      [
        1633494474, 
        "0"
      ], 
      [
        1633494489, 
        "1.5"
      ], 
      [
        1633494504, 
        "0"
      ]
    ]
  }, 
  "kvdb_bytes_write": {
    "metric": {
      "instance": "172.17.0.1:3033",