{
  "stat": {
    "blockchaincache_size": {
      "max": 9293864.0, 
      "mean": 3999162.6666666665, 
      "variance": 17587781165502.982, 
      "pvalue": 0.11736440903659667, 
      "min": 94336.0
    }, 
    "kvdb_bytes_read": {
      "max": 735353.2950000002, 
      "mean": 343902.7319266667, 
      "variance": 51566356902.96593, 
      "pvalue": 0.0018115958578795398, 
      "min": 45752.295000000006
    }, 
    "sync_blocks_highest": {
      "max": 3.0, 
      "mean": 1.3164200000000001, 
      "variance": 1.6881107115999998, 
      "pvalue": 0.21442542201755566, 
      "min": 0.0
    }, 
    "import_blocks": {
      "max": 3.0, 
      "mean": 0.825, 
      "variance": 1.0068749999999997, 
      "pvalue": 0.25557006286402517, 
      "min": 0.0
    }, 
    "peer_stats": {
      "max": 17.0, 
      "mean": 13.285714285714286, 
      "variance": 5.537414965986393, 
      "pvalue": 1.9156405802163893e-15, 
      "min": 9.0
    }, 
    "sync_blocks_recieved": {
      "max": 3.150000000000002, 
      "mean": 1.46642, 
      "variance": 2.6206847116, 
      "pvalue": 0.19725684352241984, 
      "min": 0.0
    }, 
    "kvdb_bytes_write": {
      "max": 1319840.9150000014, 
      "mean": 440290.30500000005, 
      "variance": 547339410283.0421, 
      "pvalue": 0.33075969243305336, 
      "min": 0.0
    }
  }, 
  "blockchaincache_size": {
    "metric": {
      "__name__": "blockchaincache_size", 
      "job": "openethereum", 
      "instance": "172.17.0.1:3033"
    }, 
    "values": [
      [
        1633647015, 
        "9293864"
      ], 
      [
        1633647030, 
        "18742264"
      ], 
      [
        1633647045, 
        "1928"
      ], 
      [
        1633647060, 
        "94336"
      ], 
      [
        1633647075, 
        "94336"
      ], 
      [
        1633647090, 
        "94336"
      ], 
      [
        1633647105, 
        "679320"
      ], 
      [
        1633647120, 
        "1223176"
      ], 
      [
        1633647135, 
        "1326256"
      ], 
      [
        1633647150, 
        "1486056"
      ], 
      [
        1633647165, 
        "1629824"
      ], 
      [
        1633647180, 
        "2252440"
      ], 
      [
        1633647195, 
        "4351752"
      ], 
      [
        1633647210, 
        "6653672"
      ], 
      [
        1633647225, 
        "3104264"
      ], 
      [
        1633647240, 
        "5398296"
      ], 
      [
        1633647255, 
        "5398584"
      ], 
      [
        1633647270, 
        "5538744"
      ], 
      [
        1633647285, 
        "5538744"
      ], 
      [
        1633647300, 
        "5539704"
      ], 
      [
        1633647315, 
        "5540520"
      ]
    ]
  }, 
  "kvdb_bytes_read": {
    "metric": {
      "instance": "172.17.0.1:3033", 
      "job": "openethereum"
    }, 
    "values": [
      [
        1633647015, 
        "197970.4"
      ], 
      [
        1633647030, 
        "59109.53853333333"
      ], 
      [
        1633647045, 
        "632355.4"
      ], 
      [
        1633647060, 
        "46007.9"
      ], 
      [
        1633647075, 
        "40895.8"
      ], 
      [
        1633647105, 
        "76283.7"
      ], 
      [
        1633647120, 
        "424072"
      ], 
      [
        1633647135, 
        "394218.6"
      ], 
      [
        1633647150, 
        "404149.1"
      ], 
      [
        1633647165, 
        "163834"
      ], 
      [
        1633647180, 
        "192945.4"
      ], 
      [
        1633647195, 
        "446400.5"
      ], 
      [
        1633647210, 
        "488831.2"
      ], 
      [
        1633647225, 
        "362665.8"
      ], 
      [
        1633647240, 
        "86538.1"
      ], 
      [
        1633647255, 
        "370556.1"
      ], 
      [
        1633647270, 
        "466984.6"
      ], 
      [
        1633647285, 
        "448717.8"
      ], 
      [
        1633647300, 
        "845988.3"
      ], 
      [
        1633647315, 
        "729530.4"
      ]
    ]
  }, 
  "sync_blocks_highest": {
    "metric": {
      "instance": "172.17.0.1:3033", 
      "job": "openethereum"
    }, 
    "values": [
      [
        1633647015, 
        "0"
      ], 
      [
        1633647030, 
        "2.3284"
      ], 
      [
        1633647045, 
        "1.5"
      ], 
      [
        1633647060, 
        "0"
      ], 
      [
        1633647075, 
        "0"
      ], 
      [
        1633647105, 
        "3"
      ], 
      [
        1633647120, 
        "0"
      ], 
      [
        1633647135, 
        "3"
      ], 
      [
        1633647150, 
        "0"
      ], 
      [
        1633647165, 
        "3"
      ], 
      [
        1633647180, 
        "0"
      ], 
      [
        1633647195, 
        "1.5"
      ], 
      [
        1633647210, 
        "0"
      ], 
      [
        1633647225, 
        "0"
      ], 
      [
        1633647240, 
        "1.5"
      ], 
      [
        1633647255, 
        "3"
      ], 
      [
        1633647270, 
        "1.5"
      ], 
      [
        1633647285, 
        "0"
      ], 
      [
        1633647300, 
        "3"
      ], 
      [
        1633647315, 
        "3"
      ]
    ]
  }, 
  "import_blocks": {
    "metric": {
      "instance": "172.17.0.1:3033", 
      "job": "openethereum"
    }, 
    "values": [
      [
        1633647015, 
        "0"
      ], 
      [
        1633647030, 
        "0"
      ], 
      [
        1633647045, 
        "1.5"
      ], 
      [
        1633647060, 
        "0"
      ], 
      [
        1633647075, 
        "0"
      ], 
      [
        1633647105, 
        "0"
      ], 
      [
        1633647120, 
        "1.5"
      ], 
      [
        1633647135, 
        "1.5"
      ], 
      [
        1633647150, 
        "1.5"
      ], 
      [
        1633647165, 
        "0"
      ], 
      [
        1633647180, 
        "0"
      ], 
      [
        1633647195, 
        "1.5"
      ], 
      [
        1633647210, 
        "1.5"
      ], 
      [
        1633647225, 
        "0"
      ], 
      [
        1633647240, 
        "0"
      ], 
      [
        1633647255, 
        "1.5"
      ], 
      [
        1633647270, 
        "0"
      ], 
      [
        1633647285, 
        "0"
      ], 
      [
        1633647300, 
        "3"
      ], 
      [
        1633647315, 
        "3"
      ]
    ]
  }, 
  "peer_stats": {
    "metric": {
      "__name__": "net_peers", 
      "job": "openethereum", 
      "instance": "172.17.0.1:3033"
    }, 
    "values": [
      [
        1633647015, 
        "12"
      ], 
      [
        1633647030, 
        "9"
      ], 
      [
        1633647045, 
        "9"
      ], 
      [
        1633647060, 
        "11"
      ], 
      [
        1633647075, 
        "14"
      ], 
      [
        1633647090, 
        "14"
      ], 
      [
        1633647105, 
        "12"
      ], 
      [
        1633647120, 
        "13"
      ], 
      [
        1633647135, 
        "13"
      ], 
      [
        1633647150, 
        "14"
      ], 
      [
        1633647165, 
        "13"
      ], 
      [
        1633647180, 
        "20"
      ], 
      [
        1633647195, 
        "17"
      ], 
      [
        1633647210, 
        "15"
      ], 
      [
        1633647225, 
        "13"
      ], 
      [
        1633647240, 
        "14"
      ], 
      [
        1633647255, 
        "11"
      ], 
      [
        1633647270, 
        "13"
      ], 
      [
        1633647285, 
        "14"
      ], 
      [
        1633647300, 
        "14"
      ], 
      [
        1633647315, 
        "14"
      ]
    ]
  }, 
  "sync_blocks_recieved": {
    "metric": {
      "instance": "172.17.0.1:3033", 
      "job": "openethereum"
    },