{
  "known_broadcasts": {
    "values": [
      [
        1633636185, 
        0.8905158101864543
      ], 
      [
        1633636200, 
        0.8421325035683909
      ], 
      [
        1633636215, 
        0.8534551275776343
      ], 
      [
        1633636230, 
        0.7537044243464867
      ], 
      [
        1633636245, 
        0.8006130706442435
      ], 
      [
        1633636260, 
        0.714108817978803
      ], 
      [
        1633636275, 
        0.8006709352331364
      ], 
      [
        1633636290, 
        0.7795419141118343
      ], 
      [
        1633636305, 
        0.7556706374960106
      ], 
      [
        1633636320, 
        0.8482650343410139
      ], 
      [
        1633636335, 
        1.1800652036831338
      ], 
      [
        1633636350, 
        1.0220329075741992
      ], 
      [
        1633636365, 
        1.0190066388069183
      ], 
      [
        1633636380, 
        1.0074648421683485
      ], 
      [
        1633636395, 
        0.8033551127978096
      ], 
      [
        1633636410, 
        0.7648398554366571
      ], 
      [
        1633636425, 
        0.608308127449242
      ], 
      [
        1633636440, 
        0.7804912584377549
      ], 
      [
        1633636455, 
        0.7703765872507932
      ], 
      [
        1633636470, 
        0.698001026489597
      ]
    ], 
    "name": "geth.eth/fetcher/block/broadcasts/drop.meter", 
    "columns": [
      "time", 
      "mean"
    ]
  }, 
  "memory_used": {
    "values": [
      [
        1633636185, 
        1830053680
      ], 
      [
        1633636200, 
        1598790804
      ], 
      [
        1633636215, 
        1726652320
      ], 
      [
        1633636230, 
        1682296700
      ], 
      [
        1633636245, 
        1634731008
      ], 
      [
        1633636260, 
        1885723868
      ], 
      [
        1633636275, 
        1563631232
      ], 
      [
        1633636290, 
        1776921892
      ], 
      [
        1633636305, 
        1973520920
      ], 
      [
        1633636320, 
        1669006664
      ], 
      [
        1633636335, 
        1873264872
      ], 
      [
        1633636350, 
        1559637360
      ], 
      [
        1633636365, 
        1749460000
      ], 
      [
        1633636380, 
        1777509732
      ], 
      [
        1633636395, 
        1724117520
      ], 
      [
        1633636410, 
        1719099336
      ], 
      [
        1633636425, 
        1685198680
      ], 
      [
        1633636440, 
        1902591712
      ], 
      [
        1633636455, 
        1802037072
      ], 
      [
        1633636470, 
        1581495000
      ]
    ], 
    "name": "geth.system/memory/used.gauge", 
    "columns": [
      "time", 
      "mean"
    ]
  }, 
  "stat": {
    "known_broadcasts": {
      "max": 1.0299345223796461, 
      "mean": 0.834630991778923, 
      "variance": 0.016874153683307233, 
      "pvalue": 1.7422370382373357e-14, 
      "min": 0.6935163815375793
    }, 
    "memory_used": {
      "max": 1906138172.4, 
      "mean": 1735787018.6, 
      "variance": 1.332241257319961e+16, 
      "pvalue": 0.0007410300277110306, 
      "min": 1563431538.4
    }, 
    "disk_write": {
      "max": 70940.76431639057, 
      "mean": 18130.80479786435, 
      "variance": 540346698.2845032, 
      "pvalue": 0.007207689468369704, 
      "min": 5639.04786647251
    }, 
    "disk_read": {
      "max": 49114057.13286329, 
      "mean": 23061108.273281027, 
      "variance": 79949470488407.1, 
      "pvalue": 0.1926822623615021, 
      "min": 18886253.661800586
    }, 
    "traffic_egress": {
      "max": 4269.03470075404, 
      "mean": 3471.0264838661105, 
      "variance": 261854.76314670834, 
      "pvalue": 0.0025552922599857155, 
      "min": 2861.975019094808
    }, 
    "peer_stats": {
      "max": 50.0, 
      "mean": 48.625, 
      "variance": 0.596875, 
      "pvalue": 1.2383554025110041e-14, 
      "min": 47.474999999999994
    }, 
    "traffic_ingress": {
      "max": 268671.70217599825, 
      "mean": 197434.6481632402, 
      "variance": 1011324136.2284505, 
      "pvalue": 0.29379419933935047, 
      "min": 170048.13549175014
    }, 
    "known_announcements": {
      "max": 2.200617163144266, 
      "mean": 1.7766032433243133, 
      "variance": 0.07766022593713355, 
      "pvalue": 0.004860404397931066, 
      "min": 1.489124217954633
    }
  }, 
  "disk_write": {
    "values": [
      [
        1633636185, 
        5524.726635124277
      ], 
      [
        1633636200, 
        5645.064773385575
      ], 
      [
        1633636215, 
        6379.163741936024
      ], 
      [
        1633636230, 
        5962.880579802826
      ], 
      [
        1633636245, 
        6711.829007408994
      ], 
      [
        1633636260, 
        7050.444536905331
      ], 
      [
        1633636275, 
        7831.52131873839
      ], 
      [
        1633636290, 
        8014.258824181166
      ], 
      [
        1633636305, 
        8741.823382904731
      ], 
      [
        1633636320, 
        8600.635452316452
      ], 
      [
        1633636335, 
        9284.412515240494
      ], 
      [
        1633636350, 
        9356.263052964228
      ], 
      [
        1633636365, 
        10528.130212023336
      ], 
      [
        1633636380, 
        10387.59421865177
      ], 
      [
        1633636395, 
        11819.84528516619
      ], 
      [
        1633636410, 
        11412.692075067058
      ], 
      [
        1633636425, 
        14688.046705756378
      ], 
      [
        1633636440, 
        90090.91478885754
      ], 
      [
        1633636455, 
        69932.86165994493
      ], 
      [
        1633636470, 
        54652.987190911364
      ]
    ], 
    "name": "geth.eth/db/chaindata/disk/write.meter", 
    "columns": [
      "time", 
      "mean"
    ]
  }, 
  "disk_read": {
    "values": [
      [
        1633636185, 
        19358039.677962467
      ], 
      [
        1633636200, 
        18895480.246972755
      ], 
      [
        1633636215, 
        19480849.70073934
      ], 
      [
        1633636230, 
        19217307.36550708
      ], 
      [
        1633636245, 
        20331738.23476064
      ], 
      [
        1633636260, 
        20085098.336315133
      ], 
      [
        1633636275, 
        20443907.146062315
      ], 
      [
        1633636290, 
        19532466.223696843
      ], 
      [
        1633636305, 
        19769338.340336863
      ], 
      [
        1633636320, 
        19109706.78993959
      ], 
      [
        1633636335, 
        19502185.32384185
      ], 
      [
        1633636350, 
        18710948.543529406
      ], 
      [
        1633636365, 
        19094720.228139553
      ], 
      [
        1633636380, 
        19282885.463836502
      ], 
      [
        1633636395, 
        20029852.221128896
      ], 
      [
        1633636410, 
        19656736.88668166
      ], 
      [
        1633636425, 
        21451269.33869159
      ], 
      [
        1633636440, 
        29040768.541574717
      ], 
      [
        1633636455, 
        49114851.53360537
      ], 
      [
        1633636470, 
        49114015.322297916
      ]
    ], 
    "name": "geth.eth/db/chaindata/disk/read.meter", 
    "columns": [
      "time", 
      "mean"
    ]
  },