{
  "known_broadcasts": {
    "values": [
      [
        1633635885, 
        1.1078479311779983
      ], 
      [
        1633635900, 
        1.0598500943157583
      ], 
      [
        1633635915, 
        1.1867797025232114
      ], 
      [
        1633635930, 
        1.001678051936079
      ], 
      [
        1633635945, 
        1.2848889065129645
      ], 
      [
        1633635960, 
        1.0681135232982248
      ], 
      [
        1633635975, 
        0.9969946843016477
      ], 
      [
        1633635990, 
        0.980931294082535
      ], 
      [
        1633636005, 
        0.9553374936434468
      ], 
      [
        1633636020, 
        0.9839420693213141
      ], 
      [
        1633636035, 
        1.164780265173214
      ], 
      [
        1633636050, 
        1.274146561145262
      ], 
      [
        1633636065, 
        1.3207665633317072
      ], 
      [
        1633636080, 
        1.2518742004781103
      ], 
      [
        1633636095, 
        1.1404526129269545
      ], 
      [
        1633636110, 
        1.0114737479793305
      ], 
      [
        1633636125, 
        0.9522512135065954
      ], 
      [
        1633636140, 
        1.0128730658638911
      ], 
      [
        1633636155, 
        1.0272649661689435
      ], 
      [
        1633636170, 
        0.9609012809362263
      ]
    ], 
    "name": "geth.eth/fetcher/block/broadcasts/drop.meter", 
    "columns": [
      "time", 
      "mean"
    ]
  }, 
  "memory_used": {
    "values": [
      [
        1633635885, 
        1547558528
      ], 
      [
        1633635900, 
        1763357512
      ], 
      [
        1633635915, 
        1496278248
      ], 
      [
        1633635930, 
        1720890716
      ], 
      [
        1633635945, 
        1911725832
      ], 
      [
        1633635960, 
        1612833876
      ], 
      [
        1633635975, 
        1819374560
      ], 
      [
        1633635990, 
        1550229508
      ], 
      [
        1633636005, 
        1720200464
      ], 
      [
        1633636020, 
        1741880288
      ], 
      [
        1633636035, 
        1657458960
      ], 
      [
        1633636050, 
        1897810084
      ], 
      [
        1633636065, 
        1562362352
      ], 
      [
        1633636080, 
        1800762708
      ], 
      [
        1633636095, 
        1524655928
      ], 
      [
        1633636110, 
        1749194096
      ], 
      [
        1633636125, 
        1942523184
      ], 
      [
        1633636140, 
        1651403428
      ], 
      [
        1633636155, 
        1905109376
      ], 
      [
        1633636170, 
        1617737464
      ]
    ], 
    "name": "geth.system/memory/used.gauge", 
    "columns": [
      "time", 
      "mean"
    ]
  }, 
  "stat": {
    "known_broadcasts": {
      "max": 1.2866827893539017, 
      "mean": 1.0871574114311706, 
      "variance": 0.01399088944200938, 
      "pvalue": 8.032650447819802e-15, 
      "min": 0.9551831796366043
    }, 
    "memory_used": {
      "max": 1913265699.6000001, 
      "mean": 1709667355.6, 
      "variance": 1.859045900000367e+16, 
      "pvalue": 0.00014564826101976774, 
      "min": 1523237044.0
    }, 
    "disk_write": {
      "max": 3076.7648738800162, 
      "mean": 1413.3784291189047, 
      "variance": 842253.1896921039, 
      "pvalue": 1.6190077041622543e-06, 
      "min": 634.7710820947971
    }, 
    "disk_read": {
      "max": 21511523.330158036, 
      "mean": 19378697.900319003, 
      "variance": 1692155846046.2034, 
      "pvalue": 0.27748531157985257, 
      "min": 18157869.736165024
    }, 
    "traffic_egress": {
      "max": 3988.374566717945, 
      "mean": 2809.7962508599285, 
      "variance": 496908.3278003248, 
      "pvalue": 0.04469036394317569, 
      "min": 2096.362831680982
    }, 
    "peer_stats": {
      "max": 49.5, 
      "mean": 48.65, 
      "variance": 0.27750000000000014, 
      "pvalue": 1.0770222130262953e-15, 
      "min": 48.0
    }, 
    "traffic_ingress": {
      "max": 237959.55258874863, 
      "mean": 193613.5951290281, 
      "variance": 531482285.12771595, 
      "pvalue": 0.3109850797243846, 
      "min": 164067.25778819117
    }, 
    "known_announcements": {
      "max": 2.9124719530100274, 
      "mean": 2.381235828130047, 
      "variance": 0.11320188630972958, 
      "pvalue": 0.007259034079802002, 
      "min": 1.893623804494432
    }
  }, 
  "disk_write": {
    "values": [
      [
        1633635885, 
        3860.4275138874937
      ], 
      [
        1633635900, 
        3029.01116760721
      ], 
      [
        1633635915, 
        2408.7382393537323
      ], 
      [
        1633635930, 
        1888.8970493051436
      ], 
      [
        1633635945, 
        1510.275978377812
      ], 
      [
        1633635960, 
        1206.389658345108
      ], 
      [
        1633635975, 
        948.3044850208411
      ], 
      [
        1633635990, 
        747.6385071632508
      ], 
      [
        1633636005, 
        966.3479412192568
      ], 
      [
        1633636020, 
        1208.3900487269068
      ], 
      [
        1633636035, 
        1005.4735284848771
      ], 
      [
        1633636050, 
        875.3657505742633
      ], 
      [
        1633636065, 
        860.1535643849421
      ], 
      [
        1633636080, 
        703.7592981773757
      ], 
      [
        1633636095, 
        771.1562084641545
      ], 
      [
        1633636110, 
        693.869119680548
      ], 
      [
        1633636125, 
        635.557547334091
      ], 
      [
        1633636140, 
        619.8282425482112
      ], 
      [
        1633636155, 
        1292.465261948525
      ], 
      [
        1633636170, 
        3035.519471774359
      ]
    ], 
    "name": "geth.eth/db/chaindata/disk/write.meter", 
    "columns": [
      "time", 
      "mean"
    ]
  }, 
  "disk_read": {
    "values": [
      [
        1633635885, 
        23286273.703220114
      ], 
      [
        1633635900, 
        21418115.41578635
      ], 
      [
        1633635915, 
        21129867.92285552
      ], 
      [
        1633635930, 
        20290831.391255423
      ], 
      [
        1633635945, 
        20304579.401820228
      ], 
      [
        1633635960, 
        19592688.290355466
      ], 
      [
        1633635975, 
        19912007.515814114
      ], 
      [
        1633635990, 
        19221425.632723644
      ], 
      [
        1633636005, 
        19003914.32957264
      ], 
      [
        1633636020, 
        18440335.13750156
      ], 
      [
        1633636035, 
        18711597.43194856
      ], 
      [
        1633636050, 
        18333898.600754127
      ], 
      [
        1633636065, 
        18782379.138428092
      ], 
      [
        1633636080, 
        18368137.575309265
      ], 
      [
        1633636095, 
        18604905.6651172
      ], 
      [
        1633636110, 
        18112016.6195985
      ], 
      [
        1633636125, 
        18663786.77569841
      ], 
      [
        1633636140, 
        18160283.058089577
      ], 
      [
        1633636155, 
        18704229.37183989
      ], 
      [
        1633636170, 
        18532685.02869127
      ]
    ], 
    "name": "geth.eth/db/chaindata/disk/read.meter", 
    "columns": [
      "time", 
      "mean"
    ]
  },