{
  "stat": {
    "blockchaincache_size": {
      "max": 15867902.399999961, 
      "mean": 7039756.266666667, 
      "variance": 80277274336152.44, 
      "pvalue": 0.22093868288806795, 
      "min": 3127826.4
    }, 
    "kvdb_bytes_read": {
      "max": 473905.1199999999, 
      "mean": 227758.77684839017, 
      "variance": 27952134000.319023, 
      "pvalue": 0.2339955417308135, 
      "min": 35231.09131652661
    }, 
    "sync_blocks_highest": {
      "max": 0.29999999999999893, 
      "mean": 0.08823529411764706, 
      "variance": 0.12456747404844278, 
      "pvalue": 0.00011213354883365468, 
      "min": 0.0
    }, 
    "import_blocks": {
      "max": 1.5, 
      "mean": 0.6176470588235294, 
      "variance": 0.5449826989619376, 
      "pvalue": 0.12012643673011875, 
      "min": 0.0
    }, 
    "peer_stats": {
      "max": 9.399999999999991, 
      "mean": 3.0, 
      "variance": 14.266666666666667, 
      "pvalue": 1.042173555904485e-11, 
      "min": 0.0
    }, 
    "sync_blocks_recieved": {
      "max": 439.5, 
      "mean": 51.705882352941174, 
      "variance": 20051.23702422146, 
      "pvalue": 0.003732739700268805, 
      "min": 0.0
    }, 
    "kvdb_bytes_write": {
      "max": 1454327.6259143644, 
      "mean": 398067.64602311514, 
      "variance": 460793252100.25726, 
      "pvalue": 0.2922325360810349, 
      "min": 0.0
    }
  }, 
  "blockchaincache_size": {
    "metric": {
      "__name__": "blockchaincache_size", 
      "job": "openethereum", 
      "instance": "172.17.0.1:3033"
    }, 
    "values": [
      [
        1633642457, 
        "3441600"
      ], 
      [
        1633642532, 
        "40445664"
      ], 
      [
        1633642547, 
        "2395688"
      ], 
      [
        1633642577, 
        "4689720"
      ], 
      [
        1633642592, 
        "4754520"
      ], 
      [
        1633642607, 
        "4754792"
      ], 
      [
        1633642622, 
        "4755064"
      ], 
      [
        1633642637, 
        "4755472"
      ], 
      [
        1633642652, 
        "4755744"
      ], 
      [
        1633642667, 
        "4755744"
      ], 
      [
        1633642682, 
        "4755744"
      ], 
      [
        1633642697, 
        "5333896"
      ], 
      [
        1633642712, 
        "5333896"
      ], 
      [
        1633642727, 
        "5334224"
      ], 
      [
        1633642742, 
        "5334576"
      ]
    ]
  }, 
  "kvdb_bytes_read": {
    "metric": {
      "instance": "172.17.0.1:3033", 
      "job": "openethereum"
    }, 
    "values": [
      [
        1633642457, 
        "38816"
      ], 
      [
        1633642472, 
        "47517.17736"
      ], 
      [
        1633642532, 
        "20891.456582633054"
      ], 
      [
        1633642547, 
        "580172"
      ], 
      [
        1633642562, 
        "84214.57248000002"
      ], 
      [
        1633642577, 
        "369059.9"
      ], 
      [
        1633642592, 
        "202731.9"
      ], 
      [
        1633642607, 
        "356401.3"
      ], 
      [
        1633642622, 
        "447338.4"
      ], 
      [
        1633642637, 
        "181020.9"
      ], 
      [
        1633642652, 
        "384305.9"
      ], 
      [
        1633642667, 
        "46431.5"
      ], 
      [
        1633642682, 
        "93883.7"
      ], 
      [
        1633642697, 
        "308972"
      ], 
      [
        1633642712, 
        "70685.1"
      ], 
      [
        1633642727, 
        "384424.5"
      ], 
      [
        1633642742, 
        "255032.9"
      ]
    ]
  }, 
  "sync_blocks_highest": {
    "metric": {
      "instance": "172.17.0.1:3033", 
      "job": "openethereum"
    }, 
    "values": [
      [
        1633642457, 
        "1.5"
      ], 
      [
        1633642472, 
        "0"
      ], 
      [
        1633642532, 
        "0"
      ], 
      [
        1633642547, 
        "0"
      ], 
      [
        1633642562, 
        "0"
      ], 
      [
        1633642577, 
        "0"
      ], 
      [
        1633642592, 
        "0"
      ], 
      [
        1633642607, 
        "0"
      ], 
      [
        1633642622, 
        "0"
      ], 
      [
        1633642637, 
        "0"
      ], 
      [
        1633642652, 
        "0"
      ], 
      [
        1633642667, 
        "0"
      ], 
      [
        1633642682, 
        "0"
      ], 
      [
        1633642697, 
        "0"
      ], 
      [
        1633642712, 
        "0"
      ], 
      [
        1633642727, 
        "0"
      ], 
      [
        1633642742, 
        "0"
      ]
    ]
  }, 
  "import_blocks": {
    "metric": {
      "instance": "172.17.0.1:3033", 
      "job": "openethereum"
    }, 
    "values": [
      [
        1633642457, 
        "0"
      ], 
      [
        1633642472, 
        "0"
      ], 
      [
        1633642532, 
        "0"
      ], 
      [
        1633642547, 
        "0"
      ], 
      [
        1633642562, 
        "0"
      ], 
      [
        1633642577, 
        "0"
      ], 
      [
        1633642592, 
        "1.5"
      ], 
      [
        1633642607, 
        "0"
      ], 
      [
        1633642622, 
        "1.5"
      ], 
      [
        1633642637, 
        "1.5"
      ], 
      [
        1633642652, 
        "1.5"
      ], 
      [
        1633642667, 
        "0"
      ], 
      [
        1633642682, 
        "0"
      ], 
      [
        1633642697, 
        "1.5"
      ], 
      [
        1633642712, 
        "0"
      ], 
      [
        1633642727, 
        "1.5"
      ], 
      [
        1633642742, 
        "1.5"
      ]
    ]
  }, 
  "peer_stats": {
    "metric": {
      "__name__": "net_peers", 
      "job": "openethereum", 
      "instance": "172.17.0.1:3033"
    }, 
    "values": [
      [
        1633642457, 
        "15"
      ], 
      [
        1633642532, 
        "7"
      ], 
      [
        1633642547, 
        "6"
      ], 
      [
        1633642577, 
        "1"
      ], 
      [
        1633642592, 
        "0"
      ], 
      [
        1633642607, 
        "1"
      ], 
      [
        1633642622, 
        "4"
      ], 
      [
        1633642637, 
        "3"
      ], 
      [
        1633642652, 
        "1"
      ], 
      [
        1633642667, 
        "2"
      ], 
      [
        1633642682, 
        "0"
      ], 
      [
        1633642697, 
        "1"
      ], 
      [
        1633642712, 
        "1"
      ], 
      [
        1633642727, 
        "1"
      ], 
      [
        1633642742, 
        "2"
      ]
    ]
  }, 
  "sync_blocks_recieved": {
    "metric": {
      "instance": "172.17.0.1:3033", 
      "job": "openethereum"
    }, 
    "values": [
      [
        1633642457, 
        "439.5"
      ], 
      [
        1633642472, 
        "0"
      ], 
      [
        1633642532, 
        "0"
      ], 
      [
        1633642547, 
        "0"
      ], 
      [
        1633642562, 
        "0"
      ], 
      [
        1633642577, 
        "0"
      ], 
      [
        1633642592, 
        "0"
      ], 
      [
        1633642607, 
        "0"
      ], 
      [
        1633642622, 
        "0"
      ], 
      [
        1633642637, 
        "0"
      ], 
      [
        1633642652, 
        "0"
      ], 
      [
        1633642667, 
        "0"
      ], 
      [
        1633642682, 
        "439.5"
      ], 
      [
        1633642697, 
        "0"
      ], 
      [
        1633642712, 
        "0"
      ], 
      [
        1633642727, 
        "0"
      ], 
      [
        1633642742, 
        "0"
      ]
    ]
  }, 
  "kvdb_bytes_write": {
    "metric": {
      "instance": "172.17.0.1:3033", 
      "job": "openethereum"
    },