{
  "stat": {
    "blockchaincache_size": {
      "max": 5632488.0, 
      "mean": 5134388.19047619, 
      "variance": 1957097861398.059, 
      "pvalue": 0.005888560196094381, 
      "min": 4642336.0
    }, 
    "kvdb_bytes_read": {
      "max": 887000.5, 
      "mean": 226372.98571428563, 
      "variance": 107908471006.95267, 
      "pvalue": 0.0007377472808284077, 
      "min": 21.8
    }, 
    "sync_blocks_highest": {
      "max": 0.0, 
      "mean": 0.0, 
      "variance": 0.0, 
      "pvalue": 9.844812423210397e-06, 
      "min": 0.0
    }, 
    "import_blocks": {
      "max": 3.0, 
      "mean": 0.7142857142857143, 
      "variance": 1.6326530612244898, 
      "pvalue": 0.36114209289671306, 
      "min": 0.0
    }, 
    "peer_stats": {
      "max": 8.0, 
      "mean": 6.0, 
      "variance": 13.904761904761905, 
      "pvalue": 1.0063051524898248e-17, 
      "min": 4.0
    }, 
    "sync_blocks_recieved": {
      "max": 144.0, 
      "mean": 13.785714285714286, 
      "variance": 1805.4897959183668, 
      "pvalue": 0.0005634617169866253, 
      "min": 0.0
    }, 
    "kvdb_bytes_write": {
      "max": 6981321.7, 
      "mean": 2108045.6666666665, 
      "variance": 9596336591360.56, 
      "pvalue": 0.0626285773240801, 
      "min": 0.0
    }
  }, 
  "blockchaincache_size": {
    "metric": {
      "__name__": "blockchaincache_size", 
      "job": "openethereum", 
      "instance": "172.17.0.1:3033"
    }, 
    "values": [
      [
        1633491159, 
        "5632216"
      ], 
      [
        1633491174, 
        "5632488"
      ], 
      [
        1633491189, 
        "5631392"
      ], 
      [
        1633491204, 
        "5575856"
      ], 
      [
        1633491219, 
        "5521672"
      ], 
      [
        1633491234, 
        "5521944"
      ], 
      [
        1633491249, 
        "5522920"
      ], 
      [
        1633491264, 
        "586800"
      ], 
      [
        1633491279, 
        "4649344"
      ], 
      [
        1633491294, 
        "9274488"
      ], 
      [
        1633491309, 
        "4671024"
      ], 
      [
        1633491324, 
        "5619520"
      ], 
      [
        1633491339, 
        "4642336"
      ], 
      [
        1633491354, 
        "4643664"
      ], 
      [
        1633491369, 
        "4650960"
      ], 
      [
        1633491384, 
        "4650960"
      ], 
      [
        1633491399, 
        "4650960"
      ], 
      [
        1633491414, 
        "5106872"
      ], 
      [
        1633491429, 
        "5189456"
      ], 
      [
        1633491444, 
        "5223640"
      ], 
      [
        1633491459, 
        "5223640"
      ]
    ]
  }, 
  "kvdb_bytes_read": {
    "metric": {
      "instance": "172.17.0.1:3033", 
      "job": "openethereum"
    }, 
    "values": [
      [
        1633491159, 
        "134088.1"
      ], 
      [
        1633491174, 
        "467031.3"
      ], 
      [
        1633491189, 
        "701848.1"
      ], 
      [
        1633491204, 
        "671177"
      ], 
      [
        1633491219, 
        "192506"
      ], 
      [
        1633491234, 
        "202625.7"
      ], 
      [
        1633491249, 
        "887000.5"
      ], 
      [
        1633491264, 
        "1122300.2"
      ], 
      [
        1633491279, 
        "109.8"
      ], 
      [
        1633491294, 
        "171.1"
      ], 
      [
        1633491309, 
        "51.8"
      ], 
      [
        1633491324, 
        "69064.6"
      ], 
      [
        1633491339, 
        "2964.8"
      ], 
      [
        1633491354, 
        "33.6"
      ], 
      [
        1633491369, 
        "111426.6"
      ], 
      [
        1633491384, 
        "30.2"
      ], 
      [
        1633491399, 
        "0"
      ], 
      [
        1633491414, 
        "45499.3"
      ], 
      [
        1633491429, 
        "6982.7"
      ], 
      [
        1633491444, 
        "138899.5"
      ], 
      [
        1633491459, 
        "21.8"
      ]
    ]
  }, 
  "sync_blocks_highest": {
    "metric": {
      "instance": "172.17.0.1:3033", 
      "job": "openethereum"
    }, 
    "values": [
      [
        1633491159, 
        "0"
      ], 
      [
        1633491174, 
        "0"
      ], 
      [
        1633491189, 
        "0"
      ], 
      [
        1633491204, 
        "0"
      ], 
      [
        1633491219, 
        "0"
      ], 
      [
        1633491234, 
        "0"
      ], 
      [
        1633491249, 
        "0"
      ], 
      [
        1633491264, 
        "0"
      ], 
      [
        1633491279, 
        "0"
      ], 
      [
        1633491294, 
        "0"
      ], 
      [
        1633491309, 
        "0"
      ], 
      [
        1633491324, 
        "0"
      ], 
      [
        1633491339, 
        "0"
      ], 
      [
        1633491354, 
        "0"
      ], 
      [
        1633491369, 
        "0"
      ], 
      [
        1633491384, 
        "0"
      ], 
      [
        1633491399, 
        "0"
      ], 
      [
        1633491414, 
        "0"
      ], 
      [
        1633491429, 
        "0"
      ], 
      [
        1633491444, 
        "0"
      ], 
      [
        1633491459, 
        "0"
      ]
    ]
  }, 
  "import_blocks": {
    "metric": {
      "instance": "172.17.0.1:3033", 
      "job": "openethereum"
    }, 
    "values": [
      [
        1633491159, 
        "0"
      ], 
      [
        1633491174, 
        "1.5"
      ], 
      [
        1633491189, 
        "1.5"
      ], 
      [
        1633491204, 
        "3"
      ], 
      [
        1633491219, 
        "0"
      ], 
      [
        1633491234, 
        "1.5"
      ], 
      [
        1633491249, 
        "4.5"
      ], 
      [
        1633491264, 
        "3"
      ], 
      [
        1633491279, 
        "0"
      ], 
      [
        1633491294, 
        "0"
      ], 
      [
        1633491309, 
        "0"
      ], 
      [
        1633491324, 
        "0"
      ], 
      [
        1633491339, 
        "0"
      ], 
      [
        1633491354, 
        "0"
      ], 
      [
        1633491369, 
        "0"
      ], 
      [
        1633491384, 
        "0"
      ], 
      [
        1633491399, 
        "0"
      ], 
      [
        1633491414, 
        "0"
      ], 
      [
        1633491429, 
        "0"
      ], 
      [
        1633491444, 
        "0"
      ], 
      [
        1633491459, 
        "0"
      ]
    ]
  }, 
  "peer_stats": {
    "metric": {
      "__name__": "net_peers", 
      "job": "openethereum", 
      "instance": "172.17.0.1:3033"
    }, 
    "values": [
      [
        1633491159, 
        "22"
      ], 
      [
        1633491174, 
        "6"
      ], 
      [
        1633491189, 
        "5"
      ], 
      [
        1633491204, 
        "5"
      ], 
      [
        1633491219, 
        "5"
      ], 
      [
        1633491234, 
        "4"
      ], 
      [
        1633491249, 
        "4"
      ], 
      [
        1633491264, 
        "4"
      ], 
      [
        1633491279, 
        "5"
      ], 
      [
        1633491294, 
        "7"
      ], 
      [
        1633491309, 
        "5"
      ], 
      [
        1633491324, 
        "8"
      ], 
      [
        1633491339, 
        "6"
      ], 
      [
        1633491354, 
        "6"
      ], 
      [
        1633491369, 
        "6"
      ], 
      [
        1633491384, 
        "5"
      ], 
      [
        1633491399, 
        "6"
      ], 
      [
        1633491414, 
        "5"
      ], 
      [
        1633491429, 
        "4"
      ], 
      [
        1633491444, 
        "4"
      ], 
      [
        1633491459, 
        "4"
      ]
    ]
  }, 
  "sync_blocks_recieved": {
    "metric": {
      "instance": "172.17.0.1:3033", 
      "job": "openethereum"
    },