{
  "stat": {
    "blockchaincache_size": {
      "max": 6161640.399999999, 
      "mean": 4235741.777777778, 
      "variance": 4098403432119.506, 
      "pvalue": 0.01771055584588631, 
      "min": 1229168.0
    }, 
    "kvdb_bytes_read": {
      "max": 356064.36101265816, 
      "mean": 165768.84373093076, 
      "variance": 9860631268.31852, 
      "pvalue": 0.4764668433359017, 
      "min": 63852.92843199999
    }, 
    "sync_blocks_highest": {
      "max": 3.2017397468354427, 
      "mean": 1.640869099032018, 
      "variance": 1.3725013303039784, 
      "pvalue": 0.26019269365884246, 
      "min": 0.0
    }, 
    "import_blocks": {
      "max": 3.0, 
      "mean": 0.6176470588235294, 
      "variance": 1.0743944636678202, 
      "pvalue": 0.544157040198565, 
      "min": 0.0
    }, 
    "peer_stats": {
      "max": 28.0, 
      "mean": 24.22222222222222, 
      "variance": 8.617283950617285, 
      "pvalue": 0.010936426000273003, 
      "min": 18.7
    }, 
    "sync_blocks_recieved": {
      "max": 3.2017397468354427, 
      "mean": 1.640869099032018, 
      "variance": 1.3725013303039784, 
      "pvalue": 0.25640563120869636, 
      "min": 0.0
    }, 
    "kvdb_bytes_write": {
      "max": 617607.4599999997, 
      "mean": 177018.1529411765, 
      "variance": 78038787703.34135, 
      "pvalue": 0.208724645012857, 
      "min": 0.0
    }
  }, 
  "blockchaincache_size": {
    "metric": {
      "__name__": "blockchaincache_size", 
      "job": "openethereum", 
      "instance": "172.17.0.1:3033"
    }, 
    "values": [
      [
        1633490858, 
        "1229168"
      ], 
      [
        1633490873, 
        "1229168"
      ], 
      [
        1633490888, 
        "1229168"
      ], 
      [
        1633490903, 
        "1229440"
      ], 
      [
        1633490918, 
        "1631192"
      ], 
      [
        1633490933, 
        "2478632"
      ], 
      [
        1633490948, 
        "3637440"
      ], 
      [
        1633490963, 
        "6608312"
      ], 
      [
        1633490978, 
        "5565016"
      ], 
      [
        1633490993, 
        "5450352"
      ], 
      [
        1633491008, 
        "6082816"
      ], 
      [
        1633491023, 
        "6082816"
      ], 
      [
        1633491068, 
        "5630704"
      ], 
      [
        1633491098, 
        "5631112"
      ], 
      [
        1633491113, 
        "5631656"
      ], 
      [
        1633491128, 
        "5631928"
      ], 
      [
        1633491143, 
        "5632216"
      ], 
      [
        1633491158, 
        "5632216"
      ]
    ]
  }, 
  "kvdb_bytes_read": {
    "metric": {
      "instance": "172.17.0.1:3033", 
      "job": "openethereum"
    }, 
    "values": [
      [
        1633490858, 
        "68182.3"
      ], 
      [
        1633490873, 
        "107043.1"
      ], 
      [
        1633490888, 
        "51431.84216"
      ], 
      [
        1633490903, 
        "127955"
      ], 
      [
        1633490918, 
        "66958.2"
      ], 
      [
        1633490933, 
        "91125.2"
      ], 
      [
        1633490948, 
        "92161.9"
      ], 
      [
        1633490963, 
        "251722"
      ], 
      [
        1633490978, 
        "194863.5"
      ], 
      [
        1633490993, 
        "198889.5"
      ], 
      [
        1633491008, 
        "107188.4"
      ], 
      [
        1633491023, 
        "89360.8"
      ], 
      [
        1633491098, 
        "349464.10126582277"
      ], 
      [
        1633491113, 
        "382465.4"
      ], 
      [
        1633491128, 
        "297431.3"
      ], 
      [
        1633491143, 
        "207739.7"
      ], 
      [
        1633491158, 
        "134088.1"
      ]
    ]
  }, 
  "sync_blocks_highest": {
    "metric": {
      "instance": "172.17.0.1:3033", 
      "job": "openethereum"
    }, 
    "values": [
      [
        1633490858, 
        "1.5"
      ], 
      [
        1633490873, 
        "1.5"
      ], 
      [
        1633490888, 
        "3.8568"
      ], 
      [
        1633490903, 
        "3"
      ], 
      [
        1633490918, 
        "3"
      ], 
      [
        1633490933, 
        "1.5"
      ], 
      [
        1633490948, 
        "1.5"
      ], 
      [
        1633490963, 
        "0"
      ], 
      [
        1633490978, 
        "1.5"
      ], 
      [
        1633490993, 
        "1.5"
      ], 
      [
        1633491008, 
        "1.5"
      ], 
      [
        1633491023, 
        "1.5"
      ], 
      [
        1633491098, 
        "3.037974683544304"
      ], 
      [
        1633491113, 
        "3"
      ], 
      [
        1633491128, 
        "0"
      ], 
      [
        1633491143, 
        "0"
      ], 
      [
        1633491158, 
        "0"
      ]
    ]
  }, 
  "import_blocks": {
    "metric": {
      "instance": "172.17.0.1:3033", 
      "job": "openethereum"
    }, 
    "values": [
      [
        1633490858, 
        "0"
      ], 
      [
        1633490873, 
        "0"
      ], 
      [
        1633490888, 
        "0"
      ], 
      [
        1633490903, 
        "1.5"
      ], 
      [
        1633490918, 
        "0"
      ], 
      [
        1633490933, 
        "0"
      ], 
      [
        1633490948, 
        "0"
      ], 
      [
        1633490963, 
        "3"
      ], 
      [
        1633490978, 
        "0"
      ], 
      [
        1633490993, 
        "0"
      ], 
      [
        1633491008, 
        "0"
      ], 
      [
        1633491023, 
        "0"
      ], 
      [
        1633491098, 
        "0"
      ], 
      [
        1633491113, 
        "3"
      ], 
      [
        1633491128, 
        "1.5"
      ], 
      [
        1633491143, 
        "1.5"
      ], 
      [
        1633491158, 
        "0"
      ]
    ]
  }, 
  "peer_stats": {
    "metric": {
      "__name__": "net_peers", 
      "job": "openethereum", 
      "instance": "172.17.0.1:3033"
    }, 
    "values": [
      [
        1633490858, 
        "26"
      ], 
      [
        1633490873, 
        "23"
      ], 
      [
        1633490888, 
        "24"
      ], 
      [
        1633490903, 
        "24"
      ], 
      [
        1633490918, 
        "24"
      ], 
      [
        1633490933, 
        "26"
      ], 
      [
        1633490948, 
        "24"
      ], 
      [
        1633490963, 
        "25"
      ], 
      [
        1633490978, 
        "27"
      ], 
      [
        1633490993, 
        "28"
      ], 
      [
        1633491008, 
        "28"
      ], 
      [
        1633491023, 
        "27"
      ], 
      [
        1633491068, 
        "27"
      ], 
      [
        1633491098, 
        "24"
      ], 
      [
        1633491113, 
        "21"
      ], 
      [
        1633491128, 
        "19"
      ], 
      [
        1633491143, 
        "17"
      ], 
      [
        1633491158, 
        "22"
      ]
    ]
  }, 
  "sync_blocks_recieved": {
    "metric": {
      "instance": "172.17.0.1:3033", 
      "job": "openethereum"
    }, 
    "values": [
      [
        1633490858, 
        "1.5"
      ], 
      [
        1633490873, 
        "1.5"
      ], 
      [
        1633490888, 
        "3.8568"
      ], 
      [
        1633490903, 
        "3"
      ], 
      [
        1633490918, 
        "3"
      ], 
      [
        1633490933, 
        "1.5"
      ], 
      [
        1633490948, 
        "1.5"
      ], 
      [
        1633490963, 
        "0"
      ], 
      [
        1633490978, 
        "1.5"
      ], 
      [
        1633490993, 
        "1.5"
      ], 
      [
        1633491008, 
        "1.5"
      ], 
      [
        1633491023, 
        "1.5"
      ], 
      [
        1633491098, 
        "3.037974683544304"
      ], 
      [
        1633491113, 
        "3"
      ], 
      [
        1633491128, 
        "0"
      ], 
      [
        1633491143, 
        "0"
      ], 
      [
        1633491158, 
        "0"
      ]
    ]
  }, 
  "kvdb_bytes_write": {
    "metric": {
      "instance": "172.17.0.1:3033",