{
  "stat": {
    "blockchaincache_size": {
      "max": 5555272.0, 
      "mean": 4898155.047619048, 
      "variance": 546890063984.6167, 
      "pvalue": 0.00785725297386867, 
      "min": 3387400.0
    }, 
    "kvdb_bytes_read": {
      "max": 990241.6, 
      "mean": 809993.0904761904, 
      "variance": 26775198977.137054, 
      "pvalue": 5.3452357018478515e-16, 
      "min": 521825.7
    }, 
    "sync_blocks_highest": {
      "max": 1.5, 
      "mean": 0.6428571428571429, 
      "variance": 0.7653061224489797, 
      "pvalue": 0.7329267274941256, 
      "min": 0.0
    }, 
    "import_blocks": {
      "max": 6.0, 
      "mean": 2.857142857142857, 
      "variance": 3.6224489795918364, 
      "pvalue": 0.00012016674032181476, 
      "min": 1.5
    }, 
    "peer_stats": {
      "max": 12.0, 
      "mean": 10.095238095238095, 
      "variance": 3.990929705215418, 
      "pvalue": 1.974576544694246e-19, 
      "min": 7.0
    }, 
    "sync_blocks_recieved": {
      "max": 64.5, 
      "mean": 14.285714285714286, 
      "variance": 2310.5612244897957, 
      "pvalue": 0.9916967934038171, 
      "min": 0.0
    }, 
    "kvdb_bytes_write": {
      "max": 1112526.0, 
      "mean": 605567.261904762, 
      "variance": 95985830211.6757, 
      "pvalue": 0.0011248539072973905, 
      "min": 171927.2
    }
  }, 
  "blockchaincache_size": {
    "metric": {
      "__name__": "blockchaincache_size", 
      "job": "openethereum", 
      "instance": "172.17.0.1:3033"
    }, 
    "values": [
      [
        1633492063, 
        "5550752"
      ], 
      [
        1633492078, 
        "5551856"
      ], 
      [
        1633492093, 
        "5552400"
      ], 
      [
        1633492108, 
        "5553080"
      ], 
      [
        1633492123, 
        "5553896"
      ], 
      [
        1633492138, 
        "5554456"
      ], 
      [
        1633492153, 
        "5555272"
      ], 
      [
        1633492168, 
        "6056952"
      ], 
      [
        1633492183, 
        "3386048"
      ], 
      [
        1633492198, 
        "3387400"
      ], 
      [
        1633492213, 
        "3388232"
      ], 
      [
        1633492228, 
        "4536504"
      ], 
      [
        1633492243, 
        "4537880"
      ], 
      [
        1633492258, 
        "4835040"
      ], 
      [
        1633492273, 
        "4835312"
      ], 
      [
        1633492288, 
        "4835584"
      ], 
      [
        1633492303, 
        "4836432"
      ], 
      [
        1633492318, 
        "4837792"
      ], 
      [
        1633492333, 
        "4838336"
      ], 
      [
        1633492348, 
        "4838880"
      ], 
      [
        1633492363, 
        "4839152"
      ]
    ]
  }, 
  "kvdb_bytes_read": {
    "metric": {
      "instance": "172.17.0.1:3033", 
      "job": "openethereum"
    }, 
    "values": [
      [
        1633492063, 
        "768036.4"
      ], 
      [
        1633492078, 
        "961275.3"
      ], 
      [
        1633492093, 
        "918615.9"
      ], 
      [
        1633492108, 
        "681888.8"
      ], 
      [
        1633492123, 
        "775918.6"
      ], 
      [
        1633492138, 
        "665987"
      ], 
      [
        1633492153, 
        "662110.7"
      ], 
      [
        1633492168, 
        "1115086.3"
      ], 
      [
        1633492183, 
        "687925.4"
      ], 
      [
        1633492198, 
        "937188.6"
      ], 
      [
        1633492213, 
        "990241.6"
      ], 
      [
        1633492228, 
        "902411.6"
      ], 
      [
        1633492243, 
        "981708"
      ], 
      [
        1633492258, 
        "964406.3"
      ], 
      [
        1633492273, 
        "717277.7"
      ], 
      [
        1633492288, 
        "521825.7"
      ], 
      [
        1633492303, 
        "949884.8"
      ], 
      [
        1633492318, 
        "686072.9"
      ], 
      [
        1633492333, 
        "867415.1"
      ], 
      [
        1633492348, 
        "786211"
      ], 
      [
        1633492363, 
        "468367.2"
      ]
    ]
  }, 
  "sync_blocks_highest": {
    "metric": {
      "instance": "172.17.0.1:3033", 
      "job": "openethereum"
    }, 
    "values": [
      [
        1633492063, 
        "0"
      ], 
      [
        1633492078, 
        "0"
      ], 
      [
        1633492093, 
        "0"
      ], 
      [
        1633492108, 
        "1.5"
      ], 
      [
        1633492123, 
        "1.5"
      ], 
      [
        1633492138, 
        "0"
      ], 
      [
        1633492153, 
        "0"
      ], 
      [
        1633492168, 
        "0"
      ], 
      [
        1633492183, 
        "1.5"
      ], 
      [
        1633492198, 
        "0"
      ], 
      [
        1633492213, 
        "1.5"
      ], 
      [
        1633492228, 
        "0"
      ], 
      [
        1633492243, 
        "1.5"
      ], 
      [
        1633492258, 
        "1.5"
      ], 
      [
        1633492273, 
        "0"
      ], 
      [
        1633492288, 
        "1.5"
      ], 
      [
        1633492303, 
        "0"
      ], 
      [
        1633492318, 
        "0"
      ], 
      [
        1633492333, 
        "0"
      ], 
      [
        1633492348, 
        "0"
      ], 
      [
        1633492363, 
        "3"
      ]
    ]
  }, 
  "import_blocks": {
    "metric": {
      "instance": "172.17.0.1:3033", 
      "job": "openethereum"
    }, 
    "values": [
      [
        1633492063, 
        "1.5"
      ], 
      [
        1633492078, 
        "6"
      ], 
      [
        1633492093, 
        "3"
      ], 
      [
        1633492108, 
        "1.5"
      ], 
      [
        1633492123, 
        "3"
      ], 
      [
        1633492138, 
        "1.5"
      ], 
      [
        1633492153, 
        "4.5"
      ], 
      [
        1633492168, 
        "7.5"
      ], 
      [
        1633492183, 
        "1.5"
      ], 
      [
        1633492198, 
        "1.5"
      ], 
      [
        1633492213, 
        "3"
      ], 
      [
        1633492228, 
        "3"
      ], 
      [
        1633492243, 
        "6"
      ], 
      [
        1633492258, 
        "4.5"
      ], 
      [
        1633492273, 
        "1.5"
      ], 
      [
        1633492288, 
        "1.5"
      ], 
      [
        1633492303, 
        "1.5"
      ], 
      [
        1633492318, 
        "4.5"
      ], 
      [
        1633492333, 
        "1.5"
      ], 
      [
        1633492348, 
        "1.5"
      ], 
      [
        1633492363, 
        "0"
      ]
    ]
  }, 
  "peer_stats": {
    "metric": {
      "__name__": "net_peers", 
      "job": "openethereum", 
      "instance": "172.17.0.1:3033"
    }, 
    "values": [
      [
        1633492063, 
        "11"
      ], 
      [
        1633492078, 
        "10"
      ], 
      [
        1633492093, 
        "9"
      ], 
      [
        1633492108, 
        "7"
      ], 
      [
        1633492123, 
        "7"
      ], 
      [
        1633492138, 
        "6"
      ], 
      [
        1633492153, 
        "8"
      ], 
      [
        1633492168, 
        "8"
      ], 
      [
        1633492183, 
        "13"
      ], 
      [
        1633492198, 
        "12"
      ], 
      [
        1633492213, 
        "11"
      ], 
      [
        1633492228, 
        "12"
      ], 
      [
        1633492243, 
        "12"
      ], 
      [
        1633492258, 
        "12"
      ], 
      [
        1633492273, 
        "12"
      ], 
      [
        1633492288, 
        "12"
      ], 
      [
        1633492303, 
        "11"
      ], 
      [
        1633492318, 
        "11"
      ], 
      [
        1633492333, 
        "10"
      ], 
      [
        1633492348, 
        "10"
      ], 
      [
        1633492363, 
        "8"
      ]
    ]
  }, 
  "sync_blocks_recieved": {
    "metric": {
      "instance": "172.17.0.1:3033", 
      "job": "openethereum"
    },