{
  "stat": {
    "blockchaincache_size": {
      "max": 6132394.4, 
      "mean": 4970396.8, 
      "variance": 3116844575989.76, 
      "pvalue": 0.0003209946314324498, 
      "min": 930723.2
    }, 
    "kvdb_bytes_read": {
      "max": 748407.5, 
      "mean": 360195.39006476186, 
      "variance": 46048993353.607735, 
      "pvalue": 6.0430615499368015e-05, 
      "min": 108690.9
    }, 
    "sync_blocks_highest": {
      "max": 4.5, 
      "mean": 1.6673714285714287, 
      "variance": 3.3459781877551027, 
      "pvalue": 0.25438581488630224, 
      "min": 0.0
    }, 
    "import_blocks": {
      "max": 3.0, 
      "mean": 1.2142857142857142, 
      "variance": 1.6326530612244894, 
      "pvalue": 0.9946253358785002, 
      "min": 0.0
    }, 
    "peer_stats": {
      "max": 16.0, 
      "mean": 10.05, 
      "variance": 14.3475, 
      "pvalue": 2.357918355772638e-18, 
      "min": 4.0
    }, 
    "sync_blocks_recieved": {
      "max": 5.014800000000001, 
      "mean": 1.6034095238095236, 
      "variance": 3.9449829122902496, 
      "pvalue": 0.5842794229876294, 
      "min": 0.0
    }, 
    "kvdb_bytes_write": {
      "max": 838721.9, 
      "mean": 383015.13809523813, 
      "variance": 474496396571.9833, 
      "pvalue": 0.934641143271068, 
      "min": 0.0
    }
  }, 
  "blockchaincache_size": {
    "metric": {
      "__name__": "blockchaincache_size", 
      "job": "openethereum", 
      "instance": "172.17.0.1:3033"
    }, 
    "values": [
      [
        1633491760, 
        "5728040"
      ], 
      [
        1633491775, 
        "5728592"
      ], 
      [
        1633491790, 
        "6016136"
      ], 
      [
        1633491805, 
        "6017256"
      ], 
      [
        1633491820, 
        "6017672"
      ], 
      [
        1633491835, 
        "6050744"
      ], 
      [
        1633491850, 
        "5826216"
      ], 
      [
        1633491865, 
        "6127480"
      ], 
      [
        1633491880, 
        "6127480"
      ], 
      [
        1633491895, 
        "6132144"
      ], 
      [
        1633491910, 
        "6137152"
      ], 
      [
        1633491925, 
        "5751232"
      ], 
      [
        1633491940, 
        "4297968"
      ], 
      [
        1633491955, 
        "4298800"
      ], 
      [
        1633491970, 
        "5186280"
      ], 
      [
        1633491985, 
        "930328"
      ], 
      [
        1633492000, 
        "930744"
      ], 
      [
        1633492015, 
        "1002984"
      ], 
      [
        1633492045, 
        "5550208"
      ], 
      [
        1633492060, 
        "5550480"
      ]
    ]
  }, 
  "kvdb_bytes_read": {
    "metric": {
      "instance": "172.17.0.1:3033", 
      "job": "openethereum"
    }, 
    "values": [
      [
        1633491760, 
        "169757.2"
      ], 
      [
        1633491775, 
        "364306.9"
      ], 
      [
        1633491790, 
        "441651.1"
      ], 
      [
        1633491805, 
        "374458.1"
      ], 
      [
        1633491820, 
        "132207.6"
      ], 
      [
        1633491835, 
        "20881.0912"
      ], 
      [
        1633491850, 
        "436945.1"
      ], 
      [
        1633491865, 
        "108690.9"
      ], 
      [
        1633491880, 
        "124484.5"
      ], 
      [
        1633491895, 
        "426873.5"
      ], 
      [
        1633491910, 
        "354050.8"
      ], 
      [
        1633491925, 
        "136333.3"
      ], 
      [
        1633491940, 
        "488590.3"
      ], 
      [
        1633491955, 
        "481544.9"
      ], 
      [
        1633491970, 
        "189832"
      ], 
      [
        1633491985, 
        "351812.5"
      ], 
      [
        1633492000, 
        "440847.9"
      ], 
      [
        1633492015, 
        "360315"
      ], 
      [
        1633492030, 
        "460360.20016000007"
      ], 
      [
        1633492045, 
        "748407.5"
      ], 
      [
        1633492060, 
        "951752.8"
      ]
    ]
  }, 
  "sync_blocks_highest": {
    "metric": {
      "instance": "172.17.0.1:3033", 
      "job": "openethereum"
    }, 
    "values": [
      [
        1633491760, 
        "0"
      ], 
      [
        1633491775, 
        "4.5"
      ], 
      [
        1633491790, 
        "0"
      ], 
      [
        1633491805, 
        "0"
      ], 
      [
        1633491820, 
        "0"
      ], 
      [
        1633491835, 
        "0"
      ], 
      [
        1633491850, 
        "4.5"
      ], 
      [
        1633491865, 
        "3"
      ], 
      [
        1633491880, 
        "0"
      ], 
      [
        1633491895, 
        "3"
      ], 
      [
        1633491910, 
        "4.5"
      ], 
      [
        1633491925, 
        "3"
      ], 
      [
        1633491940, 
        "0"
      ], 
      [
        1633491955, 
        "0"
      ], 
      [
        1633491970, 
        "1.5"
      ], 
      [
        1633491985, 
        "0"
      ], 
      [
        1633492000, 
        "1.5"
      ], 
      [
        1633492015, 
        "0"
      ], 
      [
        1633492030, 
        "5.014800000000001"
      ], 
      [
        1633492045, 
        "1.5"
      ], 
      [
        1633492060, 
        "3"
      ]
    ]
  }, 
  "import_blocks": {
    "metric": {
      "instance": "172.17.0.1:3033", 
      "job": "openethereum"
    }, 
    "values": [
      [
        1633491760, 
        "0"
      ], 
      [
        1633491775, 
        "0"
      ], 
      [
        1633491790, 
        "3"
      ], 
      [
        1633491805, 
        "1.5"
      ], 
      [
        1633491820, 
        "0"
      ], 
      [
        1633491835, 
        "0"
      ], 
      [
        1633491850, 
        "3"
      ], 
      [
        1633491865, 
        "0"
      ], 
      [
        1633491880, 
        "0"
      ], 
      [
        1633491895, 
        "0"
      ], 
      [
        1633491910, 
        "1.5"
      ], 
      [
        1633491925, 
        "1.5"
      ], 
      [
        1633491940, 
        "1.5"
      ], 
      [
        1633491955, 
        "3"
      ], 
      [
        1633491970, 
        "0"
      ], 
      [
        1633491985, 
        "1.5"
      ], 
      [
        1633492000, 
        "1.5"
      ], 
      [
        1633492015, 
        "1.5"
      ], 
      [
        1633492030, 
        "0"
      ], 
      [
        1633492045, 
        "4.5"
      ], 
      [
        1633492060, 
        "1.5"
      ]
    ]
  }, 
  "peer_stats": {
    "metric": {
      "__name__": "net_peers", 
      "job": "openethereum", 
      "instance": "172.17.0.1:3033"
    }, 
    "values": [
      [
        1633491760, 
        "6"
      ], 
      [
        1633491775, 
        "5"
      ], 
      [
        1633491790, 
        "4"
      ], 
      [
        1633491805, 
        "4"
      ], 
      [
        1633491820, 
        "8"
      ], 
      [
        1633491835, 
        "7"
      ], 
      [
        1633491850, 
        "7"
      ], 
      [
        1633491865, 
        "9"
      ], 
      [
        1633491880, 
        "11"
      ], 
      [
        1633491895, 
        "12"
      ], 
      [
        1633491910, 
        "9"
      ], 
      [
        1633491925, 
        "11"
      ], 
      [
        1633491940, 
        "9"
      ], 
      [
        1633491955, 
        "14"
      ], 
      [
        1633491970, 
        "15"
      ], 
      [
        1633491985, 
        "15"
      ], 
      [
        1633492000, 
        "16"
      ], 
      [
        1633492015, 
        "16"
      ], 
      [
        1633492045, 
        "12"
      ], 
      [
        1633492060, 
        "11"
      ]
    ]
  }, 
  "sync_blocks_recieved": {
    "metric": {
      "instance": "172.17.0.1:3033", 
      "job": "openethereum"
    },