{
  "stat": {
    "blockchaincache_size": {
      "max": 38918688.0, 
      "mean": 10685323.368421054, 
      "variance": 152656756029159.16, 
      "pvalue": 0.005800113311977247, 
      "min": 3426796.0
    }, 
    "kvdb_bytes_read": {
      "max": 1244442.5299999998, 
      "mean": 380921.8072205902, 
      "variance": 179936804261.28882, 
      "pvalue": 0.07647662993635178, 
      "min": 36592.06
    }, 
    "sync_blocks_highest": {
      "max": 3.4522970673606204, 
      "mean": 1.2501501351216093, 
      "variance": 2.313025856115063, 
      "pvalue": 0.398515266842017, 
      "min": 0.0
    }, 
    "import_blocks": {
      "max": 6.226530459137739, 
      "mean": 1.8335084309031404, 
      "variance": 6.139672678138095, 
      "pvalue": 0.2546347054177488, 
      "min": 0.0
    }, 
    "peer_stats": {
      "max": 21.0, 
      "mean": 13.31578947368421, 
      "variance": 26.637119113573416, 
      "pvalue": 6.652328220465862e-14, 
      "min": 5.800000000000001
    }, 
    "sync_blocks_recieved": {
      "max": 3.4522970673606204, 
      "mean": 1.2501501351216093, 
      "variance": 2.313025856115063, 
      "pvalue": 0.4038473611152129, 
      "min": 0.0
    }, 
    "kvdb_bytes_write": {
      "max": 2324251.5084490324, 
      "mean": 619836.1702724888, 
      "variance": 886827371006.1014, 
      "pvalue": 0.3492770951065761, 
      "min": 0.0
    }
  }, 
  "blockchaincache_size": {
    "metric": {
      "__name__": "blockchaincache_size", 
      "job": "openethereum", 
      "instance": "172.17.0.1:3033"
    }, 
    "values": [
      [
        1633642169, 
        "5741816"
      ], 
      [
        1633642184, 
        "5742088"
      ], 
      [
        1633642199, 
        "5744120"
      ], 
      [
        1633642214, 
        "6221808"
      ], 
      [
        1633642229, 
        "10817736"
      ], 
      [
        1633642259, 
        "38916984"
      ], 
      [
        1633642274, 
        "38917272"
      ], 
      [
        1633642289, 
        "38931432"
      ], 
      [
        1633642304, 
        "4643864"
      ], 
      [
        1633642319, 
        "4688904"
      ], 
      [
        1633642334, 
        "4689768"
      ], 
      [
        1633642349, 
        "4755232"
      ], 
      [
        1633642364, 
        "4755232"
      ], 
      [
        1633642379, 
        "6153104"
      ], 
      [
        1633642394, 
        "8683424"
      ], 
      [
        1633642409, 
        "3293560"
      ], 
      [
        1633642424, 
        "3441600"
      ], 
      [
        1633642439, 
        "3441600"
      ], 
      [
        1633642454, 
        "3441600"
      ]
    ]
  }, 
  "kvdb_bytes_read": {
    "metric": {
      "instance": "172.17.0.1:3033", 
      "job": "openethereum"
    }, 
    "values": [
      [
        1633642154, 
        "231585.42056000003"
      ], 
      [
        1633642169, 
        "319681.11300170154"
      ], 
      [
        1633642184, 
        "101544.3"
      ], 
      [
        1633642199, 
        "1281914.1"
      ], 
      [
        1633642214, 
        "1237829.9"
      ], 
      [
        1633642229, 
        "1062654.6964089228"
      ], 
      [
        1633642274, 
        "579116.8"
      ], 
      [
        1633642304, 
        "938660.1"
      ], 
      [
        1633642319, 
        "175254.3"
      ], 
      [
        1633642334, 
        "152724.8"
      ], 
      [
        1633642349, 
        "111200.2"
      ], 
      [
        1633642364, 
        "70838"
      ], 
      [
        1633642379, 
        "126736.2"
      ], 
      [
        1633642394, 
        "245661"
      ], 
      [
        1633642409, 
        "33831.6"
      ], 
      [
        1633642424, 
        "104148.3"
      ], 
      [
        1633642439, 
        "46132.5"
      ], 
      [
        1633642454, 
        "37079.2"
      ]
    ]
  }, 
  "sync_blocks_highest": {
    "metric": {
      "instance": "172.17.0.1:3033", 
      "job": "openethereum"
    }, 
    "values": [
      [
        1633642154, 
        "0"
      ], 
      [
        1633642169, 
        "3.00270243218897"
      ], 
      [
        1633642184, 
        "1.5"
      ], 
      [
        1633642199, 
        "1.5"
      ], 
      [
        1633642214, 
        "1.5"
      ], 
      [
        1633642229, 
        "0"
      ], 
      [
        1633642274, 
        "6"
      ], 
      [
        1633642304, 
        "1.5"
      ], 
      [
        1633642319, 
        "0"
      ], 
      [
        1633642334, 
        "0"
      ], 
      [
        1633642349, 
        "3"
      ], 
      [
        1633642364, 
        "1.5"
      ], 
      [
        1633642379, 
        "1.5"
      ], 
      [
        1633642394, 
        "0"
      ], 
      [
        1633642409, 
        "1.5"
      ], 
      [
        1633642424, 
        "0"
      ], 
      [
        1633642439, 
        "0"
      ], 
      [
        1633642454, 
        "0"
      ]
    ]
  }, 
  "import_blocks": {
    "metric": {
      "instance": "172.17.0.1:3033", 
      "job": "openethereum"
    }, 
    "values": [
      [
        1633642154, 
        "0"
      ], 
      [
        1633642169, 
        "1.501351216094485"
      ], 
      [
        1633642184, 
        "1.5"
      ], 
      [
        1633642199, 
        "7.5"
      ], 
      [
        1633642214, 
        "6"
      ], 
      [
        1633642229, 
        "6.001800540162049"
      ], 
      [
        1633642274, 
        "0"
      ], 
      [
        1633642304, 
        "0"
      ], 
      [
        1633642319, 
        "0"
      ], 
      [
        1633642334, 
        "4.5"
      ], 
      [
        1633642349, 
        "3"
      ], 
      [
        1633642364, 
        "0"
      ], 
      [
        1633642379, 
        "0"
      ], 
      [
        1633642394, 
        "0"
      ], 
      [
        1633642409, 
        "0"
      ], 
      [
        1633642424, 
        "3"
      ], 
      [
        1633642439, 
        "0"
      ], 
      [
        1633642454, 
        "0"
      ]
    ]
  }, 
  "peer_stats": {
    "metric": {
      "__name__": "net_peers", 
      "job": "openethereum", 
      "instance": "172.17.0.1:3033"
    }, 
    "values": [
      [
        1633642169, 
        "21"
      ], 
      [
        1633642184, 
        "21"
      ], 
      [
        1633642199, 
        "19"
      ], 
      [
        1633642214, 
        "19"
      ], 
      [
        1633642229, 
        "19"
      ], 
      [
        1633642259, 
        "17"
      ], 
      [
        1633642274, 
        "15"
      ], 
      [
        1633642289, 
        "15"
      ], 
      [
        1633642304, 
        "7"
      ], 
      [
        1633642319, 
        "6"
      ], 
      [
        1633642334, 
        "4"
      ], 
      [
        1633642349, 
        "6"
      ], 
      [
        1633642364, 
        "12"
      ], 
      [
        1633642379, 
        "16"
      ], 
      [
        1633642394, 
        "12"
      ], 
      [
        1633642409, 
        "12"
      ], 
      [
        1633642424, 
        "12"
      ], 
      [
        1633642439, 
        "9"
      ], 
      [
        1633642454, 
        "11"
      ]
    ]
  }, 
  "sync_blocks_recieved": {
    "metric": {
      "instance": "172.17.0.1:3033", 
      "job": "openethereum"
    },