{
  "stat": {
    "blockchaincache_size": {
      "max": 16184908.0, 
      "mean": 5478296.0, 
      "variance": 44378365528789.336, 
      "pvalue": 0.1534596512932231, 
      "min": 202170.0
    }, 
    "kvdb_bytes_read": {
      "max": 700380.472988, 
      "mean": 281750.9233650908, 
      "variance": 70670128748.4139, 
      "pvalue": 0.2447497075409288, 
      "min": 21453.731646666667
    }, 
    "sync_blocks_highest": {
      "max": 1.6484599999999998, 
      "mean": 0.59105, 
      "variance": 0.5865807175000001, 
      "pvalue": 0.9607673426840486, 
      "min": 0.0
    }, 
    "import_blocks": {
      "max": 1.9499999999999984, 
      "mean": 0.375, 
      "variance": 0.984375, 
      "pvalue": 0.20635641053588186, 
      "min": 0.0
    }, 
    "peer_stats": {
      "max": 25.75, 
      "mean": 22.833333333333332, 
      "variance": 6.472222222222222, 
      "pvalue": 0.013669684744450177, 
      "min": 19.0
    }, 
    "sync_blocks_recieved": {
      "max": 1.6484599999999998, 
      "mean": 0.59105, 
      "variance": 0.5865807175000001, 
      "pvalue": 0.9515215882084489, 
      "min": 0.0
    }, 
    "kvdb_bytes_write": {
      "max": 2313902.3771239994, 
      "mean": 699891.22193, 
      "variance": 874088157658.4475, 
      "pvalue": 0.6268182355767206, 
      "min": 0.0
    }
  }, 
  "blockchaincache_size": {
    "metric": {
      "__name__": "blockchaincache_size", 
      "job": "openethereum", 
      "instance": "172.17.0.1:3033"
    }, 
    "values": [
      [
        1633480297, 
        "18716736"
      ], 
      [
        1633480342, 
        "147936"
      ], 
      [
        1633480432, 
        "364872"
      ], 
      [
        1633480447, 
        "364872"
      ], 
      [
        1633480537, 
        "4685936"
      ], 
      [
        1633480567, 
        "8589424"
      ]
    ]
  }, 
  "kvdb_bytes_read": {
    "metric": {
      "instance": "172.17.0.1:3033", 
      "job": "openethereum"
    }, 
    "values": [
      [
        1633480297, 
        "23271"
      ], 
      [
        1633480417, 
        "25507.19064"
      ], 
      [
        1633480432, 
        "728660.8"
      ], 
      [
        1633480447, 
        "20475.202533333333"
      ], 
      [
        1633480477, 
        "647859.86568"
      ], 
      [
        1633480522, 
        "306758.9087873932"
      ], 
      [
        1633480537, 
        "131762.4"
      ], 
      [
        1633480567, 
        "369712.01927999995"
      ]
    ]
  }, 
  "sync_blocks_highest": {
    "metric": {
      "instance": "172.17.0.1:3033", 
      "job": "openethereum"
    }, 
    "values": [
      [
        1633480297, 
        "1.5"
      ], 
      [
        1633480417, 
        "0"
      ], 
      [
        1633480432, 
        "0"
      ], 
      [
        1633480447, 
        "1.7284"
      ], 
      [
        1633480477, 
        "0"
      ], 
      [
        1633480522, 
        "0"
      ], 
      [
        1633480537, 
        "1.5"
      ], 
      [
        1633480567, 
        "0"
      ]
    ]
  }, 
  "import_blocks": {
    "metric": {
      "instance": "172.17.0.1:3033", 
      "job": "openethereum"
    }, 
    "values": [
      [
        1633480297, 
        "0"
      ], 
      [
        1633480417, 
        "0"
      ], 
      [
        1633480432, 
        "3"
      ], 
      [
        1633480447, 
        "0"
      ], 
      [
        1633480477, 
        "0"
      ], 
      [
        1633480522, 
        "0"
      ], 
      [
        1633480537, 
        "0"
      ], 
      [
        1633480567, 
        "0"
      ]
    ]
  }, 
  "peer_stats": {
    "metric": {
      "__name__": "net_peers", 
      "job": "openethereum", 
      "instance": "172.17.0.1:3033"
    }, 
    "values": [
      [
        1633480297, 
        "25"
      ], 
      [
        1633480342, 
        "22"
      ], 
      [
        1633480432, 
        "23"
      ], 
      [
        1633480447, 
        "23"
      ], 
      [
        1633480537, 
        "26"
      ], 
      [
        1633480567, 
        "18"
      ]
    ]
  }, 
  "sync_blocks_recieved": {
    "metric": {
      "instance": "172.17.0.1:3033", 
      "job": "openethereum"
    }, 
    "values": [
      [
        1633480297, 
        "1.5"
      ], 
      [
        1633480417, 
        "0"
      ], 
      [
        1633480432, 
        "0"
      ], 
      [
        1633480447, 
        "1.7284"
      ], 
      [
        1633480477, 
        "0"
      ], 
      [
        1633480522, 
        "0"
      ], 
      [
        1633480537, 
        "1.5"
      ], 
      [
        1633480567, 
        "0"
      ]
    ]
  }, 
  "kvdb_bytes_write": {
    "metric": {
      "instance": "172.17.0.1:3033", 
      "job": "openethereum"
    }, 
    "values": [
      [
        1633480297, 
        "1453764"
      ], 
      [
        1633480417, 
        "0"
      ], 
      [
        1633480432, 
        "410394.6"
      ], 
      [
        1633480447, 
        "0"
      ], 
      [
        1633480477, 
        "957917.3644800001"
      ], 
      [
        1633480522, 
        "0"
      ], 
      [
        1633480537, 
        "0"
      ], 
      [
        1633480567, 
        "2777053.81096"
      ]
    ]
  }
}