{
  "stat": {
    "blockchaincache_size": {
      "max": 5566628.0, 
      "mean": 4097793.3333333335, 
      "variance": 825991148040.8888, 
      "pvalue": 0.29041476376973574, 
      "min": 3353228.0
    }, 
    "kvdb_bytes_read": {
      "max": 705612.90996, 
      "mean": 319948.7787438052, 
      "variance": 67495446148.39449, 
      "pvalue": 0.15737536714705647, 
      "min": 53684.81550336804
    }, 
    "sync_blocks_highest": {
      "max": 2.7821, 
      "mean": 1.1047333333333333, 
      "variance": 1.4095786888888888, 
      "pvalue": 0.4468367910863997, 
      "min": 0.0
    }, 
    "import_blocks": {
      "max": 0.0, 
      "mean": 0.0, 
      "variance": 0.0, 
      "pvalue": 0.012711082268535148, 
      "min": 0.0
    }, 
    "peer_stats": {
      "max": 13.0, 
      "mean": 10.333333333333334, 
      "variance": 5.888888888888889, 
      "pvalue": 1.057203925590113e-05, 
      "min": 7.25
    }, 
    "sync_blocks_recieved": {
      "max": 2.7821, 
      "mean": 1.1047333333333333, 
      "variance": 1.4095786888888888, 
      "pvalue": 0.45130027045637816, 
      "min": 0.0
    }, 
    "kvdb_bytes_write": {
      "max": 0.0, 
      "mean": 0.0, 
      "variance": 0.0, 
      "pvalue": 0.0050352898094742455, 
      "min": 0.0
    }
  }, 
  "blockchaincache_size": {
    "metric": {
      "__name__": "blockchaincache_size", 
      "job": "openethereum", 
      "instance": "172.17.0.1:3033"
    }, 
    "values": [
      [
        1633618284, 
        "3281200"
      ], 
      [
        1633618344, 
        "3569312"
      ], 
      [
        1633618419, 
        "3571112"
      ], 
      [
        1633618434, 
        "3573248"
      ], 
      [
        1633618449, 
        "5837312"
      ], 
      [
        1633618509, 
        "4754576"
      ]
    ]
  }, 
  "kvdb_bytes_read": {
    "metric": {
      "instance": "172.17.0.1:3033", 
      "job": "openethereum"
    }, 
    "values": [
      [
        1633618284, 
        "485005.3"
      ], 
      [
        1633618344, 
        "61925.250173472115"
      ], 
      [
        1633618419, 
        "379030.2"
      ], 
      [
        1633618434, 
        "779148.7799466667"
      ], 
      [
        1633618449, 
        "50938.00394666667"
      ], 
      [
        1633618509, 
        "163645.13839602558"
      ]
    ]
  }, 
  "sync_blocks_highest": {
    "metric": {
      "instance": "172.17.0.1:3033", 
      "job": "openethereum"
    }, 
    "values": [
      [
        1633618284, 
        "3"
      ], 
      [
        1633618344, 
        "0"
      ], 
      [
        1633618419, 
        "1.5"
      ], 
      [
        1633618434, 
        "0"
      ], 
      [
        1633618449, 
        "2.1284"
      ], 
      [
        1633618509, 
        "0"
      ]
    ]
  }, 
  "import_blocks": {
    "metric": {
      "instance": "172.17.0.1:3033", 
      "job": "openethereum"
    }, 
    "values": [
      [
        1633618284, 
        "0"
      ], 
      [
        1633618344, 
        "0"
      ], 
      [
        1633618419, 
        "0"
      ], 
      [
        1633618434, 
        "0"
      ], 
      [
        1633618449, 
        "0"
      ], 
      [
        1633618509, 
        "0"
      ]
    ]
  }, 
  "peer_stats": {
    "metric": {
      "__name__": "net_peers", 
      "job": "openethereum", 
      "instance": "172.17.0.1:3033"
    }, 
    "values": [
      [
        1633618284, 
        "13"
      ], 
      [
        1633618344, 
        "8"
      ], 
      [
        1633618419, 
        "7"
      ], 
      [
        1633618434, 
        "9"
      ], 
      [
        1633618449, 
        "13"
      ], 
      [
        1633618509, 
        "12"
      ]
    ]
  }, 
  "sync_blocks_recieved": {
    "metric": {
      "instance": "172.17.0.1:3033", 
      "job": "openethereum"
    }, 
    "values": [
      [
        1633618284, 
        "3"
      ], 
      [
        1633618344, 
        "0"
      ], 
      [
        1633618419, 
        "1.5"
      ], 
      [
        1633618434, 
        "0"
      ], 
      [
        1633618449, 
        "2.1284"
      ], 
      [
        1633618509, 
        "0"
      ]
    ]
  }, 
  "kvdb_bytes_write": {
    "metric": {
      "instance": "172.17.0.1:3033", 
      "job": "openethereum"
    }, 
    "values": [
      [
        1633618284, 
        "0"
      ], 
      [
        1633618344, 
        "0"
      ], 
      [
        1633618419, 
        "0"
      ], 
      [
        1633618434, 
        "0"
      ], 
      [
        1633618449, 
        "0"
      ], 
      [
        1633618509, 
        "0"
      ]
    ]
  }
}