{
  "stat": {
    "blockchaincache_size": {
      "max": 13653940.799999993, 
      "mean": 5414929.066666666, 
      "variance": 30664493343094.324, 
      "pvalue": 0.03356717583824395, 
      "min": 150344.0
    }, 
    "kvdb_bytes_read": {
      "max": 320685.82, 
      "mean": 115826.28396654675, 
      "variance": 11779883843.446543, 
      "pvalue": 0.060052098183456325, 
      "min": 22010.26
    }, 
    "sync_blocks_highest": {
      "max": 3.06864, 
      "mean": 1.2556857619583868, 
      "variance": 1.198981035292556, 
      "pvalue": 0.9568780253663943, 
      "min": 0.0
    }, 
    "import_blocks": {
      "max": 0.29999999999999893, 
      "mean": 0.08823529411764706, 
      "variance": 0.12456747404844291, 
      "pvalue": 0.003119432160191688, 
      "min": 0.0
    }, 
    "peer_stats": {
      "max": 26.0, 
      "mean": 21.533333333333335, 
      "variance": 20.648888888888894, 
      "pvalue": 1.6466622485368272e-05, 
      "min": 13.4
    }, 
    "sync_blocks_recieved": {
      "max": 3.5766347719755434, 
      "mean": 1.4325631682281013, 
      "variance": 1.7872015099696898, 
      "pvalue": 0.9542179456606443, 
      "min": 0.0
    }, 
    "kvdb_bytes_write": {
      "max": 2448099.0152514973, 
      "mean": 780498.8437684925, 
      "variance": 885758758577.7823, 
      "pvalue": 0.049715798217714956, 
      "min": 0.0
    }
  }, 
  "blockchaincache_size": {
    "metric": {
      "__name__": "blockchaincache_size", 
      "job": "openethereum", 
      "instance": "172.17.0.1:3033"
    }, 
    "values": [
      [
        1633479995, 
        "150344"
      ], 
      [
        1633480010, 
        "150344"
      ], 
      [
        1633480055, 
        "366616"
      ], 
      [
        1633480070, 
        "366888"
      ], 
      [
        1633480085, 
        "1047776"
      ], 
      [
        1633480100, 
        "1985296"
      ], 
      [
        1633480130, 
        "2283616"
      ], 
      [
        1633480145, 
        "2773456"
      ], 
      [
        1633480175, 
        "11471232"
      ], 
      [
        1633480190, 
        "11486424"
      ], 
      [
        1633480205, 
        "9290064"
      ], 
      [
        1633480250, 
        "2384568"
      ], 
      [
        1633480265, 
        "9368376"
      ], 
      [
        1633480280, 
        "9387456"
      ], 
      [
        1633480295, 
        "18711480"
      ]
    ]
  }, 
  "kvdb_bytes_read": {
    "metric": {
      "instance": "172.17.0.1:3033", 
      "job": "openethereum"
    }, 
    "values": [
      [
        1633479995, 
        "96127.5"
      ], 
      [
        1633480010, 
        "124980.9"
      ], 
      [
        1633480025, 
        "90247.12088000002"
      ], 
      [
        1633480055, 
        "45837.1253883933"
      ], 
      [
        1633480070, 
        "294564.1"
      ], 
      [
        1633480085, 
        "331433.5"
      ], 
      [
        1633480100, 
        "74622.8"
      ], 
      [
        1633480130, 
        "317998.9"
      ], 
      [
        1633480145, 
        "79604.5"
      ], 
      [
        1633480160, 
        "51232.19976"
      ], 
      [
        1633480175, 
        "20806.1"
      ], 
      [
        1633480190, 
        "30414.8"
      ], 
      [
        1633480205, 
        "42418.78140290106"
      ], 
      [
        1633480250, 
        "272577.4"
      ], 
      [
        1633480265, 
        "48500.6"
      ], 
      [
        1633480280, 
        "22311.3"
      ], 
      [
        1633480295, 
        "25369.2"
      ]
    ]
  }, 
  "sync_blocks_highest": {
    "metric": {
      "instance": "172.17.0.1:3033", 
      "job": "openethereum"
    }, 
    "values": [
      [
        1633479995, 
        "3"
      ], 
      [
        1633480010, 
        "0"
      ], 
      [
        1633480025, 
        "0"
      ], 
      [
        1633480055, 
        "1.503457953292573"
      ], 
      [
        1633480070, 
        "1.5"
      ], 
      [
        1633480085, 
        "0"
      ], 
      [
        1633480100, 
        "1.5"
      ], 
      [
        1633480130, 
        "3"
      ], 
      [
        1633480145, 
        "0"
      ], 
      [
        1633480160, 
        "3.3432000000000004"
      ], 
      [
        1633480175, 
        "1.5"
      ], 
      [
        1633480190, 
        "1.5"
      ], 
      [
        1633480205, 
        "0"
      ], 
      [
        1633480250, 
        "0"
      ], 
      [
        1633480265, 
        "1.5"
      ], 
      [
        1633480280, 
        "1.5"
      ], 
      [
        1633480295, 
        "1.5"
      ]
    ]
  }, 
  "import_blocks": {
    "metric": {
      "instance": "172.17.0.1:3033", 
      "job": "openethereum"
    }, 
    "values": [
      [
        1633479995, 
        "0"
      ], 
      [
        1633480010, 
        "0"
      ], 
      [
        1633480025, 
        "0"
      ], 
      [
        1633480055, 
        "0"
      ], 
      [
        1633480070, 
        "0"
      ], 
      [
        1633480085, 
        "0"
      ], 
      [
        1633480100, 
        "0"
      ], 
      [
        1633480130, 
        "0"
      ], 
      [
        1633480145, 
        "0"
      ], 
      [
        1633480160, 
        "0"
      ], 
      [
        1633480175, 
        "0"
      ], 
      [
        1633480190, 
        "0"
      ], 
      [
        1633480205, 
        "0"
      ], 
      [
        1633480250, 
        "1.5"
      ], 
      [
        1633480265, 
        "0"
      ], 
      [
        1633480280, 
        "0"
      ], 
      [
        1633480295, 
        "0"
      ]
    ]
  }, 
  "peer_stats": {
    "metric": {
      "__name__": "net_peers", 
      "job": "openethereum", 
      "instance": "172.17.0.1:3033"
    }, 
    "values": [
      [
        1633479995, 
        "16"
      ], 
      [
        1633480010, 
        "19"
      ], 
      [
        1633480055, 
        "14"
      ], 
      [
        1633480070, 
        "12"
      ], 
      [
        1633480085, 
        "19"
      ], 
      [
        1633480100, 
        "21"
      ], 
      [
        1633480130, 
        "20"
      ], 
      [
        1633480145, 
        "24"
      ], 
      [
        1633480175, 
        "26"
      ], 
      [
        1633480190, 
        "25"
      ], 
      [
        1633480205, 
        "25"
      ], 
      [
        1633480250, 
        "26"
      ], 
      [
        1633480265, 
        "26"
      ], 
      [
        1633480280, 
        "26"
      ], 
      [
        1633480295, 
        "24"
      ]
    ]
  }, 
  "sync_blocks_recieved": {
    "metric": {
      "instance": "172.17.0.1:3033", 
      "job": "openethereum"
    }, 
    "values": [
      [
        1633479995, 
        "3"
      ], 
      [
        1633480010, 
        "0"
      ], 
      [
        1633480025, 
        "0"
      ], 
      [
        1633480055, 
        "4.510373859877719"
      ], 
      [
        1633480070, 
        "1.5"
      ], 
      [
        1633480085, 
        "0"
      ], 
      [
        1633480100, 
        "1.5"
      ], 
      [
        1633480130, 
        "3"
      ], 
      [
        1633480145, 
        "0"
      ], 
      [
        1633480160, 
        "3.3432000000000004"
      ], 
      [
        1633480175, 
        "1.5"
      ], 
      [
        1633480190, 
        "1.5"
      ], 
      [
        1633480205, 
        "0"
      ], 
      [
        1633480250, 
        "0"
      ], 
      [
        1633480265, 
        "1.5"
      ], 
      [
        1633480280, 
        "1.5"
      ], 
      [
        1633480295, 
        "1.5"
      ]
    ]
  }, 
  "kvdb_bytes_write": {
    "metric": {
      "instance": "172.17.0.1:3033", 
      "job": "openethereum"
    },