{
  "stat": {
    "blockchaincache_size": {
      "max": 2797795.2, 
      "mean": 2319716.4, 
      "variance": 367352621775.83997, 
      "pvalue": 8.937562334244384e-11, 
      "min": 1404938.4000000001
    }, 
    "kvdb_bytes_read": {
      "max": 623451.7849999999, 
      "mean": 325511.3991013333, 
      "variance": 42246926027.67276, 
      "pvalue": 0.0014532632025627912, 
      "min": 25921.696050666673
    }, 
    "sync_blocks_highest": {
      "max": 1.5385800000000005, 
      "mean": 0.56358, 
      "variance": 0.6153859116000001, 
      "pvalue": 0.5232391818008559, 
      "min": 0.0
    }, 
    "import_blocks": {
      "max": 1.575000000000001, 
      "mean": 0.45, 
      "variance": 0.6975, 
      "pvalue": 0.20590481000379104, 
      "min": 0.0
    }, 
    "peer_stats": {
      "max": 27.0, 
      "mean": 21.45, 
      "variance": 12.147499999999997, 
      "pvalue": 2.469980330762271e-06, 
      "min": 16.900000000000002
    }, 
    "sync_blocks_recieved": {
      "max": 1.5385800000000005, 
      "mean": 0.56358, 
      "variance": 0.6153859116000001, 
      "pvalue": 0.5295715598698945, 
      "min": 0.0
    }, 
    "kvdb_bytes_write": {
      "max": 463233.07500000007, 
      "mean": 99520.65014400001, 
      "variance": 32493247498.779644, 
      "pvalue": 0.021267471526330083, 
      "min": 0.0
    }
  }, 
  "blockchaincache_size": {
    "metric": {
      "__name__": "blockchaincache_size", 
      "job": "openethereum", 
      "instance": "172.17.0.1:3033"
    }, 
    "values": [
      [
        1633480897, 
        "1404680"
      ], 
      [
        1633480912, 
        "1404952"
      ], 
      [
        1633480927, 
        "1405224"
      ], 
      [
        1633480942, 
        "1405496"
      ], 
      [
        1633480957, 
        "1405496"
      ], 
      [
        1633480972, 
        "1405768"
      ], 
      [
        1633480987, 
        "2559648"
      ], 
      [
        1633481002, 
        "2559648"
      ], 
      [
        1633481017, 
        "2559648"
      ], 
      [
        1633481032, 
        "2559920"
      ], 
      [
        1633481047, 
        "2559920"
      ], 
      [
        1633481062, 
        "2786144"
      ], 
      [
        1633481077, 
        "2795448"
      ], 
      [
        1633481092, 
        "2796000"
      ], 
      [
        1633481107, 
        "2796816"
      ], 
      [
        1633481122, 
        "2796816"
      ], 
      [
        1633481137, 
        "2796816"
      ], 
      [
        1633481152, 
        "2797360"
      ], 
      [
        1633481167, 
        "2797632"
      ], 
      [
        1633481197, 
        "2800896"
      ]
    ]
  }, 
  "kvdb_bytes_read": {
    "metric": {
      "instance": "172.17.0.1:3033", 
      "job": "openethereum"
    }, 
    "values": [
      [
        1633480897, 
        "422022.6"
      ], 
      [
        1633480912, 
        "330313.6"
      ], 
      [
        1633480927, 
        "247409.62869333333"
      ], 
      [
        1633480957, 
        "429280.7"
      ], 
      [
        1633480972, 
        "241618.9"
      ], 
      [
        1633480987, 
        "270554"
      ], 
      [
        1633481002, 
        "88144.7"
      ], 
      [
        1633481017, 
        "597292.4"
      ], 
      [
        1633481032, 
        "621690.6"
      ], 
      [
        1633481047, 
        "444264.7"
      ], 
      [
        1633481062, 
        "68654.6"
      ], 
      [
        1633481077, 
        "69380.8"
      ], 
      [
        1633481092, 
        "425876.6"
      ], 
      [
        1633481107, 
        "589802.5"
      ], 
      [
        1633481122, 
        "25418.42653333333"
      ], 
      [
        1633481137, 
        "427966.3"
      ], 
      [
        1633481152, 
        "656914.3"
      ], 
      [
        1633481167, 
        "94404.3"
      ], 
      [
        1633481182, 
        "433270.14288000006"
      ], 
      [
        1633481197, 
        "25948.183920000003"
      ]
    ]
  }, 
  "sync_blocks_highest": {
    "metric": {
      "instance": "172.17.0.1:3033", 
      "job": "openethereum"
    }, 
    "values": [
      [
        1633480897, 
        "0"
      ], 
      [
        1633480912, 
        "0"
      ], 
      [
        1633480927, 
        "0"
      ], 
      [
        1633480957, 
        "0"
      ], 
      [
        1633480972, 
        "0"
      ], 
      [
        1633480987, 
        "0"
      ], 
      [
        1633481002, 
        "1.5"
      ], 
      [
        1633481017, 
        "0"
      ], 
      [
        1633481032, 
        "1.5"
      ], 
      [
        1633481047, 
        "0"
      ], 
      [
        1633481062, 
        "1.5"
      ], 
      [
        1633481077, 
        "1.5"
      ], 
      [
        1633481092, 
        "0"
      ], 
      [
        1633481107, 
        "0"
      ], 
      [
        1633481122, 
        "0"
      ], 
      [
        1633481137, 
        "0"
      ], 
      [
        1633481152, 
        "1.5"
      ], 
      [
        1633481167, 
        "1.5"
      ], 
      [
        1633481182, 
        "0"
      ], 
      [
        1633481197, 
        "2.2716000000000003"
      ]
    ]
  }, 
  "import_blocks": {
    "metric": {
      "instance": "172.17.0.1:3033", 
      "job": "openethereum"
    }, 
    "values": [
      [
        1633480897, 
        "0"
      ], 
      [
        1633480912, 
        "1.5"
      ], 
      [
        1633480927, 
        "0"
      ], 
      [
        1633480957, 
        "0"
      ], 
      [
        1633480972, 
        "1.5"
      ], 
      [
        1633480987, 
        "1.5"
      ], 
      [
        1633481002, 
        "0"
      ], 
      [
        1633481017, 
        "0"
      ], 
      [
        1633481032, 
        "0"
      ], 
      [
        1633481047, 
        "0"
      ], 
      [
        1633481062, 
        "0"
      ], 
      [
        1633481077, 
        "0"
      ], 
      [
        1633481092, 
        "0"
      ], 
      [
        1633481107, 
        "3"
      ], 
      [
        1633481122, 
        "0"
      ], 
      [
        1633481137, 
        "0"
      ], 
      [
        1633481152, 
        "1.5"
      ], 
      [
        1633481167, 
        "0"
      ], 
      [
        1633481182, 
        "0"
      ], 
      [
        1633481197, 
        "0"
      ]
    ]
  }, 
  "peer_stats": {
    "metric": {
      "__name__": "net_peers", 
      "job": "openethereum", 
      "instance": "172.17.0.1:3033"
    }, 
    "values": [
      [
        1633480897, 
        "17"
      ], 
      [
        1633480912, 
        "19"
      ], 
      [
        1633480927, 
        "18"
      ], 
      [
        1633480942, 
        "18"
      ], 
      [
        1633480957, 
        "19"
      ], 
      [
        1633480972, 
        "15"
      ], 
      [
        1633480987, 
        "19"
      ], 
      [
        1633481002, 
        "24"
      ], 
      [
        1633481017, 
        "21"
      ], 
      [
        1633481032, 
        "21"
      ], 
      [
        1633481047, 
        "20"
      ], 
      [
        1633481062, 
        "22"
      ], 
      [
        1633481077, 
        "26"
      ], 
      [
        1633481092, 
        "27"
      ], 
      [
        1633481107, 
        "27"
      ], 
      [
        1633481122, 
        "27"
      ], 
      [
        1633481137, 
        "25"
      ], 
      [
        1633481152, 
        "20"
      ], 
      [
        1633481167, 
        "23"
      ], 
      [
        1633481197, 
        "21"
      ]
    ]
  }, 
  "sync_blocks_recieved": {
    "metric": {
      "instance": "172.17.0.1:3033", 
      "job": "openethereum"
    },