{
  "stat": {
    "blockchaincache_size": {
      "max": 7574352.0, 
      "mean": 6024268.705882353, 
      "variance": 1319429410876.678, 
      "pvalue": 8.240860898319425e-05, 
      "min": 4151224.0
    }, 
    "kvdb_bytes_read": {
      "max": 888003.1600000001, 
      "mean": 398742.766332, 
      "variance": 79689781257.92513, 
      "pvalue": 0.0011658217007324595, 
      "min": 32234.176506666663
    }, 
    "sync_blocks_highest": {
      "max": 4.50426, 
      "mean": 1.2056799999999999, 
      "variance": 2.4143390175999992, 
      "pvalue": 0.9454425512564042, 
      "min": 0.0
    }, 
    "import_blocks": {
      "max": 3.0, 
      "mean": 0.9764199999999998, 
      "variance": 1.4134043115999997, 
      "pvalue": 0.9999980490486353, 
      "min": 0.0
    }, 
    "peer_stats": {
      "max": 26.2, 
      "mean": 23.0, 
      "variance": 8.352941176470589, 
      "pvalue": 4.3326859134197545e-05, 
      "min": 18.8
    }, 
    "sync_blocks_recieved": {
      "max": 4.50426, 
      "mean": 1.2056799999999999, 
      "variance": 2.4143390175999992, 
      "pvalue": 0.951715094739316, 
      "min": 0.0
    }, 
    "kvdb_bytes_write": {
      "max": 849058.545, 
      "mean": 260578.35071333335, 
      "variance": 104768354276.24025, 
      "pvalue": 0.8324370144602765, 
      "min": 0.0
    }
  }, 
  "blockchaincache_size": {
    "metric": {
      "__name__": "blockchaincache_size", 
      "job": "openethereum", 
      "instance": "172.17.0.1:3033"
    }, 
    "values": [
      [
        1633481201, 
        "3383672"
      ], 
      [
        1633481231, 
        "5918568"
      ], 
      [
        1633481246, 
        "5919920"
      ], 
      [
        1633481276, 
        "5919920"
      ], 
      [
        1633481291, 
        "6656456"
      ], 
      [
        1633481306, 
        "7050064"
      ], 
      [
        1633481321, 
        "8139152"
      ], 
      [
        1633481336, 
        "7399232"
      ], 
      [
        1633481351, 
        "5379288"
      ], 
      [
        1633481366, 
        "5529584"
      ], 
      [
        1633481381, 
        "6164128"
      ], 
      [
        1633481396, 
        "4343112"
      ], 
      [
        1633481426, 
        "5307760"
      ], 
      [
        1633481441, 
        "6675944"
      ], 
      [
        1633481471, 
        "6234096"
      ], 
      [
        1633481486, 
        "7433152"
      ], 
      [
        1633481501, 
        "4958520"
      ]
    ]
  }, 
  "kvdb_bytes_read": {
    "metric": {
      "instance": "172.17.0.1:3033", 
      "job": "openethereum"
    }, 
    "values": [
      [
        1633481201, 
        "491586.7"
      ], 
      [
        1633481216, 
        "847843.2"
      ], 
      [
        1633481231, 
        "393387.7"
      ], 
      [
        1633481246, 
        "428447.5"
      ], 
      [
        1633481276, 
        "21067.8"
      ], 
      [
        1633481291, 
        "880777.2"
      ], 
      [
        1633481306, 
        "258289.9"
      ], 
      [
        1633481321, 
        "209326.2"
      ], 
      [
        1633481336, 
        "454209.1"
      ], 
      [
        1633481351, 
        "535998"
      ], 
      [
        1633481366, 
        "143866.05034666666"
      ], 
      [
        1633481381, 
        "32821.88053333333"
      ], 
      [
        1633481396, 
        "235131.19576"
      ], 
      [
        1633481411, 
        "1025296.4"
      ], 
      [
        1633481426, 
        "417646.9"
      ], 
      [
        1633481441, 
        "714370.6"
      ], 
      [
        1633481456, 
        "195560"
      ], 
      [
        1633481471, 
        "149470.2"
      ], 
      [
        1633481486, 
        "75909.9"
      ], 
      [
        1633481501, 
        "463848.9"
      ]
    ]
  }, 
  "sync_blocks_highest": {
    "metric": {
      "instance": "172.17.0.1:3033", 
      "job": "openethereum"
    }, 
    "values": [
      [
        1633481201, 
        "0"
      ], 
      [
        1633481216, 
        "0"
      ], 
      [
        1633481231, 
        "1.5"
      ], 
      [
        1633481246, 
        "1.5"
      ], 
      [
        1633481276, 
        "1.5"
      ], 
      [
        1633481291, 
        "0"
      ], 
      [
        1633481306, 
        "1.5"
      ], 
      [
        1633481321, 
        "0"
      ], 
      [
        1633481336, 
        "1.5"
      ], 
      [
        1633481351, 
        "4.5"
      ], 
      [
        1633481366, 
        "1.5284"
      ], 
      [
        1633481381, 
        "4.5852"
      ], 
      [
        1633481396, 
        "0"
      ], 
      [
        1633481411, 
        "0"
      ], 
      [
        1633481426, 
        "0"
      ], 
      [
        1633481441, 
        "4.5"
      ], 
      [
        1633481456, 
        "0"
      ], 
      [
        1633481471, 
        "1.5"
      ], 
      [
        1633481486, 
        "0"
      ], 
      [
        1633481501, 
        "0"
      ]
    ]
  }, 
  "import_blocks": {
    "metric": {
      "instance": "172.17.0.1:3033", 
      "job": "openethereum"
    }, 
    "values": [
      [
        1633481201, 
        "0"
      ], 
      [
        1633481216, 
        "0"
      ], 
      [
        1633481231, 
        "1.5"
      ], 
      [
        1633481246, 
        "3"
      ], 
      [
        1633481276, 
        "0"
      ], 
      [
        1633481291, 
        "1.5"
      ], 
      [
        1633481306, 
        "0"
      ], 
      [
        1633481321, 
        "0"
      ], 
      [
        1633481336, 
        "1.5"
      ], 
      [
        1633481351, 
        "0"
      ], 
      [
        1633481366, 
        "0"
      ], 
      [
        1633481381, 
        "0"
      ], 
      [
        1633481396, 
        "1.5284"
      ], 
      [
        1633481411, 
        "3"
      ], 
      [
        1633481426, 
        "1.5"
      ], 
      [
        1633481441, 
        "3"
      ], 
      [
        1633481456, 
        "0"
      ], 
      [
        1633481471, 
        "0"
      ], 
      [
        1633481486, 
        "0"
      ], 
      [
        1633481501, 
        "3"
      ]
    ]
  }, 
  "peer_stats": {
    "metric": {
      "__name__": "net_peers", 
      "job": "openethereum", 
      "instance": "172.17.0.1:3033"
    }, 
    "values": [
      [
        1633481201, 
        "24"
      ], 
      [
        1633481231, 
        "24"
      ], 
      [
        1633481246, 
        "23"
      ], 
      [
        1633481276, 
        "18"
      ], 
      [
        1633481291, 
        "21"
      ], 
      [
        1633481306, 
        "26"
      ], 
      [
        1633481321, 
        "27"
      ], 
      [
        1633481336, 
        "26"
      ], 
      [
        1633481351, 
        "23"
      ], 
      [
        1633481366, 
        "26"
      ], 
      [
        1633481381, 
        "22"
      ], 
      [
        1633481396, 
        "19"
      ], 
      [
        1633481426, 
        "19"
      ], 
      [
        1633481441, 
        "19"
      ], 
      [
        1633481471, 
        "22"
      ], 
      [
        1633481486, 
        "26"
      ], 
      [
        1633481501, 
        "26"
      ]
    ]
  }, 
  "sync_blocks_recieved": {
    "metric": {
      "instance": "172.17.0.1:3033", 
      "job": "openethereum"
    },