{
  "stat": {
    "blockchaincache_size": {
      "max": 21665928.800000012, 
      "mean": 5176808.0, 
      "variance": 82493648125651.2, 
      "pvalue": 0.008496383101166361, 
      "min": 343708.8
    }, 
    "kvdb_bytes_read": {
      "max": 749691.3799999998, 
      "mean": 374653.2423127188, 
      "variance": 88338385935.98375, 
      "pvalue": 0.03521175157836209, 
      "min": 0.0
    }, 
    "sync_blocks_highest": {
      "max": 3.299999999999999, 
      "mean": 1.1479077238662454, 
      "variance": 1.7290311281704647, 
      "pvalue": 0.4773409573955725, 
      "min": 0.0
    }, 
    "import_blocks": {
      "max": 1.799999999999999, 
      "mean": 0.35294117647058826, 
      "variance": 0.6695501730103807, 
      "pvalue": 0.007107093160975821, 
      "min": 0.0
    }, 
    "peer_stats": {
      "max": 17.05, 
      "mean": 12.65, 
      "variance": 6.827500000000001, 
      "pvalue": 7.467733896044946e-15, 
      "min": 9.95
    }, 
    "sync_blocks_recieved": {
      "max": 3.299999999999999, 
      "mean": 1.1479077238662454, 
      "variance": 1.7290311281704647, 
      "pvalue": 0.482471061929928, 
      "min": 0.0
    }, 
    "kvdb_bytes_write": {
      "max": 654054.9399999997, 
      "mean": 170199.72352941174, 
      "variance": 86309357497.77122, 
      "pvalue": 0.024376487098648546, 
      "min": 0.0
    }
  }, 
  "blockchaincache_size": {
    "metric": {
      "__name__": "blockchaincache_size", 
      "job": "openethereum", 
      "instance": "172.17.0.1:3033"
    }, 
    "values": [
      [
        1633617966, 
        "20731464"
      ], 
      [
        1633617981, 
        "39420760"
      ], 
      [
        1633617996, 
        "204568"
      ], 
      [
        1633618011, 
        "351032"
      ], 
      [
        1633618026, 
        "422600"
      ], 
      [
        1633618041, 
        "422872"
      ], 
      [
        1633618056, 
        "422872"
      ], 
      [
        1633618071, 
        "422872"
      ], 
      [
        1633618086, 
        "423408"
      ], 
      [
        1633618101, 
        "586480"
      ], 
      [
        1633618116, 
        "873472"
      ], 
      [
        1633618131, 
        "1101264"
      ], 
      [
        1633618146, 
        "4057832"
      ], 
      [
        1633618161, 
        "4218000"
      ], 
      [
        1633618176, 
        "4218272"
      ], 
      [
        1633618191, 
        "4827304"
      ], 
      [
        1633618206, 
        "7134336"
      ], 
      [
        1633618221, 
        "7135168"
      ], 
      [
        1633618251, 
        "3280656"
      ], 
      [
        1633618266, 
        "3280928"
      ]
    ]
  }, 
  "kvdb_bytes_read": {
    "metric": {
      "instance": "172.17.0.1:3033", 
      "job": "openethereum"
    }, 
    "values": [
      [
        1633617981, 
        "446257.8"
      ], 
      [
        1633617996, 
        "320992.5"
      ], 
      [
        1633618011, 
        "640733.4"
      ], 
      [
        1633618026, 
        "8811.531679999998"
      ], 
      [
        1633618041, 
        "473522.1"
      ], 
      [
        1633618056, 
        "659779.8"
      ], 
      [
        1633618071, 
        "509299.1876362195"
      ], 
      [
        1633618086, 
        "0"
      ], 
      [
        1633618101, 
        "49534.5"
      ], 
      [
        1633618116, 
        "0"
      ], 
      [
        1633618131, 
        "22684.7"
      ], 
      [
        1633618146, 
        "199029.4"
      ], 
      [
        1633618161, 
        "616380.8"
      ], 
      [
        1633618176, 
        "972184.9"
      ], 
      [
        1633618191, 
        "694068"
      ], 
      [
        1633618206, 
        "131718.1"
      ], 
      [
        1633618251, 
        "624108.4"
      ]
    ]
  }, 
  "sync_blocks_highest": {
    "metric": {
      "instance": "172.17.0.1:3033", 
      "job": "openethereum"
    }, 
    "values": [
      [
        1633617981, 
        "0"
      ], 
      [
        1633617996, 
        "0"
      ], 
      [
        1633618011, 
        "1.5"
      ], 
      [
        1633618026, 
        "1.5284"
      ], 
      [
        1633618041, 
        "0"
      ], 
      [
        1633618056, 
        "0"
      ], 
      [
        1633618071, 
        "1.4860313057261738"
      ], 
      [
        1633618086, 
        "0"
      ], 
      [
        1633618101, 
        "1.5"
      ], 
      [
        1633618116, 
        "0"
      ], 
      [
        1633618131, 
        "0"
      ], 
      [
        1633618146, 
        "3"
      ], 
      [
        1633618161, 
        "0"
      ], 
      [
        1633618176, 
        "1.5"
      ], 
      [
        1633618191, 
        "4.5"
      ], 
      [
        1633618206, 
        "1.5"
      ], 
      [
        1633618251, 
        "3"
      ]
    ]
  }, 
  "import_blocks": {
    "metric": {
      "instance": "172.17.0.1:3033", 
      "job": "openethereum"
    }, 
    "values": [
      [
        1633617981, 
        "0"
      ], 
      [
        1633617996, 
        "0"
      ], 
      [
        1633618011, 
        "0"
      ], 
      [
        1633618026, 
        "0"
      ], 
      [
        1633618041, 
        "1.5"
      ], 
      [
        1633618056, 
        "0"
      ], 
      [
        1633618071, 
        "0"
      ], 
      [
        1633618086, 
        "0"
      ], 
      [
        1633618101, 
        "0"
      ], 
      [
        1633618116, 
        "0"
      ], 
      [
        1633618131, 
        "0"
      ], 
      [
        1633618146, 
        "0"
      ], 
      [
        1633618161, 
        "0"
      ], 
      [
        1633618176, 
        "1.5"
      ], 
      [
        1633618191, 
        "0"
      ], 
      [
        1633618206, 
        "0"
      ], 
      [
        1633618251, 
        "3"
      ]
    ]
  }, 
  "peer_stats": {
    "metric": {
      "__name__": "net_peers", 
      "job": "openethereum", 
      "instance": "172.17.0.1:3033"
    }, 
    "values": [
      [
        1633617966, 
        "15"
      ], 
      [
        1633617981, 
        "14"
      ], 
      [
        1633617996, 
        "11"
      ], 
      [
        1633618011, 
        "10"
      ], 
      [
        1633618026, 
        "10"
      ], 
      [
        1633618041, 
        "10"
      ], 
      [
        1633618056, 
        "10"
      ], 
      [
        1633618071, 
        "9"
      ], 
      [
        1633618086, 
        "13"
      ], 
      [
        1633618101, 
        "18"
      ], 
      [
        1633618116, 
        "16"
      ], 
      [
        1633618131, 
        "14"
      ], 
      [
        1633618146, 
        "11"
      ], 
      [
        1633618161, 
        "15"
      ], 
      [
        1633618176, 
        "14"
      ], 
      [
        1633618191, 
        "10"
      ], 
      [
        1633618206, 
        "10"
      ], 
      [
        1633618221, 
        "17"
      ], 
      [
        1633618251, 
        "13"
      ], 
      [
        1633618266, 
        "13"
      ]
    ]
  }, 
  "sync_blocks_recieved": {
    "metric": {
      "instance": "172.17.0.1:3033", 
      "job": "openethereum"
    },