{
  "known_broadcasts": {
    "values": [
      [
        1633502805, 
        0.4283490948096418
      ], 
      [
        1633502820, 
        0.545565971067914
      ], 
      [
        1633502835, 
        0.5379355087025751
      ], 
      [
        1633502850, 
        0.600237315827838
      ], 
      [
        1633502865, 
        0.6356659054054566
      ], 
      [
        1633502880, 
        0.71409826776986
      ], 
      [
        1633502895, 
        0.6962192175557871
      ], 
      [
        1633502910, 
        0.5962330286705546
      ], 
      [
        1633502925, 
        0.5252503946374475
      ], 
      [
        1633502940, 
        0.6346962263158457
      ], 
      [
        1633502955, 
        0.546547837494916
      ], 
      [
        1633502970, 
        0.6268492820536495
      ], 
      [
        1633502985, 
        0.6814800101284234
      ], 
      [
        1633503000, 
        0.8864797198082182
      ], 
      [
        1633503015, 
        0.949455454902583
      ], 
      [
        1633503030, 
        0.8598473511242447
      ], 
      [
        1633503045, 
        0.6893746644990094
      ], 
      [
        1633503060, 
        0.6062357933566576
      ], 
      [
        1633503075, 
        0.5323765082721051
      ], 
      [
        1633503090, 
        0.6435455941202307
      ]
    ], 
    "name": "geth.eth/fetcher/block/broadcasts/drop.meter", 
    "columns": [
      "time", 
      "mean"
    ]
  }, 
  "memory_used": {
    "values": [
      [
        1633502805, 
        1877939176
      ], 
      [
        1633502820, 
        1562996904
      ], 
      [
        1633502835, 
        1819595272
      ], 
      [
        1633502850, 
        1750262784
      ], 
      [
        1633502865, 
        1763596096
      ], 
      [
        1633502880, 
        1697573604
      ], 
      [
        1633502895, 
        1749563176
      ], 
      [
        1633502910, 
        1758616484
      ], 
      [
        1633502925, 
        1915133544
      ], 
      [
        1633502940, 
        1705747536
      ], 
      [
        1633502955, 
        2000058392
      ], 
      [
        1633502970, 
        1773940220
      ], 
      [
        1633502985, 
        1546775848
      ], 
      [
        1633503000, 
        1872734668
      ], 
      [
        1633503015, 
        1672301208
      ], 
      [
        1633503030, 
        1909326152
      ], 
      [
        1633503045, 
        1628961192
      ], 
      [
        1633503060, 
        1842097724
      ], 
      [
        1633503075, 
        1608514664
      ], 
      [
        1633503090, 
        1816068836
      ]
    ], 
    "name": "geth.system/memory/used.gauge", 
    "columns": [
      "time", 
      "mean"
    ]
  }, 
  "stat": {
    "known_broadcasts": {
      "max": 0.8896285065629365, 
      "mean": 0.6468221573261479, 
      "variance": 0.01596051342096026, 
      "pvalue": 0.08216389684975914, 
      "min": 0.5204053296460572
    }, 
    "memory_used": {
      "max": 1919379786.3999999, 
      "mean": 1763590174.0, 
      "variance": 1.4156358840071616e+16, 
      "pvalue": 0.003574940981027639, 
      "min": 1562185851.2
    }, 
    "disk_write": {
      "max": 12727.286098907174, 
      "mean": 10565.459408070694, 
      "variance": 2057176.987227243, 
      "pvalue": 0.001587198896282942, 
      "min": 8461.610372344747
    }, 
    "disk_read": {
      "max": 19956678.40768332, 
      "mean": 18670565.93082706, 
      "variance": 590921735005.4083, 
      "pvalue": 0.005198647034537815, 
      "min": 17488494.243685935
    }, 
    "traffic_egress": {
      "max": 628193.3319583187, 
      "mean": 354513.29848243645, 
      "variance": 26556641264.75538, 
      "pvalue": 4.813264968964378e-18, 
      "min": 156826.9366902997
    }, 
    "peer_stats": {
      "max": 36.05, 
      "mean": 34.625, 
      "variance": 1.246875, 
      "pvalue": 1.2026467019345983e-18, 
      "min": 32.475
    }, 
    "traffic_ingress": {
      "max": 284403.7278517548, 
      "mean": 152627.52313124982, 
      "variance": 4188589945.01266, 
      "pvalue": 5.287804074681288e-07, 
      "min": 103931.6850660843
    }, 
    "known_announcements": {
      "max": 1.7778713758513573, 
      "mean": 1.2668251021731143, 
      "variance": 0.06956699334700174, 
      "pvalue": 8.364740648891237e-07, 
      "min": 0.9967981308902116
    }
  }, 
  "disk_write": {
    "values": [
      [
        1633502805, 
        11953.036510481908
      ], 
      [
        1633502820, 
        11022.997807776337
      ], 
      [
        1633502835, 
        10493.623567393444
      ], 
      [
        1633502850, 
        9837.269688005781
      ], 
      [
        1633502865, 
        10734.192069381368
      ], 
      [
        1633502880, 
        9771.856638560785
      ], 
      [
        1633502895, 
        13749.705064159225
      ], 
      [
        1633502910, 
        12673.474574420223
      ], 
      [
        1633502925, 
        11450.038495295028
      ], 
      [
        1633502940, 
        11291.810870771864
      ], 
      [
        1633502955, 
        10262.803489829626
      ], 
      [
        1633502970, 
        11695.217616987447
      ], 
      [
        1633502985, 
        11789.720573820327
      ], 
      [
        1633503000, 
        11084.95917735415
      ], 
      [
        1633503015, 
        10014.957617766231
      ], 
      [
        1633503030, 
        8963.325872931378
      ], 
      [
        1633503045, 
        9282.002459141633
      ], 
      [
        1633503060, 
        7952.505878843741
      ], 
      [
        1633503075, 
        8797.284842806497
      ], 
      [
        1633503090, 
        8488.405345686906
      ]
    ], 
    "name": "geth.eth/db/chaindata/disk/write.meter", 
    "columns": [
      "time", 
      "mean"
    ]
  }, 
  "disk_read": {
    "values": [
      [
        1633502805, 
        20218118.803885438
      ], 
      [
        1633502820, 
        19942918.386830576
      ], 
      [
        1633502835, 
        19429633.551605377
      ], 
      [
        1633502850, 
        19180746.703945387
      ], 
      [
        1633502865, 
        19144805.11455091
      ], 
      [
        1633502880, 
        19058187.60207071
      ], 
      [
        1633502895, 
        19159591.869692136
      ], 
      [
        1633502910, 
        19029638.207861386
      ], 
      [
        1633502925, 
        19141275.064103607
      ], 
      [
        1633502940, 
        19044944.61129704
      ], 
      [
        1633502955, 
        18577046.399835054
      ], 
      [
        1633502970, 
        18551828.342771627
      ], 
      [
        1633502985, 
        18284794.939638533
      ], 
      [
        1633503000, 
        18123924.619898327
      ], 
      [
        1633503015, 
        18012680.24640212
      ], 
      [
        1633503030, 
        17453381.832043342
      ], 
      [
        1633503045, 
        17896284.842364065
      ], 
      [
        1633503060, 
        17621626.242848
      ], 
      [
        1633503075, 
        18049548.969546173
      ], 
      [
        1633503090, 
        17490342.265351333
      ]
    ], 
    "name": "geth.eth/db/chaindata/disk/read.meter", 
    "columns": [
      "time", 
      "mean"
    ]
  },