{
  "known_broadcasts": {
    "values": [
      [
        1633664805, 
        0.4013269742680041
      ], 
      [
        1633664820, 
        0.35193960704775934
      ], 
      [
        1633664835, 
        0.36715406182156535
      ], 
      [
        1633664850, 
        0.5472316937211676
      ], 
      [
        1633664865, 
        0.6353281639174777
      ], 
      [
        1633664880, 
        0.5911803276027645
      ], 
      [
        1633664895, 
        0.605067143964452
      ], 
      [
        1633664910, 
        0.513580082976021
      ], 
      [
        1633664925, 
        0.4755681615251113
      ], 
      [
        1633664940, 
        0.5797647799430895
      ], 
      [
        1633664955, 
        0.7413703584928604
      ], 
      [
        1633664970, 
        0.6328549330398714
      ], 
      [
        1633664985, 
        0.64440421391939
      ], 
      [
        1633665000, 
        0.6621507349561762
      ], 
      [
        1633665015, 
        0.6110139166837285
      ], 
      [
        1633665030, 
        0.6063687516291224
      ], 
      [
        1633665045, 
        0.6443709257128212
      ], 
      [
        1633665060, 
        0.648690941010702
      ], 
      [
        1633665075, 
        0.5341226308409638
      ], 
      [
        1633665090, 
        0.4145349325959543
      ]
    ], 
    "name": "geth.eth/fetcher/block/broadcasts/drop.meter", 
    "columns": [
      "time", 
      "mean"
    ]
  }, 
  "memory_used": {
    "values": [
      [
        1633664805, 
        1924557520
      ], 
      [
        1633664820, 
        1567864960
      ], 
      [
        1633664835, 
        1762979832
      ], 
      [
        1633664850, 
        1996755888
      ], 
      [
        1633664865, 
        1899364716
      ], 
      [
        1633664880, 
        1808910968
      ], 
      [
        1633664895, 
        2003690692
      ], 
      [
        1633664910, 
        1632202464
      ], 
      [
        1633664925, 
        1836430888
      ], 
      [
        1633664940, 
        2041295760
      ], 
      [
        1633664955, 
        1676638420
      ], 
      [
        1633664970, 
        1862469840
      ], 
      [
        1633664985, 
        1768502872
      ], 
      [
        1633665000, 
        1675235264
      ], 
      [
        1633665015, 
        1860958092
      ], 
      [
        1633665030, 
        2048623384
      ], 
      [
        1633665045, 
        1659997084
      ], 
      [
        1633665060, 
        1838664896
      ], 
      [
        1633665075, 
        2007866248
      ], 
      [
        1633665090, 
        1607404744
      ]
    ], 
    "name": "geth.system/memory/used.gauge", 
    "columns": [
      "time", 
      "mean"
    ]
  }, 
  "stat": {
    "known_broadcasts": {
      "max": 0.6661117161330103, 
      "mean": 0.5604011667834501, 
      "variance": 0.011074801968973497, 
      "pvalue": 3.320486927390685e-08, 
      "min": 0.366393339082875
    }, 
    "memory_used": {
      "max": 2041662141.2, 
      "mean": 1824020726.6, 
      "variance": 2.198498402747263e+16, 
      "pvalue": 0.3510995850097499, 
      "min": 1605427754.8000002
    }, 
    "disk_write": {
      "max": 22363.097849978498, 
      "mean": 12838.29884896676, 
      "variance": 22044481.70886924, 
      "pvalue": 0.0015480081024197363, 
      "min": 6737.611836323802
    }, 
    "disk_read": {
      "max": 17582331.356635597, 
      "mean": 16927219.51745461, 
      "variance": 417246220655.8115, 
      "pvalue": 7.25936717810723e-08, 
      "min": 15856112.919894522
    }, 
    "traffic_egress": {
      "max": 3588.515001810374, 
      "mean": 3153.7259389957308, 
      "variance": 101472.17831079593, 
      "pvalue": 0.058799695035444056, 
      "min": 2750.6213389364375
    }, 
    "peer_stats": {
      "max": 46.025, 
      "mean": 44.575, 
      "variance": 0.5068749999999999, 
      "pvalue": 6.386811454800275e-16, 
      "min": 44.0
    }, 
    "traffic_ingress": {
      "max": 126085.73823386632, 
      "mean": 113980.67186644732, 
      "variance": 90553425.66727734, 
      "pvalue": 1.716647408198748e-14, 
      "min": 97191.305934086
    }, 
    "known_announcements": {
      "max": 1.6067690538601724, 
      "mean": 1.326740850795435, 
      "variance": 0.03925820265741018, 
      "pvalue": 1.2968980405560884e-09, 
      "min": 0.9652887973688993
    }
  }, 
  "disk_write": {
    "values": [
      [
        1633664805, 
        9841.830435786182
      ], 
      [
        1633664820, 
        8254.495644288827
      ], 
      [
        1633664835, 
        7589.399035887749
      ], 
      [
        1633664850, 
        6987.227878105055
      ], 
      [
        1633664865, 
        6752.4898328728905
      ], 
      [
        1633664880, 
        6454.929901891123
      ], 
      [
        1633664895, 
        10557.78295424459
      ], 
      [
        1633664910, 
        10199.393597994107
      ], 
      [
        1633664925, 
        11546.940500135497
      ], 
      [
        1633664940, 
        11564.879919512128
      ], 
      [
        1633664955, 
        12900.78466495642
      ], 
      [
        1633664970, 
        13042.92828806659
      ], 
      [
        1633664985, 
        16039.781678245781
      ], 
      [
        1633665000, 
        16288.843854517503
      ], 
      [
        1633665015, 
        16733.156407904145
      ], 
      [
        1633665030, 
        15820.989664962643
      ], 
      [
        1633665045, 
        15564.382420605854
      ], 
      [
        1633665060, 
        15120.173498001963
      ], 
      [
        1633665075, 
        23185.76734589987
      ], 
      [
        1633665090, 
        22319.799455456323
      ]
    ], 
    "name": "geth.eth/db/chaindata/disk/write.meter", 
    "columns": [
      "time", 
      "mean"
    ]
  }, 
  "disk_read": {
    "values": [
      [
        1633664805, 
        18695990.31724328
      ], 
      [
        1633664820, 
        17348370.433170535
      ], 
      [
        1633664835, 
        17523717.72712993
      ], 
      [
        1633664850, 
        17043783.88065678
      ], 
      [
        1633664865, 
        17229505.484033436
      ], 
      [
        1633664880, 
        16665239.352836717
      ], 
      [
        1633664895, 
        17173724.275516238
      ], 
      [
        1633664910, 
        16667924.994938694
      ], 
      [
        1633664925, 
        17337713.61190179
      ], 
      [
        1633664940, 
        16896593.939373687
      ], 
      [
        1633664955, 
        17290792.282161385
      ], 
      [
        1633664970, 
        16914777.107578892
      ], 
      [
        1633664985, 
        17459842.742854543
      ], 
      [
        1633665000, 
        16849980.366337065
      ], 
      [
        1633665015, 
        17013834.52072408
      ], 
      [
        1633665030, 
        16279506.196538111
      ], 
      [
        1633665045, 
        16289443.099600188
      ], 
      [
        1633665060, 
        15772610.234821893
      ], 
      [
        1633665075, 
        16230531.983618695
      ], 
      [
        1633665090, 
        15860507.79805624
      ]
    ], 
    "name": "geth.eth/db/chaindata/disk/read.meter", 
    "columns": [
      "time", 
      "mean"
    ]
  },