{
  "known_broadcasts": {
    "values": [
      [
        1633613310, 
        0.44071338182639713
      ], 
      [
        1633613325, 
        0.3444203803491299
      ], 
      [
        1633613340, 
        0.2673061782233505
      ], 
      [
        1633613355, 
        0.22366517323062257
      ], 
      [
        1633613370, 
        0.18957864577187605
      ], 
      [
        1633613385, 
        0.1753233797408304
      ], 
      [
        1633613400, 
        0.1360692492825678
      ], 
      [
        1633613415, 
        0.11369527415112535
      ], 
      [
        1633613430, 
        0.12568772105535891
      ], 
      [
        1633613445, 
        0.09822577320366987
      ], 
      [
        1633613460, 
        0.07623345636948431
      ], 
      [
        1633613475, 
        0.08792381196462648
      ], 
      [
        1633613490, 
        0.09766313465167241
      ], 
      [
        1633613505, 
        0.14268005443956203
      ], 
      [
        1633613520, 
        0.15911952881274397
      ], 
      [
        1633613535, 
        0.19344946647915476
      ], 
      [
        1633613550, 
        0.24224795031450583
      ], 
      [
        1633613565, 
        0.2572344331962153
      ], 
      [
        1633613580, 
        0.21563189668023616
      ], 
      [
        1633613595, 
        0.16851773268656128
      ]
    ], 
    "name": "geth.eth/fetcher/block/broadcasts/drop.meter", 
    "columns": [
      "time", 
      "mean"
    ]
  }, 
  "memory_used": {
    "values": [
      [
        1633613310, 
        1605449352
      ], 
      [
        1633613325, 
        1760228136
      ], 
      [
        1633613340, 
        1760228136
      ], 
      [
        1633613355, 
        1760228136
      ], 
      [
        1633613370, 
        1760228136
      ], 
      [
        1633613385, 
        1760228136
      ], 
      [
        1633613400, 
        1760228136
      ], 
      [
        1633613415, 
        1760228136
      ], 
      [
        1633613430, 
        1760228136
      ], 
      [
        1633613445, 
        1760228136
      ], 
      [
        1633613460, 
        1760228136
      ], 
      [
        1633613475, 
        1760228136
      ], 
      [
        1633613490, 
        1760228136
      ], 
      [
        1633613505, 
        1760228136
      ], 
      [
        1633613520, 
        1760228136
      ], 
      [
        1633613535, 
        1760228136
      ], 
      [
        1633613550, 
        1760228136
      ], 
      [
        1633613565, 
        1760228136
      ], 
      [
        1633613580, 
        1760228136
      ], 
      [
        1633613595, 
        1760228136
      ]
    ], 
    "name": "geth.system/memory/used.gauge", 
    "columns": [
      "time", 
      "mean"
    ]
  }, 
  "stat": {
    "known_broadcasts": {
      "max": 0.3492350304229933, 
      "mean": 0.1877693311214845, 
      "variance": 0.007933998547441333, 
      "pvalue": 9.396535322718978e-10, 
      "min": 0.08733929418486937
    }, 
    "memory_used": {
      "max": 1760228136.0, 
      "mean": 1752489196.8, 
      "variance": 1137932418884634.8, 
      "pvalue": 0.0008640133680583641, 
      "min": 1752489196.8
    }, 
    "disk_write": {
      "max": 31344.84258602661, 
      "mean": 11585.356269837564, 
      "variance": 106506008.62495054, 
      "pvalue": 0.06288298608168091, 
      "min": 3143.6650563581775
    }, 
    "disk_read": {
      "max": 70715091.82477847, 
      "mean": 44759368.43639829, 
      "variance": 238384720118740.9, 
      "pvalue": 4.529670256342407e-09, 
      "min": 22511879.755028907
    }, 
    "traffic_egress": {
      "max": 74929.6251210517, 
      "mean": 30822.88625365905, 
      "variance": 628322885.5939441, 
      "pvalue": 1.5461724208460293e-13, 
      "min": 6761.474067707052
    }, 
    "peer_stats": {
      "max": 30.42500000000001, 
      "mean": 20.625, 
      "variance": 75.721875, 
      "pvalue": 6.386917694157701e-16, 
      "min": 10.925
    }, 
    "traffic_ingress": {
      "max": 412687.34757055953, 
      "mean": 205993.14211555995, 
      "variance": 10461382588.333405, 
      "pvalue": 0.12607542678857014, 
      "min": 93193.21121681633
    }, 
    "known_announcements": {
      "max": 0.7902714296467728, 
      "mean": 0.46796820650973786, 
      "variance": 0.03032568582459256, 
      "pvalue": 8.614082516487154e-15, 
      "min": 0.30686697695626886
    }
  }, 
  "disk_write": {
    "values": [
      [
        1633613310, 
        3154.398107145519
      ], 
      [
        1633613325, 
        3928.548480759907
      ], 
      [
        1633613340, 
        4455.77574017054
      ], 
      [
        1633613355, 
        6822.373661380503
      ], 
      [
        1633613370, 
        7128.000722180894
      ], 
      [
        1633613385, 
        5724.069374376084
      ], 
      [
        1633613400, 
        4442.475520173326
      ], 
      [
        1633613415, 
        25244.11414265025
      ], 
      [
        1633613430, 
        39555.28619844418
      ], 
      [
        1633613445, 
        30912.71397484673
      ], 
      [
        1633613460, 
        23991.493833064374
      ], 
      [
        1633613475, 
        18749.508800671734
      ], 
      [
        1633613490, 
        14576.514342833514
      ], 
      [
        1633613505, 
        11391.640964741313
      ], 
      [
        1633613520, 
        8841.102860669478
      ], 
      [
        1633613535, 
        6920.476997208718
      ], 
      [
        1633613550, 
        5392.610765554104
      ], 
      [
        1633613565, 
        4214.360460873369
      ], 
      [
        1633613580, 
        3321.923357608065
      ], 
      [
        1633613595, 
        2939.7370913986833
      ]
    ], 
    "name": "geth.eth/db/chaindata/disk/write.meter", 
    "columns": [
      "time", 
      "mean"
    ]
  }, 
  "disk_read": {
    "values": [
      [
        1633613310, 
        22800710.797180116
      ], 
      [
        1633613325, 
        23476644.691451766
      ], 
      [
        1633613340, 
        22579201.54206163
      ], 
      [
        1633613355, 
        22890873.930930533
      ], 
      [
        1633613370, 
        21232765.801407114
      ], 
      [
        1633613385, 
        41324076.341279
      ], 
      [
        1633613400, 
        43429767.330596864
      ], 
      [
        1633613415, 
        50260884.5056874
      ], 
      [
        1633613430, 
        72217246.69721004
      ], 
      [
        1633613445, 
        70636031.0420189
      ], 
      [
        1633613460, 
        64606164.97541988
      ], 
      [
        1633613475, 
        59715250.32813449
      ], 
      [
        1633613490, 
        53895956.0999539
      ], 
      [
        1633613505, 
        53435853.59485683
      ], 
      [
        1633613520, 
        49857810.4156174
      ], 
      [
        1633613535, 
        48837909.922944546
      ], 
      [
        1633613550, 
        45590805.66818731
      ], 
      [
        1633613565, 
        45143335.99652379
      ], 
      [
        1633613580, 
        42648555.904334195
      ], 
      [
        1633613595, 
        40607523.14217013
      ]
    ], 
    "name": "geth.eth/db/chaindata/disk/read.meter", 
    "columns": [
      "time", 
      "mean"
    ]
  },