{
  "known_broadcasts": {
    "values": [
      [
        1633478295, 
        0.5409175460144963
      ], 
      [
        1633478310, 
        0.48985905152221965
      ], 
      [
        1633478325, 
        0.4395217794199713
      ], 
      [
        1633478340, 
        0.3865309870000583
      ], 
      [
        1633478355, 
        0.3428261343169039
      ], 
      [
        1633478370, 
        0.2980511109854776
      ], 
      [
        1633478385, 
        0.27849433622437775
      ], 
      [
        1633478400, 
        0.2934372357494406
      ], 
      [
        1633478415, 
        0.23667938125737936
      ], 
      [
        1633478430, 
        0.1904325746828829
      ], 
      [
        1633478445, 
        0.2031571631977272
      ], 
      [
        1633478460, 
        0.22163563983997397
      ], 
      [
        1633478475, 
        0.1732096970966865
      ], 
      [
        1633478490, 
        0.1983932791445124
      ], 
      [
        1633478505, 
        0.23313447217803376
      ], 
      [
        1633478520, 
        0.31383822446826154
      ], 
      [
        1633478535, 
        0.32399473895097813
      ], 
      [
        1633478550, 
        0.43547192665547574
      ], 
      [
        1633478565, 
        0.34032414897065366
      ], 
      [
        1633478580, 
        0.3229772267516446
      ], 
      [
        1633478595, 
        0.4601734083851691
      ]
    ], 
    "name": "geth.eth/fetcher/block/broadcasts/drop.meter", 
    "columns": [
      "time", 
      "mean"
    ]
  }, 
  "memory_used": {
    "values": [
      [
        1633478295, 
        1515470288
      ], 
      [
        1633478310, 
        1515470288
      ], 
      [
        1633478325, 
        1515470288
      ], 
      [
        1633478340, 
        1515470288
      ], 
      [
        1633478355, 
        1515470288
      ], 
      [
        1633478370, 
        1515470288
      ], 
      [
        1633478385, 
        1515470288
      ], 
      [
        1633478400, 
        1515470288
      ], 
      [
        1633478415, 
        1515470288
      ], 
      [
        1633478430, 
        1515470288
      ], 
      [
        1633478445, 
        1515470288
      ], 
      [
        1633478460, 
        1515470288
      ], 
      [
        1633478475, 
        1515470288
      ], 
      [
        1633478490, 
        1515470288
      ], 
      [
        1633478505, 
        1515470288
      ], 
      [
        1633478520, 
        1515470288
      ], 
      [
        1633478535, 
        1515470288
      ], 
      [
        1633478550, 
        1515470288
      ], 
      [
        1633478565, 
        1515470288
      ], 
      [
        1633478580, 
        1515470288
      ], 
      [
        1633478595, 
        1515470288
      ]
    ], 
    "name": "geth.system/memory/used.gauge", 
    "columns": [
      "time", 
      "mean"
    ]
  }, 
  "stat": {
    "known_broadcasts": {
      "max": 0.48985905152221965, 
      "mean": 0.3201457172767774, 
      "variance": 0.010676018356303003, 
      "pvalue": 4.9496072146491715e-12, 
      "min": 0.1904325746828829
    }, 
    "memory_used": {
      "max": 1515470288.0, 
      "mean": 1515470288.0, 
      "variance": 0.0, 
      "pvalue": 1.6526653304976648e-19, 
      "min": 1515470288.0
    }, 
    "disk_write": {
      "max": 46433.30188128831, 
      "mean": 19401.206323190647, 
      "variance": 201144010.9614113, 
      "pvalue": 0.15358254553917103, 
      "min": 6320.294918702695
    }, 
    "disk_read": {
      "max": 59053516.06519625, 
      "mean": 37021814.981352225, 
      "variance": 136160108162340.14, 
      "pvalue": 1.5472920252897391e-12, 
      "min": 24443946.66247923
    }, 
    "traffic_egress": {
      "max": 229221.65555047925, 
      "mean": 89222.28892012958, 
      "variance": 4385837255.73301, 
      "pvalue": 6.393789872562339e-18, 
      "min": 43004.09572640212
    }, 
    "peer_stats": {
      "max": 22.0, 
      "mean": 18.88095238095238, 
      "variance": 22.664399092970523, 
      "pvalue": 1.6526653304976648e-19, 
      "min": 15.5
    }, 
    "traffic_ingress": {
      "max": 181383.4355879659, 
      "mean": 111806.70683686229, 
      "variance": 1209409066.5283258, 
      "pvalue": 7.49171966318376e-12, 
      "min": 73518.43373334629
    }, 
    "known_announcements": {
      "max": 0.7111650062511737, 
      "mean": 0.42304876945673814, 
      "variance": 0.02951506599425073, 
      "pvalue": 1.0116283153860892e-18, 
      "min": 0.21768809492311372
    }
  }, 
  "disk_write": {
    "values": [
      [
        1633478295, 
        16206.257926834256
      ], 
      [
        1633478310, 
        15504.972899462426
      ], 
      [
        1633478325, 
        13795.42493914776
      ], 
      [
        1633478340, 
        17946.779160789145
      ], 
      [
        1633478355, 
        14212.83134850298
      ], 
      [
        1633478370, 
        11030.641176489711
      ], 
      [
        1633478385, 
        39752.209675685495
      ], 
      [
        1633478400, 
        59415.117887986155
      ], 
      [
        1633478415, 
        46433.30188128831
      ], 
      [
        1633478430, 
        36037.09064950415
      ], 
      [
        1633478445, 
        28175.283126965085
      ], 
      [
        1633478460, 
        21866.961662940732
      ], 
      [
        1633478475, 
        17105.17005961309
      ], 
      [
        1633478490, 
        13292.38195553119
      ], 
      [
        1633478505, 
        10388.083134433535
      ], 
      [
        1633478520, 
        8087.322082793513
      ], 
      [
        1633478535, 
        6320.294918702695
      ], 
      [
        1633478550, 
        5654.397950361259
      ], 
      [
        1633478565, 
        6508.399635334664
      ], 
      [
        1633478580, 
        8966.695444764275
      ], 
      [
        1633478595, 
        10725.715269873144
      ]
    ], 
    "name": "geth.eth/db/chaindata/disk/write.meter", 
    "columns": [
      "time", 
      "mean"
    ]
  }, 
  "disk_read": {
    "values": [
      [
        1633478295, 
        25821650.38426462
      ], 
      [
        1633478310, 
        26016010.21865341
      ], 
      [
        1633478325, 
        24443946.66247923
      ], 
      [
        1633478340, 
        23198948.83626403
      ], 
      [
        1633478355, 
        36971172.71227253
      ], 
      [
        1633478370, 
        47922961.86451395
      ], 
      [
        1633478385, 
        43454027.81513843
      ], 
      [
        1633478400, 
        60470071.04844402
      ], 
      [
        1633478415, 
        59053516.06519625
      ], 
      [
        1633478430, 
        58271582.44116306
      ], 
      [
        1633478445, 
        49566373.53579733
      ], 
      [
        1633478460, 
        43739329.70720377
      ], 
      [
        1633478475, 
        37787270.67464854
      ], 
      [
        1633478490, 
        34645435.23826287
      ], 
      [
        1633478505, 
        31252794.776459172
      ], 
      [
        1633478520, 
        29876028.00506701
      ], 
      [
        1633478535, 
        28722682.11772366
      ], 
      [
        1633478550, 
        28813757.35092942
      ], 
      [
        1633478565, 
        28381702.916427672
      ], 
      [
        1633478580, 
        29252967.81051699
      ], 
      [
        1633478595, 
        29795884.426970802
      ]
    ], 
    "name": "geth.eth/db/chaindata/disk/read.meter", 
    "columns": [
      "time", 
      "mean"
    ]
  },