{
  "known_broadcasts": {
    "values": [
      [
        1633477995, 
        0.3902951261610643
      ], 
      [
        1633478010, 
        0.3303776916092176
      ], 
      [
        1633478025, 
        0.495170358060931
      ], 
      [
        1633478040, 
        0.4321026717151124
      ], 
      [
        1633478055, 
        0.3911028057815449
      ], 
      [
        1633478070, 
        0.3525076616285766
      ], 
      [
        1633478085, 
        0.35591596166493766
      ], 
      [
        1633478100, 
        0.35222858096666904
      ], 
      [
        1633478115, 
        0.32004583516343865
      ], 
      [
        1633478130, 
        0.334859287414435
      ], 
      [
        1633478145, 
        0.4083389177712339
      ], 
      [
        1633478160, 
        0.5277997339625861
      ], 
      [
        1633478175, 
        0.549491530880764
      ], 
      [
        1633478190, 
        0.4411753417369493
      ], 
      [
        1633478205, 
        0.4935431670326964
      ], 
      [
        1633478220, 
        0.43939381626886004
      ], 
      [
        1633478235, 
        0.3969501401743105
      ], 
      [
        1633478250, 
        0.633217032063824
      ], 
      [
        1633478265, 
        0.5447377666289934
      ], 
      [
        1633478280, 
        0.5625723924652871
      ], 
      [
        1633478295, 
        0.6201273028170738
      ]
    ], 
    "name": "geth.eth/fetcher/block/broadcasts/drop.meter", 
    "columns": [
      "time", 
      "mean"
    ]
  }, 
  "memory_used": {
    "values": [
      [
        1633477995, 
        1762858832
      ], 
      [
        1633478010, 
        1966913912
      ], 
      [
        1633478025, 
        1764067724
      ], 
      [
        1633478040, 
        1615153008
      ], 
      [
        1633478055, 
        1675482704
      ], 
      [
        1633478070, 
        1743131416
      ], 
      [
        1633478085, 
        1796822768
      ], 
      [
        1633478100, 
        1885640416
      ], 
      [
        1633478115, 
        1703465188
      ], 
      [
        1633478130, 
        1525485920
      ], 
      [
        1633478145, 
        1608140056
      ], 
      [
        1633478160, 
        1677904496
      ], 
      [
        1633478175, 
        1765849832
      ], 
      [
        1633478190, 
        1818395496
      ], 
      [
        1633478205, 
        1601087684
      ], 
      [
        1633478220, 
        1891373600
      ], 
      [
        1633478235, 
        1644310028
      ], 
      [
        1633478250, 
        1985657592
      ], 
      [
        1633478265, 
        1801760736
      ], 
      [
        1633478280, 
        1631363752
      ], 
      [
        1633478295, 
        1874665952
      ]
    ], 
    "name": "geth.system/memory/used.gauge", 
    "columns": [
      "time", 
      "mean"
    ]
  }, 
  "stat": {
    "known_broadcasts": {
      "max": 0.6201273028170738, 
      "mean": 0.44628348199850026, 
      "variance": 0.008962960964381124, 
      "pvalue": 9.792991187359293e-08, 
      "min": 0.3303776916092176
    }, 
    "memory_used": {
      "max": 1966913912.0, 
      "mean": 1749501481.5238094, 
      "variance": 1.5036613826848394e+16, 
      "pvalue": 0.00044306364183322415, 
      "min": 1601087684.0
    }, 
    "disk_write": {
      "max": 16741.386286155426, 
      "mean": 7130.135545773701, 
      "variance": 21120940.256252795, 
      "pvalue": 0.0019151730123694827, 
      "min": 2426.7567174280234
    }, 
    "disk_read": {
      "max": 47659428.62150113, 
      "mean": 34680418.91047245, 
      "variance": 35801404136773.266, 
      "pvalue": 3.7948804955107265e-15, 
      "min": 27992459.08381477
    }, 
    "traffic_egress": {
      "max": 114143.70264588084, 
      "mean": 75451.65913650517, 
      "variance": 877820846.6827158, 
      "pvalue": 1.2851788343548395e-17, 
      "min": 34893.467887520106
    }, 
    "peer_stats": {
      "max": 41.0, 
      "mean": 37.80952380952381, 
      "variance": 4.892290249433108, 
      "pvalue": 1.6526653304976648e-19, 
      "min": 34.0
    }, 
    "traffic_ingress": {
      "max": 158277.49946480835, 
      "mean": 112666.67335092176, 
      "variance": 550153561.4745766, 
      "pvalue": 1.6816749984056987e-12, 
      "min": 90132.30016442826
    }, 
    "known_announcements": {
      "max": 0.9357056356730162, 
      "mean": 0.6717793654757533, 
      "variance": 0.030215310278605287, 
      "pvalue": 1.9481145856359312e-17, 
      "min": 0.46205365721857505
    }
  }, 
  "disk_write": {
    "values": [
      [
        1633477995, 
        10794.359352839154
      ], 
      [
        1633478010, 
        9149.248067583727
      ], 
      [
        1633478025, 
        7173.903875222485
      ], 
      [
        1633478040, 
        5578.3752784718445
      ], 
      [
        1633478055, 
        4359.536638481933
      ], 
      [
        1633478070, 
        3396.5203804257426
      ], 
      [
        1633478085, 
        2670.7484445729165
      ], 
      [
        1633478100, 
        2706.2364700621997
      ], 
      [
        1633478115, 
        2297.6670123232775
      ], 
      [
        1633478130, 
        2426.7567174280234
      ], 
      [
        1633478145, 
        2771.3526313940565
      ], 
      [
        1633478160, 
        3261.287765372126
      ], 
      [
        1633478175, 
        4883.326314702824
      ], 
      [
        1633478190, 
        4849.191920193534
      ], 
      [
        1633478205, 
        6027.414110815445
      ], 
      [
        1633478220, 
        8478.627976354937
      ], 
      [
        1633478235, 
        9084.481321813255
      ], 
      [
        1633478250, 
        11498.873366844602
      ], 
      [
        1633478265, 
        14292.258830538634
      ], 
      [
        1633478280, 
        16741.386286155426
      ], 
      [
        1633478295, 
        17291.29369965157
      ]
    ], 
    "name": "geth.eth/db/chaindata/disk/write.meter", 
    "columns": [
      "time", 
      "mean"
    ]
  }, 
  "disk_read": {
    "values": [
      [
        1633477995, 
        51105797.450744264
      ], 
      [
        1633478010, 
        47659428.62150113
      ], 
      [
        1633478025, 
        42387716.76753233
      ], 
      [
        1633478040, 
        39779903.265166424
      ], 
      [
        1633478055, 
        36333643.95054327
      ], 
      [
        1633478070, 
        35656491.926011294
      ], 
      [
        1633478085, 
        34000523.83813642
      ], 
      [
        1633478100, 
        34884572.73250112
      ], 
      [
        1633478115, 
        33823256.99305394
      ], 
      [
        1633478130, 
        34064295.02282278
      ], 
      [
        1633478145, 
        33151749.678192135
      ], 
      [
        1633478160, 
        33711971.52146638
      ], 
      [
        1633478175, 
        32677143.099717908
      ], 
      [
        1633478190, 
        33231763.817249514
      ], 
      [
        1633478205, 
        31978372.88047512
      ], 
      [
        1633478220, 
        31221079.06540294
      ], 
      [
        1633478235, 
        29797732.416047316
      ], 
      [
        1633478250, 
        29456559.672217373
      ], 
      [
        1633478265, 
        27992459.08381477
      ], 
      [
        1633478280, 
        28209960.08650529
      ], 
      [
        1633478295, 
        27164375.230819814
      ]
    ], 
    "name": "geth.eth/db/chaindata/disk/read.meter", 
    "columns": [
      "time", 
      "mean"
    ]
  },