{
  "known_broadcasts": {
    "values": [
      [
        1633479195, 
        0.6796866465310498
      ], 
      [
        1633479210, 
        0.5753423249407202
      ], 
      [
        1633479225, 
        0.5135982451649125
      ], 
      [
        1633479240, 
        0.47196480476537195
      ], 
      [
        1633479255, 
        0.4276937228553117
      ], 
      [
        1633479270, 
        0.3858922803916704
      ], 
      [
        1633479285, 
        0.45587563718648993
      ], 
      [
        1633479300, 
        0.5352972859665996
      ], 
      [
        1633479315, 
        0.5373604792240956
      ], 
      [
        1633479330, 
        0.6393042262513964
      ], 
      [
        1633479345, 
        0.551114302446305
      ], 
      [
        1633479360, 
        0.58559411599455
      ], 
      [
        1633479375, 
        0.4576456183953679
      ], 
      [
        1633479390, 
        0.3551807854980109
      ], 
      [
        1633479405, 
        0.2775760988399386
      ], 
      [
        1633479420, 
        0.21542803614535996
      ], 
      [
        1633479435, 
        0.2578532702287097
      ], 
      [
        1633479450, 
        0.3251521654149911
      ], 
      [
        1633479465, 
        0.34042363556935507
      ], 
      [
        1633479480, 
        0.2935274872417615
      ], 
      [
        1633479495, 
        0.24846565370321402
      ]
    ], 
    "name": "geth.eth/fetcher/block/broadcasts/drop.meter", 
    "columns": [
      "time", 
      "mean"
    ]
  }, 
  "memory_used": {
    "values": [
      [
        1633479195, 
        1515470288
      ], 
      [
        1633479210, 
        1515470288
      ], 
      [
        1633479225, 
        1515470288
      ], 
      [
        1633479240, 
        1515470288
      ], 
      [
        1633479255, 
        1515470288
      ], 
      [
        1633479270, 
        1515470288
      ], 
      [
        1633479285, 
        1515470288
      ], 
      [
        1633479300, 
        1515470288
      ], 
      [
        1633479315, 
        1515470288
      ], 
      [
        1633479330, 
        1515470288
      ], 
      [
        1633479345, 
        1515470288
      ], 
      [
        1633479360, 
        1515470288
      ], 
      [
        1633479375, 
        1515470288
      ], 
      [
        1633479390, 
        1515470288
      ], 
      [
        1633479405, 
        1515470288
      ], 
      [
        1633479420, 
        1515470288
      ], 
      [
        1633479435, 
        1515470288
      ], 
      [
        1633479450, 
        1515470288
      ], 
      [
        1633479465, 
        1515470288
      ], 
      [
        1633479480, 
        1515470288
      ], 
      [
        1633479495, 
        1515470288
      ]
    ], 
    "name": "geth.system/memory/used.gauge", 
    "columns": [
      "time", 
      "mean"
    ]
  }, 
  "stat": {
    "known_broadcasts": {
      "max": 0.6393042262513964, 
      "mean": 0.43476080108358, 
      "variance": 0.017882356681043692, 
      "pvalue": 8.387946983261233e-07, 
      "min": 0.24846565370321402
    }, 
    "memory_used": {
      "max": 1515470288.0, 
      "mean": 1515470288.0, 
      "variance": 0.0, 
      "pvalue": 1.6526653304976648e-19, 
      "min": 1515470288.0
    }, 
    "disk_write": {
      "max": 133613.81271358766, 
      "mean": 43876.71540458212, 
      "variance": 1874784940.888201, 
      "pvalue": 0.0001050321551896308, 
      "min": 7003.917860595308
    }, 
    "disk_read": {
      "max": 61844318.66150646, 
      "mean": 38877678.679864176, 
      "variance": 194636976219699.62, 
      "pvalue": 1.323820427682954e-10, 
      "min": 18410732.573587835
    }, 
    "traffic_egress": {
      "max": 47534.54849132627, 
      "mean": 20457.379885053582, 
      "variance": 208829108.20801824, 
      "pvalue": 3.3363742942406577e-15, 
      "min": 6790.4307602037825
    }, 
    "peer_stats": {
      "max": 38.0, 
      "mean": 36.5, 
      "variance": 0.6190476190476191, 
      "pvalue": 1.6526653304976648e-19, 
      "min": 36.0
    }, 
    "traffic_ingress": {
      "max": 288269.65611850587, 
      "mean": 153114.6221615641, 
      "variance": 3559412876.0399795, 
      "pvalue": 1.3634383789540564e-06, 
      "min": 94523.64440298581
    }, 
    "known_announcements": {
      "max": 1.0660937034108224, 
      "mean": 0.7586683223776081, 
      "variance": 0.052894425174214256, 
      "pvalue": 1.006182614604469e-16, 
      "min": 0.41459244774396575
    }
  }, 
  "disk_write": {
    "values": [
      [
        1633479195, 
        18315.932459526277
      ], 
      [
        1633479210, 
        18430.940270871437
      ], 
      [
        1633479225, 
        18885.850112076114
      ], 
      [
        1633479240, 
        30288.112283176
      ], 
      [
        1633479255, 
        172144.28484643798
      ], 
      [
        1633479270, 
        133613.81271358766
      ], 
      [
        1633479285, 
        104420.06549471847
      ], 
      [
        1633479300, 
        81066.5237236795
      ], 
      [
        1633479315, 
        63371.94099944357
      ], 
      [
        1633479330, 
        49201.658493830386
      ], 
      [
        1633479345, 
        38462.5142838171
      ], 
      [
        1633479360, 
        29850.927194396354
      ], 
      [
        1633479375, 
        40312.74843382205
      ], 
      [
        1633479390, 
        31286.90208924669
      ], 
      [
        1633479405, 
        24450.91790239553
      ], 
      [
        1633479420, 
        18976.465364555366
      ], 
      [
        1633479435, 
        14842.293270190814
      ], 
      [
        1633479450, 
        11532.07418522954
      ], 
      [
        1633479465, 
        9024.453042999568
      ], 
      [
        1633479480, 
        7003.917860595308
      ], 
      [
        1633479495, 
        5928.688471628897
      ]
    ], 
    "name": "geth.eth/db/chaindata/disk/write.meter", 
    "columns": [
      "time", 
      "mean"
    ]
  }, 
  "disk_read": {
    "values": [
      [
        1633479195, 
        18272503.0843286
      ], 
      [
        1633479210, 
        18775845.06049188
      ], 
      [
        1633479225, 
        18410732.573587835
      ], 
      [
        1633479240, 
        19022808.61016839
      ], 
      [
        1633479255, 
        30054999.737687312
      ], 
      [
        1633479270, 
        40791862.56096669
      ], 
      [
        1633479285, 
        37583002.41584021
      ], 
      [
        1633479300, 
        37712220.16969713
      ], 
      [
        1633479315, 
        36615998.12568758
      ], 
      [
        1633479330, 
        38156804.19136805
      ], 
      [
        1633479345, 
        37278161.809183
      ], 
      [
        1633479360, 
        38144218.89031195
      ], 
      [
        1633479375, 
        60704713.567497954
      ], 
      [
        1633479390, 
        69976034.61686502
      ], 
      [
        1633479405, 
        61844318.66150646
      ], 
      [
        1633479420, 
        54154041.29674092
      ], 
      [
        1633479435, 
        47381542.908716865
      ], 
      [
        1633479450, 
        43968542.879371196
      ], 
      [
        1633479465, 
        39632405.17666145
      ], 
      [
        1633479480, 
        34719352.80942056
      ], 
      [
        1633479495, 
        33231143.131048463
      ]
    ], 
    "name": "geth.eth/db/chaindata/disk/read.meter", 
    "columns": [
      "time", 
      "mean"
    ]
  },