{
  "known_broadcasts": {
    "values": [
      [
        1633478895, 
        0.7059489491654173
      ], 
      [
        1633478910, 
        0.6122854221220008
      ], 
      [
        1633478925, 
        0.5400616155467945
      ], 
      [
        1633478940, 
        0.46312900529269857
      ], 
      [
        1633478955, 
        0.3619383361870753
      ], 
      [
        1633478970, 
        0.28090194111223626
      ], 
      [
        1633478985, 
        0.3861974455891044
      ], 
      [
        1633479000, 
        0.3577898052264636
      ], 
      [
        1633479015, 
        0.4646255418593602
      ], 
      [
        1633479030, 
        0.5766227194452803
      ], 
      [
        1633479045, 
        0.5835072879898506
      ], 
      [
        1633479060, 
        0.6287648709179493
      ], 
      [
        1633479075, 
        0.6202761546784099
      ], 
      [
        1633479090, 
        0.6955218440846099
      ], 
      [
        1633479105, 
        0.6946062777021439
      ], 
      [
        1633479120, 
        0.605115138114755
      ], 
      [
        1633479135, 
        0.6837097860245928
      ], 
      [
        1633479150, 
        0.7494158783238039
      ], 
      [
        1633479165, 
        0.7064171381464106
      ], 
      [
        1633479180, 
        0.6739770049756354
      ], 
      [
        1633479195, 
        0.6971595751750751
      ]
    ], 
    "name": "geth.eth/fetcher/block/broadcasts/drop.meter", 
    "columns": [
      "time", 
      "mean"
    ]
  }, 
  "memory_used": {
    "values": [
      [
        1633478895, 
        1515470288
      ], 
      [
        1633478910, 
        1515470288
      ], 
      [
        1633478925, 
        1515470288
      ], 
      [
        1633478940, 
        1515470288
      ], 
      [
        1633478955, 
        1515470288
      ], 
      [
        1633478970, 
        1515470288
      ], 
      [
        1633478985, 
        1515470288
      ], 
      [
        1633479000, 
        1515470288
      ], 
      [
        1633479015, 
        1515470288
      ], 
      [
        1633479030, 
        1515470288
      ], 
      [
        1633479045, 
        1515470288
      ], 
      [
        1633479060, 
        1515470288
      ], 
      [
        1633479075, 
        1515470288
      ], 
      [
        1633479090, 
        1515470288
      ], 
      [
        1633479105, 
        1515470288
      ], 
      [
        1633479120, 
        1515470288
      ], 
      [
        1633479135, 
        1515470288
      ], 
      [
        1633479150, 
        1515470288
      ], 
      [
        1633479165, 
        1515470288
      ], 
      [
        1633479180, 
        1515470288
      ], 
      [
        1633479195, 
        1515470288
      ]
    ], 
    "name": "geth.system/memory/used.gauge", 
    "columns": [
      "time", 
      "mean"
    ]
  }, 
  "stat": {
    "known_broadcasts": {
      "max": 0.7064171381464106, 
      "mean": 0.5756177017942699, 
      "variance": 0.018006954719407147, 
      "pvalue": 0.002586352867343763, 
      "min": 0.3577898052264636
    }, 
    "memory_used": {
      "max": 1515470288.0, 
      "mean": 1515470288.0, 
      "variance": 0.0, 
      "pvalue": 1.6526653304976648e-19, 
      "min": 1515470288.0
    }, 
    "disk_write": {
      "max": 28956.62365303555, 
      "mean": 23224.14562871432, 
      "variance": 13740859.76934798, 
      "pvalue": 4.491083635806335e-09, 
      "min": 18716.982526755397
    }, 
    "disk_read": {
      "max": 19410365.735185307, 
      "mean": 18532084.046603348, 
      "variance": 227380860482.6988, 
      "pvalue": 0.0028163666074977082, 
      "min": 17816212.264490306
    }, 
    "traffic_egress": {
      "max": 61408.378434447644, 
      "mean": 25334.827816684294, 
      "variance": 318232519.65045, 
      "pvalue": 9.69874453834285e-16, 
      "min": 8622.231867529572
    }, 
    "peer_stats": {
      "max": 36.0, 
      "mean": 34.976190476190474, 
      "variance": 0.7494331065759636, 
      "pvalue": 1.6526653304976648e-19, 
      "min": 34.0
    }, 
    "traffic_ingress": {
      "max": 103992.3299627503, 
      "mean": 95212.0481057529, 
      "variance": 35019569.06187095, 
      "pvalue": 2.94558410301179e-18, 
      "min": 88260.48849316117
    }, 
    "known_announcements": {
      "max": 1.1728186680188368, 
      "mean": 0.9481208894986669, 
      "variance": 0.03627125843867232, 
      "pvalue": 8.175452472528161e-15, 
      "min": 0.637925934688938
    }
  }, 
  "disk_write": {
    "values": [
      [
        1633478895, 
        15086.377641019379
      ], 
      [
        1633478910, 
        18716.982526755397
      ], 
      [
        1633478925, 
        19752.906425011002
      ], 
      [
        1633478940, 
        21982.07538333482
      ], 
      [
        1633478955, 
        21225.274302666367
      ], 
      [
        1633478970, 
        20558.200565957242
      ], 
      [
        1633478985, 
        20513.657983534795
      ], 
      [
        1633479000, 
        21344.16561238084
      ], 
      [
        1633479015, 
        30286.87716581622
      ], 
      [
        1633479030, 
        28956.62365303555
      ], 
      [
        1633479045, 
        27895.267568301126
      ], 
      [
        1633479060, 
        28305.095695580505
      ], 
      [
        1633479075, 
        27010.100716904097
      ], 
      [
        1633479090, 
        26276.907281072392
      ], 
      [
        1633479105, 
        24066.617337049844
      ], 
      [
        1633479120, 
        24136.098092821576
      ], 
      [
        1633479135, 
        24099.765976170027
      ], 
      [
        1633479150, 
        23145.428685007337
      ], 
      [
        1633479165, 
        21847.501061946106
      ], 
      [
        1633479180, 
        21704.984002531088
      ], 
      [
        1633479195, 
        20796.15052610497
      ]
    ], 
    "name": "geth.eth/db/chaindata/disk/write.meter", 
    "columns": [
      "time", 
      "mean"
    ]
  }, 
  "disk_read": {
    "values": [
      [
        1633478895, 
        18813971.707066495
      ], 
      [
        1633478910, 
        19423844.77022205
      ], 
      [
        1633478925, 
        18910977.7821922
      ], 
      [
        1633478940, 
        19410365.735185307
      ], 
      [
        1633478955, 
        18635221.473638266
      ], 
      [
        1633478970, 
        18588336.04943598
      ], 
      [
        1633478985, 
        17816212.264490306
      ], 
      [
        1633479000, 
        18023767.113909658
      ], 
      [
        1633479015, 
        17431509.02731572
      ], 
      [
        1633479030, 
        18174023.227753986
      ], 
      [
        1633479045, 
        17983710.788604036
      ], 
      [
        1633479060, 
        18730611.686711427
      ], 
      [
        1633479075, 
        18488905.7925639
      ], 
      [
        1633479090, 
        18970211.50449762
      ], 
      [
        1633479105, 
        18354533.243945155
      ], 
      [
        1633479120, 
        18770185.69417565
      ], 
      [
        1633479135, 
        18298582.205370754
      ], 
      [
        1633479150, 
        18603912.672597114
      ], 
      [
        1633479165, 
        18269145.432400063
      ], 
      [
        1633479180, 
        18850897.69823384
      ], 
      [
        1633479195, 
        18624839.108360726
      ]
    ], 
    "name": "geth.eth/db/chaindata/disk/read.meter", 
    "columns": [
      "time", 
      "mean"
    ]
  },