{
  "known_broadcasts": {
    "values": [
      [
        1633613010, 
        0.42179591803978306
      ], 
      [
        1633613025, 
        0.4489729452079835
      ], 
      [
        1633613040, 
        0.3791026027572682
      ], 
      [
        1633613055, 
        0.4586713348529213
      ], 
      [
        1633613070, 
        0.3706893865182442
      ], 
      [
        1633613085, 
        0.3277560956139073
      ], 
      [
        1633613100, 
        0.36410980724473774
      ], 
      [
        1633613115, 
        0.31172061997924316
      ], 
      [
        1633613130, 
        0.24192774979111473
      ], 
      [
        1633613145, 
        0.28554335859054714
      ], 
      [
        1633613160, 
        0.5911039553320703
      ], 
      [
        1633613175, 
        0.5610780530301711
      ], 
      [
        1633613190, 
        0.5174234725301435
      ], 
      [
        1633613205, 
        0.44434760889527436
      ], 
      [
        1633613220, 
        0.44036429375468616
      ], 
      [
        1633613235, 
        0.5238355180007288
      ], 
      [
        1633613250, 
        0.7102232201681122
      ], 
      [
        1633613265, 
        0.7003197298053059
      ], 
      [
        1633613280, 
        0.6714501716573557
      ], 
      [
        1633613295, 
        0.5678532071442386
      ]
    ], 
    "name": "geth.eth/fetcher/block/broadcasts/drop.meter", 
    "columns": [
      "time", 
      "mean"
    ]
  }, 
  "memory_used": {
    "values": [
      [
        1633613010, 
        1854497960
      ], 
      [
        1633613025, 
        1746895140
      ], 
      [
        1633613040, 
        1585571808
      ], 
      [
        1633613055, 
        1702675108
      ], 
      [
        1633613070, 
        1874838496
      ], 
      [
        1633613085, 
        1666904312
      ], 
      [
        1633613100, 
        1495453616
      ], 
      [
        1633613115, 
        1691215540
      ], 
      [
        1633613130, 
        1678700568
      ], 
      [
        1633613145, 
        1717625108
      ], 
      [
        1633613160, 
        1719060272
      ], 
      [
        1633613175, 
        1728365972
      ], 
      [
        1633613190, 
        1673461648
      ], 
      [
        1633613205, 
        1938532720
      ], 
      [
        1633613220, 
        1635291640
      ], 
      [
        1633613235, 
        1925082420
      ], 
      [
        1633613250, 
        1617861488
      ], 
      [
        1633613265, 
        1893600916
      ], 
      [
        1633613280, 
        1580139296
      ], 
      [
        1633613295, 
        1878054220
      ]
    ], 
    "name": "geth.system/memory/used.gauge", 
    "columns": [
      "time", 
      "mean"
    ]
  }, 
  "stat": {
    "known_broadcasts": {
      "max": 0.7008149043234462, 
      "mean": 0.4669144524456918, 
      "variance": 0.01769625015865133, 
      "pvalue": 0.002104539246350325, 
      "min": 0.28336257815057553
    }, 
    "memory_used": {
      "max": 1925754935.0, 
      "mean": 1730191412.4, 
      "variance": 1.496005569872586e+16, 
      "pvalue": 0.0006052244181906797, 
      "min": 1575905012.0
    }, 
    "disk_write": {
      "max": 34415.88595445066, 
      "mean": 9979.429212927573, 
      "variance": 141329168.0422391, 
      "pvalue": 0.44920725164692143, 
      "min": 1084.7233444169967
    }, 
    "disk_read": {
      "max": 35354663.9128196, 
      "mean": 25992056.121231757, 
      "variance": 25679764513377.277, 
      "pvalue": 0.0003350777944483803, 
      "min": 21819201.035774343
    }, 
    "traffic_egress": {
      "max": 157699.03496111033, 
      "mean": 66517.8710334638, 
      "variance": 2041830056.978009, 
      "pvalue": 3.834125283976332e-14, 
      "min": 12026.805052761825
    }, 
    "peer_stats": {
      "max": 49.0, 
      "mean": 47.65, 
      "variance": 1.1525000000000003, 
      "pvalue": 7.154358453097286e-16, 
      "min": 45.95
    }, 
    "traffic_ingress": {
      "max": 185351.44912962348, 
      "mean": 158044.51703259157, 
      "variance": 245174778.1210781, 
      "pvalue": 8.071616500262172e-07, 
      "min": 140546.9240400985
    }, 
    "known_announcements": {
      "max": 1.5423758790527429, 
      "mean": 1.1575444528069159, 
      "variance": 0.03917383628346091, 
      "pvalue": 7.545644167920522e-12, 
      "min": 0.9141689791152517
    }
  }, 
  "disk_write": {
    "values": [
      [
        1633613010, 
        43416.295950269276
      ], 
      [
        1633613025, 
        33942.180165197045
      ], 
      [
        1633613040, 
        26342.67592216877
      ], 
      [
        1633613055, 
        20610.343789936192
      ], 
      [
        1633613070, 
        15995.778835075336
      ], 
      [
        1633613085, 
        12507.337787138964
      ], 
      [
        1633613100, 
        9712.989355348886
      ], 
      [
        1633613115, 
        7601.726143361122
      ], 
      [
        1633613130, 
        5899.7332307182805
      ], 
      [
        1633613145, 
        4617.13238842701
      ], 
      [
        1633613160, 
        3601.165810689554
      ], 
      [
        1633613175, 
        2825.4320401429623
      ], 
      [
        1633613190, 
        2204.8504275731293
      ], 
      [
        1633613205, 
        1723.1049797730323
      ], 
      [
        1633613220, 
        1349.3295279069173
      ], 
      [
        1633613235, 
        1085.7013800048649
      ], 
      [
        1633613250, 
        1066.1406682474994
      ], 
      [
        1633613265, 
        1471.3367929686515
      ], 
      [
        1633613280, 
        1346.9236623845957
      ], 
      [
        1633613295, 
        2268.4054012193274
      ]
    ], 
    "name": "geth.eth/db/chaindata/disk/write.meter", 
    "columns": [
      "time", 
      "mean"
    ]
  }, 
  "disk_read": {
    "values": [
      [
        1633613010, 
        36512871.502358966
      ], 
      [
        1633613025, 
        35293705.61863332
      ], 
      [
        1633613040, 
        34554195.44847769
      ], 
      [
        1633613055, 
        32464637.293255042
      ], 
      [
        1633613070, 
        31345968.35874419
      ], 
      [
        1633613085, 
        29213363.611862034
      ], 
      [
        1633613100, 
        26589748.604561314
      ], 
      [
        1633613115, 
        25544860.086725984
      ], 
      [
        1633613130, 
        23601362.020975474
      ], 
      [
        1633613145, 
        23001541.633229326
      ], 
      [
        1633613160, 
        22127299.114116
      ], 
      [
        1633613175, 
        22709497.12234057
      ], 
      [
        1633613190, 
        21814025.24636952
      ], 
      [
        1633613205, 
        22417847.81355802
      ], 
      [
        1633613220, 
        21819473.44574302
      ], 
      [
        1633613235, 
        22252547.4585046
      ], 
      [
        1633613250, 
        21834351.98266631
      ], 
      [
        1633613265, 
        22405912.42098635
      ], 
      [
        1633613280, 
        21845248.36018256
      ], 
      [
        1633613295, 
        22492665.281344764
      ]
    ], 
    "name": "geth.eth/db/chaindata/disk/read.meter", 
    "columns": [
      "time", 
      "mean"
    ]
  },