{
  "known_broadcasts": {
    "values": [
      [
        1633476795, 
        0.5782770844253263
      ], 
      [
        1633476810, 
        0.5522686301011221
      ], 
      [
        1633476825, 
        0.4856079837131106
      ], 
      [
        1633476840, 
        0.4175657283303369
      ], 
      [
        1633476855, 
        0.35897019094948784
      ], 
      [
        1633476870, 
        0.33218477102943444
      ], 
      [
        1633476885, 
        0.29397980535277696
      ], 
      [
        1633476900, 
        0.5368736473178157
      ], 
      [
        1633476915, 
        0.5618332216708803
      ], 
      [
        1633476930, 
        0.4526595408379064
      ], 
      [
        1633476945, 
        0.3513110686860754
      ], 
      [
        1633476960, 
        0.32555574058581693
      ], 
      [
        1633476975, 
        0.43410007419143026
      ], 
      [
        1633476990, 
        0.41439182099830607
      ], 
      [
        1633477005, 
        0.38158723983294185
      ], 
      [
        1633477020, 
        0.3117961312365174
      ], 
      [
        1633477035, 
        0.3462526991719455
      ], 
      [
        1633477050, 
        0.3692695920965291
      ], 
      [
        1633477065, 
        0.30125336134620323
      ], 
      [
        1633477080, 
        0.30334754649895435
      ]
    ], 
    "name": "geth.eth/fetcher/block/broadcasts/drop.meter", 
    "columns": [
      "time", 
      "mean"
    ]
  }, 
  "memory_used": {
    "values": [
      [
        1633476795, 
        1796876528
      ], 
      [
        1633476810, 
        1590497776
      ], 
      [
        1633476825, 
        1970603584
      ], 
      [
        1633476840, 
        1828327428
      ], 
      [
        1633476855, 
        1719739528
      ], 
      [
        1633476870, 
        1746633056
      ], 
      [
        1633476885, 
        1791658384
      ], 
      [
        1633476900, 
        1818690332
      ], 
      [
        1633476915, 
        1522684720
      ], 
      [
        1633476930, 
        1807376912
      ], 
      [
        1633476945, 
        1599455800
      ], 
      [
        1633476960, 
        1855753980
      ], 
      [
        1633476975, 
        1631791232
      ], 
      [
        1633476990, 
        1636596880
      ], 
      [
        1633477005, 
        1661622160
      ], 
      [
        1633477020, 
        1859856840
      ], 
      [
        1633477035, 
        1682274280
      ], 
      [
        1633477050, 
        1705768012
      ], 
      [
        1633477065, 
        1795639648
      ], 
      [
        1633477080, 
        1570817060
      ]
    ], 
    "name": "geth.system/memory/used.gauge", 
    "columns": [
      "time", 
      "mean"
    ]
  }, 
  "stat": {
    "known_broadcasts": {
      "max": 0.5626554148086026, 
      "mean": 0.4054542939186459, 
      "variance": 0.00837789867375017, 
      "pvalue": 5.917271698585872e-09, 
      "min": 0.3008896835465319
    }, 
    "memory_used": {
      "max": 1865394177.2, 
      "mean": 1729633207.0, 
      "variance": 1.2889074315404196e+16, 
      "pvalue": 1.3127998337890331e-05, 
      "min": 1568410443.0
    }, 
    "disk_write": {
      "max": 13283.805901826496, 
      "mean": 11960.607638028416, 
      "variance": 1479679.541045969, 
      "pvalue": 0.003983256612351523, 
      "min": 9934.217522741299
    }, 
    "disk_read": {
      "max": 28613362.697656192, 
      "mean": 27048754.775780033, 
      "variance": 1134809903374.818, 
      "pvalue": 4.1909586277428877e-13, 
      "min": 25279452.67971056
    }, 
    "traffic_egress": {
      "max": 223416.06428609748, 
      "mean": 126979.7222969265, 
      "variance": 4609350219.162439, 
      "pvalue": 5.888598047990167e-17, 
      "min": 34165.553019019026
    }, 
    "peer_stats": {
      "max": 33.5, 
      "mean": 30.875, 
      "variance": 3.296875, 
      "pvalue": 1.2026467019345983e-18, 
      "min": 27.925
    }, 
    "traffic_ingress": {
      "max": 106784.85790539377, 
      "mean": 98083.911816107, 
      "variance": 32939734.04886803, 
      "pvalue": 3.449822621989265e-17, 
      "min": 90824.61150195666
    }, 
    "known_announcements": {
      "max": 0.8635995212242916, 
      "mean": 0.607132537783674, 
      "variance": 0.01645947807690781, 
      "pvalue": 8.916060381266235e-18, 
      "min": 0.4611250804692729
    }
  }, 
  "disk_write": {
    "values": [
      [
        1633476795, 
        11535.758525900093
      ], 
      [
        1633476810, 
        9959.303748874852
      ], 
      [
        1633476825, 
        9457.5792262038
      ], 
      [
        1633476840, 
        10079.02261214675
      ], 
      [
        1633476855, 
        12127.163538128874
      ], 
      [
        1633476870, 
        11430.008835960836
      ], 
      [
        1633476885, 
        11263.16818468704
      ], 
      [
        1633476900, 
        12743.058861266363
      ], 
      [
        1633476915, 
        12071.467898354867
      ], 
      [
        1633476930, 
        10583.842183497396
      ], 
      [
        1633476945, 
        11646.705824415414
      ], 
      [
        1633476960, 
        12802.913178248844
      ], 
      [
        1633476975, 
        11975.415238353962
      ], 
      [
        1633476990, 
        12836.116829139304
      ], 
      [
        1633477005, 
        12561.580056622986
      ], 
      [
        1633477020, 
        12523.082105085216
      ], 
      [
        1633477035, 
        14498.370792176262
      ], 
      [
        1633477050, 
        13114.813642621883
      ], 
      [
        1633477065, 
        12782.900044970207
      ], 
      [
        1633477080, 
        13219.88143391335
      ]
    ], 
    "name": "geth.eth/db/chaindata/disk/write.meter", 
    "columns": [
      "time", 
      "mean"
    ]
  }, 
  "disk_read": {
    "values": [
      [
        1633476795, 
        26721076.49351578
      ], 
      [
        1633476810, 
        28578475.48793995
      ], 
      [
        1633476825, 
        28001904.66608671
      ], 
      [
        1633476840, 
        27598088.787770092
      ], 
      [
        1633476855, 
        26611151.69912752
      ], 
      [
        1633476870, 
        27656016.30132832
      ], 
      [
        1633476885, 
        26851389.84321985
      ], 
      [
        1633476900, 
        26557806.595558506
      ], 
      [
        1633476915, 
        26845906.251419723
      ], 
      [
        1633476930, 
        28102174.076132614
      ], 
      [
        1633476945, 
        26848496.405764803
      ], 
      [
        1633476960, 
        27498491.67283526
      ], 
      [
        1633476975, 
        26139473.389413938
      ], 
      [
        1633476990, 
        26674722.853971146
      ], 
      [
        1633477005, 
        25338402.72974174
      ], 
      [
        1633477020, 
        25041342.57550515
      ], 
      [
        1633477035, 
        25291984.79045821
      ], 
      [
        1633477050, 
        27496084.18561203
      ], 
      [
        1633477065, 
        27845887.027934466
      ], 
      [
        1633477080, 
        29276219.682264835
      ]
    ], 
    "name": "geth.eth/db/chaindata/disk/read.meter", 
    "columns": [
      "time", 
      "mean"
    ]
  },