{
  "known_broadcasts": {
    "values": [
      [
        1633608810, 
        0.5169022266121752
      ], 
      [
        1633608825, 
        0.4671982392845649
      ], 
      [
        1633608840, 
        0.4492338756024601
      ], 
      [
        1633608855, 
        0.42577436510619593
      ], 
      [
        1633608870, 
        0.3887143511732559
      ], 
      [
        1633608885, 
        0.42783979396858424
      ], 
      [
        1633608900, 
        0.4968289583572726
      ], 
      [
        1633608915, 
        0.5902131573100503
      ], 
      [
        1633608930, 
        0.46125542928910557
      ], 
      [
        1633608945, 
        0.3579823756743411
      ], 
      [
        1633608960, 
        0.36388096635131906
      ], 
      [
        1633608975, 
        0.48618195276629106
      ], 
      [
        1633608990, 
        0.4207040135615233
      ], 
      [
        1633609005, 
        0.34122278079214297
      ], 
      [
        1633609020, 
        0.38573701636439645
      ], 
      [
        1633609035, 
        0.3655022159605233
      ], 
      [
        1633609050, 
        0.4812992702907943
      ], 
      [
        1633609065, 
        0.5684334686874722
      ], 
      [
        1633609080, 
        0.629667501843048
      ], 
      [
        1633609095, 
        0.5027631906625051
      ]
    ], 
    "name": "geth.eth/fetcher/block/broadcasts/drop.meter", 
    "columns": [
      "time", 
      "mean"
    ]
  }, 
  "memory_used": {
    "values": [
      [
        1633608810, 
        1714767308
      ], 
      [
        1633608825, 
        1700895552
      ], 
      [
        1633608840, 
        1937602528
      ], 
      [
        1633608855, 
        1614789432
      ], 
      [
        1633608870, 
        1891064052
      ], 
      [
        1633608885, 
        1609354552
      ], 
      [
        1633608900, 
        1885737492
      ], 
      [
        1633608915, 
        1613882000
      ], 
      [
        1633608930, 
        1868753816
      ], 
      [
        1633608945, 
        1576463664
      ], 
      [
        1633608960, 
        1918424828
      ], 
      [
        1633608975, 
        1584272504
      ], 
      [
        1633608990, 
        1788873072
      ], 
      [
        1633609005, 
        1986482344
      ], 
      [
        1633609020, 
        1890881704
      ], 
      [
        1633609035, 
        1818560200
      ], 
      [
        1633609050, 
        2018083508
      ], 
      [
        1633609065, 
        1655892352
      ], 
      [
        1633609080, 
        1874850144
      ], 
      [
        1633609095, 
        2057424600
      ]
    ], 
    "name": "geth.system/memory/used.gauge", 
    "columns": [
      "time", 
      "mean"
    ]
  }, 
  "stat": {
    "known_broadcasts": {
      "max": 0.5921858745367002, 
      "mean": 0.45636675748290106, 
      "variance": 0.006099926033369565, 
      "pvalue": 0.0005957942727372788, 
      "min": 0.3571443959302312
    }, 
    "memory_used": {
      "max": 2020050562.6, 
      "mean": 1800352782.6, 
      "variance": 2.279548056115087e+16, 
      "pvalue": 0.15791160627413875, 
      "min": 1583882062.0
    }, 
    "disk_write": {
      "max": 10538.535757502841, 
      "mean": 8279.652244441591, 
      "variance": 2007000.4270361338, 
      "pvalue": 0.04597161194609507, 
      "min": 6183.4563561317755
    }, 
    "disk_read": {
      "max": 23765061.72147528, 
      "mean": 21737353.97731066, 
      "variance": 3326781908841.6807, 
      "pvalue": 0.04487161895626501, 
      "min": 18909735.37356173
    }, 
    "traffic_egress": {
      "max": 24741.05888811691, 
      "mean": 9758.458594607066, 
      "variance": 48717086.612150595, 
      "pvalue": 1.5580743833955452e-09, 
      "min": 3094.5754197585006
    }, 
    "peer_stats": {
      "max": 44.625, 
      "mean": 43.8, 
      "variance": 0.7849999999999999, 
      "pvalue": 6.386842657796111e-16, 
      "min": 43.0
    }, 
    "traffic_ingress": {
      "max": 139745.38426006163, 
      "mean": 125509.11479867282, 
      "variance": 83092908.11856128, 
      "pvalue": 8.112867644748799e-14, 
      "min": 114460.62005949544
    }, 
    "known_announcements": {
      "max": 1.5058116322198472, 
      "mean": 1.1178519848282114, 
      "variance": 0.03897317164131929, 
      "pvalue": 2.600840602945549e-12, 
      "min": 0.8987922226518011
    }
  }, 
  "disk_write": {
    "values": [
      [
        1633608810, 
        4910.505530496963
      ], 
      [
        1633608825, 
        6250.453768007292
      ], 
      [
        1633608840, 
        7071.482084319923
      ], 
      [
        1633608855, 
        7631.992155443932
      ], 
      [
        1633608870, 
        9439.821930374714
      ], 
      [
        1633608885, 
        9127.503752591487
      ], 
      [
        1633608900, 
        8392.838565434773
      ], 
      [
        1633608915, 
        7731.1782049525245
      ], 
      [
        1633608930, 
        7955.461748408461
      ], 
      [
        1633608945, 
        7853.8462922488625
      ], 
      [
        1633608960, 
        10308.970835614286
      ], 
      [
        1633608975, 
        11055.460113486546
      ], 
      [
        1633608990, 
        10511.329212451066
      ], 
      [
        1633609005, 
        9665.90549094867
      ], 
      [
        1633609020, 
        8551.856850239616
      ], 
      [
        1633609035, 
        8199.01117077154
      ], 
      [
        1633609050, 
        7802.166097012816
      ], 
      [
        1633609065, 
        7771.54437618035
      ], 
      [
        1633609080, 
        7923.743276988646
      ], 
      [
        1633609095, 
        7437.973432859325
      ]
    ], 
    "name": "geth.eth/db/chaindata/disk/write.meter", 
    "columns": [
      "time", 
      "mean"
    ]
  }, 
  "disk_read": {
    "values": [
      [
        1633608810, 
        21597738.722569652
      ], 
      [
        1633608825, 
        21437265.55783327
      ], 
      [
        1633608840, 
        21763875.381014448
      ], 
      [
        1633608855, 
        21944924.939963706
      ], 
      [
        1633608870, 
        22718274.985237617
      ], 
      [
        1633608885, 
        23213014.814413235
      ], 
      [
        1633608900, 
        23547761.059736047
      ], 
      [
        1633608915, 
        23508578.885108452
      ], 
      [
        1633608930, 
        23483922.321578935
      ], 
      [
        1633608945, 
        23368188.587473575
      ], 
      [
        1633608960, 
        24903346.72380699
      ], 
      [
        1633608975, 
        23705151.98451045
      ], 
      [
        1633608990, 
        22290348.61735575
      ], 
      [
        1633609005, 
        21201214.991666645
      ], 
      [
        1633609020, 
        20259416.34936095
      ], 
      [
        1633609035, 
        19900090.87720016
      ], 
      [
        1633609050, 
        19451286.509171322
      ], 
      [
        1633609065, 
        19108941.569377482
      ], 
      [
        1633609080, 
        18936165.044577777
      ], 
      [
        1633609095, 
        18407571.624256782
      ]
    ], 
    "name": "geth.eth/db/chaindata/disk/read.meter", 
    "columns": [
      "time", 
      "mean"
    ]
  },