{
  "known_broadcasts": {
    "values": [
      [
        1633487070, 
        0.5831276171172012
      ], 
      [
        1633487085, 
        0.49255049308734183
      ], 
      [
        1633487100, 
        0.5464246515472084
      ], 
      [
        1633487115, 
        0.6661225324289077
      ], 
      [
        1633487130, 
        0.7716570102406078
      ], 
      [
        1633487145, 
        0.7562709940103177
      ], 
      [
        1633487160, 
        0.783041684651513
      ], 
      [
        1633487175, 
        0.7563210479167126
      ], 
      [
        1633487190, 
        0.593728767026425
      ], 
      [
        1633487205, 
        0.6954955118071919
      ], 
      [
        1633487220, 
        0.6881855234761898
      ], 
      [
        1633487235, 
        0.7347913811953906
      ], 
      [
        1633487250, 
        0.7317654140386499
      ], 
      [
        1633487265, 
        0.7047482280816493
      ], 
      [
        1633487280, 
        0.7644453822408945
      ], 
      [
        1633487295, 
        0.8342645210041892
      ], 
      [
        1633487310, 
        0.8969103635426716
      ], 
      [
        1633487325, 
        0.8300380639501295
      ], 
      [
        1633487340, 
        0.8139599163699112
      ], 
      [
        1633487355, 
        0.90258998712896
      ]
    ], 
    "name": "geth.eth/fetcher/block/broadcasts/drop.meter", 
    "columns": [
      "time", 
      "mean"
    ]
  }, 
  "memory_used": {
    "values": [
      [
        1633487070, 
        1793069376
      ], 
      [
        1633487085, 
        1831630852
      ], 
      [
        1633487100, 
        1482160224
      ], 
      [
        1633487115, 
        1840315528
      ], 
      [
        1633487130, 
        1736001664
      ], 
      [
        1633487145, 
        1809941548
      ], 
      [
        1633487160, 
        1958465504
      ], 
      [
        1633487175, 
        1748759764
      ], 
      [
        1633487190, 
        1579524432
      ], 
      [
        1633487205, 
        1859383476
      ], 
      [
        1633487220, 
        1618237192
      ], 
      [
        1633487235, 
        1885271532
      ], 
      [
        1633487250, 
        1707957136
      ], 
      [
        1633487265, 
        1709163884
      ], 
      [
        1633487280, 
        1734026672
      ], 
      [
        1633487295, 
        1714320220
      ], 
      [
        1633487310, 
        1772092896
      ], 
      [
        1633487325, 
        1769487648
      ], 
      [
        1633487340, 
        1811381712
      ], 
      [
        1633487355, 
        1767109672
      ]
    ], 
    "name": "geth.system/memory/used.gauge", 
    "columns": [
      "time", 
      "mean"
    ]
  }, 
  "stat": {
    "known_broadcasts": {
      "max": 0.897194344721986, 
      "mean": 0.7273219545431032, 
      "variance": 0.011522783513282541, 
      "pvalue": 0.07752509750111201, 
      "min": 0.543730943624215
    }, 
    "memory_used": {
      "max": 1888931230.6000001, 
      "mean": 1756415046.6, 
      "variance": 1.10708545844121e+16, 
      "pvalue": 0.00011077128307564234, 
      "min": 1574656221.6
    }, 
    "disk_write": {
      "max": 18939.25255261721, 
      "mean": 13143.425128659228, 
      "variance": 34851550.321947925, 
      "pvalue": 0.07168615501470627, 
      "min": 2914.3037904310945
    }, 
    "disk_read": {
      "max": 29431608.028285153, 
      "mean": 25400020.702573314, 
      "variance": 12805462075708.682, 
      "pvalue": 4.1920823073568334e-08, 
      "min": 19678968.081054624
    }, 
    "traffic_egress": {
      "max": 288823.6469911941, 
      "mean": 244317.69012955087, 
      "variance": 1404080059.138889, 
      "pvalue": 4.493296727545603e-18, 
      "min": 173270.77429282328
    }, 
    "peer_stats": {
      "max": 41.050000000000004, 
      "mean": 39.2, 
      "variance": 2.16, 
      "pvalue": 1.2026467019345983e-18, 
      "min": 36.900000000000006
    }, 
    "traffic_ingress": {
      "max": 119582.95537149515, 
      "mean": 114742.96788326092, 
      "variance": 28512220.749394067, 
      "pvalue": 1.3040607174804445e-16, 
      "min": 107468.56251067421
    }, 
    "known_announcements": {
      "max": 1.4607047394751487, 
      "mean": 1.1742465710012588, 
      "variance": 0.043548266999840636, 
      "pvalue": 5.376716538254792e-09, 
      "min": 0.9215766549639213
    }
  }, 
  "disk_write": {
    "values": [
      [
        1633487070, 
        1714.222480985533
      ], 
      [
        1633487085, 
        2977.46596461244
      ], 
      [
        1633487100, 
        3619.6920150494557
      ], 
      [
        1633487115, 
        4240.244713480395
      ], 
      [
        1633487130, 
        6792.90235490187
      ], 
      [
        1633487145, 
        8946.69199777478
      ], 
      [
        1633487160, 
        13915.785767294883
      ], 
      [
        1633487175, 
        16424.739778636005
      ], 
      [
        1633487190, 
        18382.870941874084
      ], 
      [
        1633487205, 
        18930.679869197753
      ], 
      [
        1633487220, 
        18338.07009349801
      ], 
      [
        1633487235, 
        18720.034549920252
      ], 
      [
        1633487250, 
        19102.13353758688
      ], 
      [
        1633487265, 
        17857.97428307275
      ], 
      [
        1633487280, 
        16024.766370267413
      ], 
      [
        1633487295, 
        18067.50040341675
      ], 
      [
        1633487310, 
        16429.01110887202
      ], 
      [
        1633487325, 
        14802.373412889827
      ], 
      [
        1633487340, 
        14003.197911897269
      ], 
      [
        1633487355, 
        13578.145017956189
      ]
    ], 
    "name": "geth.eth/db/chaindata/disk/write.meter", 
    "columns": [
      "time", 
      "mean"
    ]
  }, 
  "disk_read": {
    "values": [
      [
        1633487070, 
        27351458.100989897
      ], 
      [
        1633487085, 
        27044948.594057374
      ], 
      [
        1633487100, 
        28073818.506366123
      ], 
      [
        1633487115, 
        28578350.267284915
      ], 
      [
        1633487130, 
        28971302.180843763
      ], 
      [
        1633487145, 
        29164011.37172179
      ], 
      [
        1633487160, 
        29470937.84375153
      ], 
      [
        1633487175, 
        29429538.037997447
      ], 
      [
        1633487190, 
        28952021.407948904
      ], 
      [
        1633487205, 
        27966022.64057359
      ], 
      [
        1633487220, 
        26565549.64131895
      ], 
      [
        1633487235, 
        25486955.93566689
      ], 
      [
        1633487250, 
        24375114.789680883
      ], 
      [
        1633487265, 
        23288856.021728955
      ], 
      [
        1633487280, 
        22174464.67750722
      ], 
      [
        1633487295, 
        21240248.432669196
      ], 
      [
        1633487310, 
        20652572.493247267
      ], 
      [
        1633487325, 
        20004389.24019114
      ], 
      [
        1633487340, 
        19687194.875176225
      ], 
      [
        1633487355, 
        19522658.99274417
      ]
    ], 
    "name": "geth.eth/db/chaindata/disk/read.meter", 
    "columns": [
      "time", 
      "mean"
    ]
  },