{
  "known_broadcasts": {
    "values": [
      [
        1633486770, 
        0.5615099921445564
      ], 
      [
        1633486785, 
        0.7023759281315951
      ], 
      [
        1633486800, 
        0.6536860635424355
      ], 
      [
        1633486815, 
        0.5839325767869162
      ], 
      [
        1633486830, 
        0.5531522762930328
      ], 
      [
        1633486845, 
        0.6628676933559585
      ], 
      [
        1633486860, 
        0.5781381289949471
      ], 
      [
        1633486875, 
        0.45181871595905154
      ], 
      [
        1633486890, 
        0.4562034246713127
      ], 
      [
        1633486905, 
        0.38487281873500345
      ], 
      [
        1633486920, 
        0.40296783906187145
      ], 
      [
        1633486935, 
        0.5129356850146521
      ], 
      [
        1633486950, 
        0.7183628349093821
      ], 
      [
        1633486965, 
        0.6044646444686267
      ], 
      [
        1633486980, 
        0.48261700334190266
      ], 
      [
        1633486995, 
        0.49704207980783943
      ], 
      [
        1633487010, 
        0.5188153243281768
      ], 
      [
        1633487025, 
        0.4054575574618162
      ], 
      [
        1633487040, 
        0.3786418692303343
      ], 
      [
        1633487055, 
        0.45717377305166323
      ]
    ], 
    "name": "geth.eth/fetcher/block/broadcasts/drop.meter", 
    "columns": [
      "time", 
      "mean"
    ]
  }, 
  "memory_used": {
    "values": [
      [
        1633486770, 
        1410892880
      ], 
      [
        1633486785, 
        1652176456
      ], 
      [
        1633486800, 
        1867776632
      ], 
      [
        1633486815, 
        1559010532
      ], 
      [
        1633486830, 
        1756758816
      ], 
      [
        1633486845, 
        1803375104
      ], 
      [
        1633486860, 
        1794881352
      ], 
      [
        1633486875, 
        1774661084
      ], 
      [
        1633486890, 
        1840204048
      ], 
      [
        1633486905, 
        1562843728
      ], 
      [
        1633486920, 
        1928004088
      ], 
      [
        1633486935, 
        1614850128
      ], 
      [
        1633486950, 
        1826408416
      ], 
      [
        1633486965, 
        1634214964
      ], 
      [
        1633486980, 
        1490977752
      ], 
      [
        1633486995, 
        1776422092
      ], 
      [
        1633487010, 
        1573652744
      ], 
      [
        1633487025, 
        1821099108
      ], 
      [
        1633487040, 
        1587085184
      ], 
      [
        1633487055, 
        1652277236
      ]
    ], 
    "name": "geth.system/memory/used.gauge", 
    "columns": [
      "time", 
      "mean"
    ]
  }, 
  "stat": {
    "known_broadcasts": {
      "max": 0.7031752734704845, 
      "mean": 0.5283518114645537, 
      "variance": 0.01033101935618126, 
      "pvalue": 0.0005580726374493464, 
      "min": 0.38456127125977
    }, 
    "memory_used": {
      "max": 1870788004.8, 
      "mean": 1696378617.2, 
      "variance": 1.8765905035396264e+16, 
      "pvalue": 1.580752655466501e-05, 
      "min": 1486973508.4
    }, 
    "disk_write": {
      "max": 32425.99821795693, 
      "mean": 12301.815301877323, 
      "variance": 114998719.89719453, 
      "pvalue": 0.06755594590899892, 
      "min": 2043.3142685470586
    }, 
    "disk_read": {
      "max": 61055630.38237284, 
      "mean": 37205215.99509216, 
      "variance": 204840741300743.66, 
      "pvalue": 8.602296669255258e-08, 
      "min": 19548029.857188262
    }, 
    "traffic_egress": {
      "max": 245813.8661081244, 
      "mean": 136018.26760308078, 
      "variance": 7110486307.419721, 
      "pvalue": 3.481613554902175e-16, 
      "min": 23748.73341190692
    }, 
    "peer_stats": {
      "max": 36.0, 
      "mean": 33.7, 
      "variance": 3.5099999999999993, 
      "pvalue": 1.2026467019345983e-18, 
      "min": 30.95
    }, 
    "traffic_ingress": {
      "max": 338534.16914737184, 
      "mean": 174223.69272754472, 
      "variance": 6364684607.638986, 
      "pvalue": 0.0001548607127295506, 
      "min": 105918.57466634845
    }, 
    "known_announcements": {
      "max": 0.8351185113802294, 
      "mean": 0.6459514992690055, 
      "variance": 0.015272363406266618, 
      "pvalue": 1.435465561610939e-17, 
      "min": 0.47317793179090284
    }
  }, 
  "disk_write": {
    "values": [
      [
        1633486770, 
        9142.316784753062
      ], 
      [
        1633486785, 
        8918.261799690325
      ], 
      [
        1633486800, 
        7359.288241275879
      ], 
      [
        1633486815, 
        7210.336656360723
      ], 
      [
        1633486830, 
        5853.188538540688
      ], 
      [
        1633486845, 
        27477.634154200867
      ], 
      [
        1633486860, 
        40919.63889310815
      ], 
      [
        1633486875, 
        31978.964498212124
      ], 
      [
        1633486890, 
        24832.080315689196
      ], 
      [
        1633486905, 
        19406.432615560618
      ], 
      [
        1633486920, 
        15074.48279856164
      ], 
      [
        1633486935, 
        11786.743067579795
      ], 
      [
        1633486950, 
        9177.964139102109
      ], 
      [
        1633486965, 
        7183.736281875421
      ], 
      [
        1633486980, 
        5575.329453286204
      ], 
      [
        1633486995, 
        4370.2210488970495
      ], 
      [
        1633487010, 
        3403.7263832034755
      ], 
      [
        1633487025, 
        2660.0343530505697
      ], 
      [
        1633487040, 
        2064.4644086857006
      ], 
      [
        1633487055, 
        1641.4616059128625
      ]
    ], 
    "name": "geth.eth/db/chaindata/disk/write.meter", 
    "columns": [
      "time", 
      "mean"
    ]
  }, 
  "disk_read": {
    "values": [
      [
        1633486770, 
        22236380.643108282
      ], 
      [
        1633486785, 
        21626720.30264066
      ], 
      [
        1633486800, 
        20515177.43918967
      ], 
      [
        1633486815, 
        19589908.90523505
      ], 
      [
        1633486830, 
        18752327.944299333
      ], 
      [
        1633486845, 
        52578612.87605822
      ], 
      [
        1633486860, 
        68313450.16636612
      ], 
      [
        1633486875, 
        60673639.867425814
      ], 
      [
        1633486890, 
        54286645.50180332
      ], 
      [
        1633486905, 
        50435533.258271635
      ], 
      [
        1633486920, 
        47836062.016653575
      ], 
      [
        1633486935, 
        44397360.01290089
      ], 
      [
        1633486950, 
        41016061.41715592
      ], 
      [
        1633486965, 
        37841696.38907366
      ], 
      [
        1633486980, 
        35059388.15225071
      ], 
      [
        1633486995, 
        32966734.64762596
      ], 
      [
        1633487010, 
        31005928.797165986
      ], 
      [
        1633487025, 
        29346704.53879652
      ], 
      [
        1633487040, 
        28123574.08228835
      ], 
      [
        1633487055, 
        27502412.943533383
      ]
    ], 
    "name": "geth.eth/db/chaindata/disk/read.meter", 
    "columns": [
      "time", 
      "mean"
    ]
  },