{
  "known_broadcasts": {
    "values": [
      [
        1633487670, 
        0.43106817468976144
      ], 
      [
        1633487685, 
        0.5298841934952301
      ], 
      [
        1633487700, 
        0.48108757072028785
      ], 
      [
        1633487715, 
        0.5285194567283293
      ], 
      [
        1633487730, 
        0.6594475107705042
      ], 
      [
        1633487745, 
        0.5561121764403228
      ], 
      [
        1633487760, 
        0.5409817773123345
      ], 
      [
        1633487775, 
        0.7283939232056672
      ], 
      [
        1633487790, 
        0.811894591965029
      ], 
      [
        1633487805, 
        0.9365911579135329
      ], 
      [
        1633487820, 
        0.8819946430100232
      ], 
      [
        1633487835, 
        0.9629791850703886
      ], 
      [
        1633487850, 
        1.09249396949213
      ], 
      [
        1633487865, 
        0.993164629463618
      ], 
      [
        1633487880, 
        0.9044908756111472
      ], 
      [
        1633487895, 
        0.9848054971930456
      ], 
      [
        1633487910, 
        0.9359739190636234
      ], 
      [
        1633487925, 
        0.731469718175574
      ], 
      [
        1633487940, 
        0.5676968786034787
      ], 
      [
        1633487955, 
        0.6139523196282937
      ]
    ], 
    "name": "geth.eth/fetcher/block/broadcasts/drop.meter", 
    "columns": [
      "time", 
      "mean"
    ]
  }, 
  "memory_used": {
    "values": [
      [
        1633487670, 
        1488934296
      ], 
      [
        1633487685, 
        1639747256
      ], 
      [
        1633487700, 
        1815534856
      ], 
      [
        1633487715, 
        1609999216
      ], 
      [
        1633487730, 
        1968767448
      ], 
      [
        1633487745, 
        1699680108
      ], 
      [
        1633487760, 
        1549854768
      ], 
      [
        1633487775, 
        1869997124
      ], 
      [
        1633487790, 
        1690135360
      ], 
      [
        1633487805, 
        1679356672
      ], 
      [
        1633487820, 
        1698245720
      ], 
      [
        1633487835, 
        1701496124
      ], 
      [
        1633487850, 
        1766825464
      ], 
      [
        1633487865, 
        1729788700
      ], 
      [
        1633487880, 
        1736506144
      ], 
      [
        1633487895, 
        1700170912
      ], 
      [
        1633487910, 
        1712399024
      ], 
      [
        1633487925, 
        1917612908
      ], 
      [
        1633487940, 
        1620828648
      ], 
      [
        1633487955, 
        1848389824
      ]
    ], 
    "name": "geth.system/memory/used.gauge", 
    "columns": [
      "time", 
      "mean"
    ]
  }, 
  "stat": {
    "known_broadcasts": {
      "max": 0.9981310964650437, 
      "mean": 0.7436501084276161, 
      "variance": 0.040210622975147776, 
      "pvalue": 0.30866082295595404, 
      "min": 0.4785866009187615
    }, 
    "memory_used": {
      "max": 1920170635.0, 
      "mean": 1722213528.6, 
      "variance": 1.3322433764457524e+16, 
      "pvalue": 1.1735337587003789e-05, 
      "min": 1546808744.4
    }, 
    "disk_write": {
      "max": 17513.939395640955, 
      "mean": 6402.075561258394, 
      "variance": 29847233.864429038, 
      "pvalue": 0.00037169651757398945, 
      "min": 1590.9124088231927
    }, 
    "disk_read": {
      "max": 37501323.06471736, 
      "mean": 29573318.230074055, 
      "variance": 23228977462283.57, 
      "pvalue": 5.157376617843406e-12, 
      "min": 23288645.047429018
    }, 
    "traffic_egress": {
      "max": 20760.776568310826, 
      "mean": 10786.02174221016, 
      "variance": 32710291.714605343, 
      "pvalue": 1.1726218659465474e-07, 
      "min": 4021.1928842557563
    }, 
    "peer_stats": {
      "max": 46.575, 
      "mean": 43.9, 
      "variance": 3.8899999999999992, 
      "pvalue": 1.536162761215263e-17, 
      "min": 41.0
    }, 
    "traffic_ingress": {
      "max": 169645.29672270446, 
      "mean": 141516.9009692007, 
      "variance": 255319130.00476503, 
      "pvalue": 2.7795784800969056e-08, 
      "min": 120887.72701051462
    }, 
    "known_announcements": {
      "max": 2.2072932653626447, 
      "mean": 1.5489381693079394, 
      "variance": 0.2063919209981872, 
      "pvalue": 0.06363024571838923, 
      "min": 0.9325115427586722
    }
  }, 
  "disk_write": {
    "values": [
      [
        1633487670, 
        22087.38133113397
      ], 
      [
        1633487685, 
        17273.231925351844
      ], 
      [
        1633487700, 
        13416.650016874431
      ], 
      [
        1633487715, 
        10497.74187739566
      ], 
      [
        1633487730, 
        8158.843483567734
      ], 
      [
        1633487745, 
        6387.286847219795
      ], 
      [
        1633487760, 
        4957.201529758167
      ], 
      [
        1633487775, 
        3903.0464345984956
      ], 
      [
        1633487790, 
        3092.104639021837
      ], 
      [
        1633487805, 
        2496.802744103935
      ], 
      [
        1633487820, 
        1970.433642992176
      ], 
      [
        1633487835, 
        1556.3995830525396
      ], 
      [
        1633487850, 
        1592.7288733374376
      ], 
      [
        1633487865, 
        1832.5974272347735
      ], 
      [
        1633487880, 
        2346.893064257419
      ], 
      [
        1633487895, 
        2400.1998535763014
      ], 
      [
        1633487910, 
        4538.986564202748
      ], 
      [
        1633487925, 
        5286.331322868507
      ], 
      [
        1633487940, 
        5748.0276767832565
      ], 
      [
        1633487955, 
        8498.622387836862
      ]
    ], 
    "name": "geth.eth/db/chaindata/disk/write.meter", 
    "columns": [
      "time", 
      "mean"
    ]
  }, 
  "disk_read": {
    "values": [
      [
        1633487670, 
        39724893.32226608
      ], 
      [
        1633487685, 
        37384293.05116216
      ], 
      [
        1633487700, 
        35654543.73505712
      ], 
      [
        1633487715, 
        34513479.093384236
      ], 
      [
        1633487730, 
        33027736.352921207
      ], 
      [
        1633487745, 
        31888131.47002867
      ], 
      [
        1633487760, 
        32354915.423987407
      ], 
      [
        1633487775, 
        32132801.68518863
      ], 
      [
        1633487790, 
        31362551.047502838
      ], 
      [
        1633487805, 
        29721991.99881044
      ], 
      [
        1633487820, 
        28245365.58924436
      ], 
      [
        1633487835, 
        27521409.341045808
      ], 
      [
        1633487850, 
        26815954.861171454
      ], 
      [
        1633487865, 
        26032169.702472687
      ], 
      [
        1633487880, 
        25392033.32279203
      ], 
      [
        1633487895, 
        24830235.063164115
      ], 
      [
        1633487910, 
        24436855.563752983
      ], 
      [
        1633487925, 
        23920826.69636655
      ], 
      [
        1633487940, 
        23292595.75930101
      ], 
      [
        1633487955, 
        23213581.52186116
      ]
    ], 
    "name": "geth.eth/db/chaindata/disk/read.meter", 
    "columns": [
      "time", 
      "mean"
    ]
  },