{
  "known_broadcasts": {
    "values": [
      [
        1633487970, 
        0.5427827874783976
      ], 
      [
        1633487985, 
        0.5747329863112868
      ], 
      [
        1633488000, 
        0.5638084769051878
      ], 
      [
        1633488015, 
        0.8057065690843136
      ], 
      [
        1633488030, 
        0.8637721614692625
      ], 
      [
        1633488045, 
        0.8120561727555413
      ], 
      [
        1633488060, 
        0.7626532234197633
      ], 
      [
        1633488075, 
        1.01232935422908
      ], 
      [
        1633488090, 
        1.0031892507379714
      ], 
      [
        1633488105, 
        0.9100526034883383
      ], 
      [
        1633488120, 
        0.7590982021005668
      ], 
      [
        1633488135, 
        0.6758688116062933
      ], 
      [
        1633488150, 
        0.5380340927935873
      ], 
      [
        1633488165, 
        0.4646147641235462
      ], 
      [
        1633488180, 
        0.41577007819486334
      ], 
      [
        1633488195, 
        0.5075888908277131
      ], 
      [
        1633488210, 
        0.7602664335105104
      ], 
      [
        1633488225, 
        0.6865459618917575
      ], 
      [
        1633488240, 
        0.647682523461679
      ], 
      [
        1633488255, 
        0.6618001992334953
      ]
    ], 
    "name": "geth.eth/fetcher/block/broadcasts/drop.meter", 
    "columns": [
      "time", 
      "mean"
    ]
  }, 
  "memory_used": {
    "values": [
      [
        1633487970, 
        1597000456
      ], 
      [
        1633487985, 
        1834911928
      ], 
      [
        1633488000, 
        1584770264
      ], 
      [
        1633488015, 
        1821628060
      ], 
      [
        1633488030, 
        1554069440
      ], 
      [
        1633488045, 
        1760502916
      ], 
      [
        1633488060, 
        1927377328
      ], 
      [
        1633488075, 
        1703138616
      ], 
      [
        1633488090, 
        1497757232
      ], 
      [
        1633488105, 
        1750144292
      ], 
      [
        1633488120, 
        1601853640
      ], 
      [
        1633488135, 
        1876383740
      ], 
      [
        1633488150, 
        1572076464
      ], 
      [
        1633488165, 
        1792900600
      ], 
      [
        1633488180, 
        1518164096
      ], 
      [
        1633488195, 
        1743216636
      ], 
      [
        1633488210, 
        1996186856
      ], 
      [
        1633488225, 
        1650008264
      ], 
      [
        1633488240, 
        1877815776
      ], 
      [
        1633488255, 
        1800765936
      ]
    ], 
    "name": "geth.system/memory/used.gauge", 
    "columns": [
      "time", 
      "mean"
    ]
  }, 
  "stat": {
    "known_broadcasts": {
      "max": 1.0036462559125268, 
      "mean": 0.6984176771811577, 
      "variance": 0.027925597242126364, 
      "pvalue": 0.9884536769902031, 
      "min": 0.46217252982711204
    }, 
    "memory_used": {
      "max": 1930817804.4, 
      "mean": 1723033627.0, 
      "variance": 1.995112899181908e+16, 
      "pvalue": 0.0005580726374493464, 
      "min": 1517143752.8
    }, 
    "disk_write": {
      "max": 22423.56322928092, 
      "mean": 15493.190268705037, 
      "variance": 13027237.125621997, 
      "pvalue": 4.8402551098427094e-05, 
      "min": 11940.35248055083
    }, 
    "disk_read": {
      "max": 22936310.75477764, 
      "mean": 20162765.571246203, 
      "variance": 2982195251898.046, 
      "pvalue": 0.00038363429865620214, 
      "min": 18016979.44800981
    }, 
    "traffic_egress": {
      "max": 124356.49558823011, 
      "mean": 50468.12860016026, 
      "variance": 1705318585.3575912, 
      "pvalue": 1.3717429000342566e-14, 
      "min": 7495.585820572657
    }, 
    "peer_stats": {
      "max": 47.0, 
      "mean": 45.175, 
      "variance": 0.8068749999999998, 
      "pvalue": 5.5222134729241915e-18, 
      "min": 44.0
    }, 
    "traffic_ingress": {
      "max": 137723.76139385346, 
      "mean": 128817.1227661832, 
      "variance": 49178712.5883651, 
      "pvalue": 5.753715943255273e-15, 
      "min": 119533.9473870287
    }, 
    "known_announcements": {
      "max": 1.865758363201425, 
      "mean": 1.4057569571662951, 
      "variance": 0.08821506546740322, 
      "pvalue": 0.0008296905016799756, 
      "min": 0.9714077908024525
    }
  }, 
  "disk_write": {
    "values": [
      [
        1633487970, 
        12074.032750461052
      ], 
      [
        1633487985, 
        14190.392451261137
      ], 
      [
        1633488000, 
        15372.871594408838
      ], 
      [
        1633488015, 
        18472.760184583363
      ], 
      [
        1633488030, 
        18834.678866726466
      ], 
      [
        1633488045, 
        19463.9561929999
      ], 
      [
        1633488060, 
        23581.418513655604
      ], 
      [
        1633488075, 
        22362.623477471723
      ], 
      [
        1633488090, 
        19241.024921949378
      ], 
      [
        1633488105, 
        17358.57423955066
      ], 
      [
        1633488120, 
        15854.991881659935
      ], 
      [
        1633488135, 
        13956.880882299602
      ], 
      [
        1633488150, 
        12997.85915004455
      ], 
      [
        1633488165, 
        13129.533282875454
      ], 
      [
        1633488180, 
        11943.571575159633
      ], 
      [
        1633488195, 
        12318.3791854525
      ], 
      [
        1633488210, 
        12308.03192965376
      ], 
      [
        1633488225, 
        12016.630738709275
      ], 
      [
        1633488240, 
        11879.189682983566
      ], 
      [
        1633488255, 
        12506.403872194369
      ]
    ], 
    "name": "geth.eth/db/chaindata/disk/write.meter", 
    "columns": [
      "time", 
      "mean"
    ]
  }, 
  "disk_read": {
    "values": [
      [
        1633487970, 
        23154359.184298884
      ], 
      [
        1633487985, 
        22924834.521644942
      ], 
      [
        1633488000, 
        22705407.45638945
      ], 
      [
        1633488015, 
        22446106.15338068
      ], 
      [
        1633488030, 
        21985275.69288187
      ], 
      [
        1633488045, 
        21429132.685592446
      ], 
      [
        1633488060, 
        20915759.300840188
      ], 
      [
        1633488075, 
        20599955.675596856
      ], 
      [
        1633488090, 
        20576203.51127656
      ], 
      [
        1633488105, 
        20148577.645218052
      ], 
      [
        1633488120, 
        19581136.492145315
      ], 
      [
        1633488135, 
        19067161.065897617
      ], 
      [
        1633488150, 
        18868815.4983805
      ], 
      [
        1633488165, 
        18724011.631314494
      ], 
      [
        1633488180, 
        18721594.5705805
      ], 
      [
        1633488195, 
        18783508.60097401
      ], 
      [
        1633488210, 
        18477994.59839811
      ], 
      [
        1633488225, 
        18161973.75137552
      ], 
      [
        1633488240, 
        18019782.531747676
      ], 
      [
        1633488255, 
        17963720.856990404
      ]
    ], 
    "name": "geth.eth/db/chaindata/disk/read.meter", 
    "columns": [
      "time", 
      "mean"
    ]
  },