{
  "stat": {
    "blockchaincache_size": {
      "max": 4367266.0, 
      "mean": 4096385.777777778, 
      "variance": 183322539360.39505, 
      "pvalue": 1.7526316793657804e-06, 
      "min": 3342711.6
    }, 
    "kvdb_bytes_read": {
      "max": 624213.4199999998, 
      "mean": 249655.44584156864, 
      "variance": 43611875672.45852, 
      "pvalue": 0.33408199113895864, 
      "min": 47809.751242666665
    }, 
    "sync_blocks_highest": {
      "max": 3.299999999999999, 
      "mean": 1.1075529411764706, 
      "variance": 1.8716468683737024, 
      "pvalue": 0.9999988463151916, 
      "min": 0.0
    }, 
    "import_blocks": {
      "max": 1.799999999999999, 
      "mean": 0.4411764705882353, 
      "variance": 0.7318339100346015, 
      "pvalue": 0.22074830996169123, 
      "min": 0.0
    }, 
    "peer_stats": {
      "max": 26.15, 
      "mean": 23.166666666666668, 
      "variance": 6.694444444444445, 
      "pvalue": 2.0830836063415062e-05, 
      "min": 19.549999999999997
    }, 
    "sync_blocks_recieved": {
      "max": 3.299999999999999, 
      "mean": 1.1075529411764706, 
      "variance": 1.8716468683737024, 
      "pvalue": 0.9999998762252693, 
      "min": 0.0
    }, 
    "kvdb_bytes_write": {
      "max": 459634.72, 
      "mean": 96837.61764705881, 
      "variance": 31133370238.840298, 
      "pvalue": 0.028468209389103445, 
      "min": 0.0
    }
  }, 
  "blockchaincache_size": {
    "metric": {
      "__name__": "blockchaincache_size", 
      "job": "openethereum", 
      "instance": "172.17.0.1:3033"
    }, 
    "values": [
      [
        1633502135, 
        "3342256"
      ], 
      [
        1633502150, 
        "3342792"
      ], 
      [
        1633502165, 
        "3343064"
      ], 
      [
        1633502180, 
        "3509416"
      ], 
      [
        1633502195, 
        "3510928"
      ], 
      [
        1633502210, 
        "4324096"
      ], 
      [
        1633502225, 
        "4365808"
      ], 
      [
        1633502240, 
        "4366560"
      ], 
      [
        1633502255, 
        "4366832"
      ], 
      [
        1633502270, 
        "4366832"
      ], 
      [
        1633502285, 
        "4367104"
      ], 
      [
        1633502315, 
        "4368184"
      ], 
      [
        1633502345, 
        "4359104"
      ], 
      [
        1633502360, 
        "4359792"
      ], 
      [
        1633502375, 
        "4359792"
      ], 
      [
        1633502390, 
        "4360336"
      ], 
      [
        1633502420, 
        "4361024"
      ], 
      [
        1633502435, 
        "4361024"
      ]
    ]
  }, 
  "kvdb_bytes_read": {
    "metric": {
      "instance": "172.17.0.1:3033", 
      "job": "openethereum"
    }, 
    "values": [
      [
        1633502135, 
        "144630.2"
      ], 
      [
        1633502150, 
        "178926.8"
      ], 
      [
        1633502165, 
        "576671.7"
      ], 
      [
        1633502180, 
        "457450.6"
      ], 
      [
        1633502195, 
        "814380.3"
      ], 
      [
        1633502210, 
        "273981.9"
      ], 
      [
        1633502225, 
        "50360.653146666664"
      ], 
      [
        1633502240, 
        "202327.24935999996"
      ], 
      [
        1633502255, 
        "37606.143626666664"
      ], 
      [
        1633502270, 
        "84506.1"
      ], 
      [
        1633502285, 
        "414040.1"
      ], 
      [
        1633502315, 
        "62393.6"
      ], 
      [
        1633502330, 
        "84563.01224000001"
      ], 
      [
        1633502375, 
        "250663.6"
      ], 
      [
        1633502405, 
        "376062.52656"
      ], 
      [
        1633502420, 
        "144668.2"
      ], 
      [
        1633502435, 
        "90909.89437333333"
      ]
    ]
  }, 
  "sync_blocks_highest": {
    "metric": {
      "instance": "172.17.0.1:3033", 
      "job": "openethereum"
    }, 
    "values": [
      [
        1633502135, 
        "0"
      ], 
      [
        1633502150, 
        "1.5"
      ], 
      [
        1633502165, 
        "1.5"
      ], 
      [
        1633502180, 
        "3"
      ], 
      [
        1633502195, 
        "0"
      ], 
      [
        1633502210, 
        "1.5"
      ], 
      [
        1633502225, 
        "2.3284"
      ], 
      [
        1633502240, 
        "0"
      ], 
      [
        1633502255, 
        "0"
      ], 
      [
        1633502270, 
        "1.5"
      ], 
      [
        1633502285, 
        "3"
      ], 
      [
        1633502315, 
        "4.5"
      ], 
      [
        1633502330, 
        "0"
      ], 
      [
        1633502375, 
        "0"
      ], 
      [
        1633502405, 
        "0"
      ], 
      [
        1633502420, 
        "0"
      ], 
      [
        1633502435, 
        "0"
      ]
    ]
  }, 
  "import_blocks": {
    "metric": {
      "instance": "172.17.0.1:3033", 
      "job": "openethereum"
    }, 
    "values": [
      [
        1633502135, 
        "0"
      ], 
      [
        1633502150, 
        "0"
      ], 
      [
        1633502165, 
        "0"
      ], 
      [
        1633502180, 
        "1.5"
      ], 
      [
        1633502195, 
        "3"
      ], 
      [
        1633502210, 
        "1.5"
      ], 
      [
        1633502225, 
        "0"
      ], 
      [
        1633502240, 
        "0"
      ], 
      [
        1633502255, 
        "0"
      ], 
      [
        1633502270, 
        "0"
      ], 
      [
        1633502285, 
        "0"
      ], 
      [
        1633502315, 
        "0"
      ], 
      [
        1633502330, 
        "0"
      ], 
      [
        1633502375, 
        "0"
      ], 
      [
        1633502405, 
        "0"
      ], 
      [
        1633502420, 
        "1.5"
      ], 
      [
        1633502435, 
        "0"
      ]
    ]
  }, 
  "peer_stats": {
    "metric": {
      "__name__": "net_peers", 
      "job": "openethereum", 
      "instance": "172.17.0.1:3033"
    }, 
    "values": [
      [
        1633502135, 
        "20"
      ], 
      [
        1633502150, 
        "22"
      ], 
      [
        1633502165, 
        "22"
      ], 
      [
        1633502180, 
        "23"
      ], 
      [
        1633502195, 
        "23"
      ], 
      [
        1633502210, 
        "26"
      ], 
      [
        1633502225, 
        "26"
      ], 
      [
        1633502240, 
        "27"
      ], 
      [
        1633502255, 
        "26"
      ], 
      [
        1633502270, 
        "25"
      ], 
      [
        1633502285, 
        "25"
      ], 
      [
        1633502315, 
        "25"
      ], 
      [
        1633502345, 
        "24"
      ], 
      [
        1633502360, 
        "24"
      ], 
      [
        1633502375, 
        "21"
      ], 
      [
        1633502390, 
        "21"
      ], 
      [
        1633502420, 
        "20"
      ], 
      [
        1633502435, 
        "17"
      ]
    ]
  }, 
  "sync_blocks_recieved": {
    "metric": {
      "instance": "172.17.0.1:3033", 
      "job": "openethereum"
    }, 
    "values": [
      [
        1633502135, 
        "0"
      ], 
      [
        1633502150, 
        "1.5"
      ], 
      [
        1633502165, 
        "1.5"
      ], 
      [
        1633502180, 
        "3"
      ], 
      [
        1633502195, 
        "0"
      ], 
      [
        1633502210, 
        "1.5"
      ], 
      [
        1633502225, 
        "2.3284"
      ], 
      [
        1633502240, 
        "0"
      ], 
      [
        1633502255, 
        "0"
      ], 
      [
        1633502270, 
        "1.5"
      ], 
      [
        1633502285, 
        "3"
      ], 
      [
        1633502315, 
        "4.5"
      ], 
      [
        1633502330, 
        "0"
      ], 
      [
        1633502375, 
        "0"
      ], 
      [
        1633502405, 
        "0"
      ], 
      [
        1633502420, 
        "0"
      ], 
      [
        1633502435, 
        "0"
      ]
    ]
  },