{
  "stat": {
    "blockchaincache_size": {
      "max": 20513652.0, 
      "mean": 7333943.0, 
      "variance": 31932906798583.0, 
      "pvalue": 0.016784236193555103, 
      "min": 3660368.0
    }, 
    "kvdb_bytes_read": {
      "max": 587682.1000000001, 
      "mean": 218724.03859368424, 
      "variance": 44344848102.89703, 
      "pvalue": 0.36078985583439893, 
      "min": 10764.393079999998
    }, 
    "sync_blocks_highest": {
      "max": 3.0, 
      "mean": 0.812021052631579, 
      "variance": 1.3126600500831023, 
      "pvalue": 0.15462524984447956, 
      "min": 0.0
    }, 
    "import_blocks": {
      "max": 1.542839999999999, 
      "mean": 0.4962315789473684, 
      "variance": 0.5415819337396123, 
      "pvalue": 0.040179917993356656, 
      "min": 0.0
    }, 
    "peer_stats": {
      "max": 22.0, 
      "mean": 17.25, 
      "variance": 14.8125, 
      "pvalue": 1.4117858262817227e-11, 
      "min": 10.0
    }, 
    "sync_blocks_recieved": {
      "max": 3.599999999999987, 
      "mean": 0.9699157894736842, 
      "variance": 4.347091075013849, 
      "pvalue": 0.06596274313846584, 
      "min": 0.0
    }, 
    "kvdb_bytes_write": {
      "max": 4387211.949999982, 
      "mean": 1094407.0798484213, 
      "variance": 7379480678391.958, 
      "pvalue": 0.40724725641516535, 
      "min": 0.0
    }
  }, 
  "blockchaincache_size": {
    "metric": {
      "__name__": "blockchaincache_size", 
      "job": "openethereum", 
      "instance": "172.17.0.1:3033"
    }, 
    "values": [
      [
        1633670278, 
        "5982984"
      ], 
      [
        1633670293, 
        "5986584"
      ], 
      [
        1633670308, 
        "5989016"
      ], 
      [
        1633670323, 
        "20005896"
      ], 
      [
        1633670338, 
        "581072"
      ], 
      [
        1633670368, 
        "4686800"
      ], 
      [
        1633670413, 
        "4687616"
      ], 
      [
        1633670428, 
        "4688720"
      ], 
      [
        1633670443, 
        "4689784"
      ], 
      [
        1633670458, 
        "4689784"
      ], 
      [
        1633670473, 
        "4689784"
      ], 
      [
        1633670488, 
        "5193168"
      ], 
      [
        1633670503, 
        "5263816"
      ], 
      [
        1633670533, 
        "5470816"
      ], 
      [
        1633670548, 
        "12700328"
      ], 
      [
        1633670578, 
        "22036920"
      ]
    ]
  }, 
  "kvdb_bytes_read": {
    "metric": {
      "instance": "172.17.0.1:3033", 
      "job": "openethereum"
    }, 
    "values": [
      [
        1633670278, 
        "10863.834239999998"
      ], 
      [
        1633670293, 
        "9869.422639999999"
      ], 
      [
        1633670308, 
        "588553.3"
      ], 
      [
        1633670323, 
        "587585.3"
      ], 
      [
        1633670338, 
        "304195.5"
      ], 
      [
        1633670353, 
        "42519.59"
      ], 
      [
        1633670368, 
        "66510.9"
      ], 
      [
        1633670413, 
        "115111"
      ], 
      [
        1633670428, 
        "60682.5"
      ], 
      [
        1633670443, 
        "447652"
      ], 
      [
        1633670458, 
        "63014"
      ], 
      [
        1633670473, 
        "133508.8"
      ], 
      [
        1633670488, 
        "542165.7"
      ], 
      [
        1633670503, 
        "278758.70496"
      ], 
      [
        1633670518, 
        "266276.2824533333"
      ], 
      [
        1633670533, 
        "74849.7"
      ], 
      [
        1633670548, 
        "522150.4"
      ], 
      [
        1633670563, 
        "13510.698986666666"
      ], 
      [
        1633670578, 
        "27979.1"
      ]
    ]
  }, 
  "sync_blocks_highest": {
    "metric": {
      "instance": "172.17.0.1:3033", 
      "job": "openethereum"
    }, 
    "values": [
      [
        1633670278, 
        "0"
      ], 
      [
        1633670293, 
        "1.9284"
      ], 
      [
        1633670308, 
        "3"
      ], 
      [
        1633670323, 
        "0"
      ], 
      [
        1633670338, 
        "1.5"
      ], 
      [
        1633670353, 
        "0"
      ], 
      [
        1633670368, 
        "3"
      ], 
      [
        1633670413, 
        "1.5"
      ], 
      [
        1633670428, 
        "3"
      ], 
      [
        1633670443, 
        "0"
      ], 
      [
        1633670458, 
        "1.5"
      ], 
      [
        1633670473, 
        "0"
      ], 
      [
        1633670488, 
        "0"
      ], 
      [
        1633670503, 
        "0"
      ], 
      [
        1633670518, 
        "0"
      ], 
      [
        1633670533, 
        "0"
      ], 
      [
        1633670548, 
        "0"
      ], 
      [
        1633670563, 
        "0"
      ], 
      [
        1633670578, 
        "0"
      ]
    ]
  }, 
  "import_blocks": {
    "metric": {
      "instance": "172.17.0.1:3033", 
      "job": "openethereum"
    }, 
    "values": [
      [
        1633670278, 
        "0"
      ], 
      [
        1633670293, 
        "1.9284"
      ], 
      [
        1633670308, 
        "1.5"
      ], 
      [
        1633670323, 
        "1.5"
      ], 
      [
        1633670338, 
        "1.5"
      ], 
      [
        1633670353, 
        "0"
      ], 
      [
        1633670368, 
        "0"
      ], 
      [
        1633670413, 
        "0"
      ], 
      [
        1633670428, 
        "0"
      ], 
      [
        1633670443, 
        "1.5"
      ], 
      [
        1633670458, 
        "0"
      ], 
      [
        1633670473, 
        "0"
      ], 
      [
        1633670488, 
        "1.5"
      ], 
      [
        1633670503, 
        "0"
      ], 
      [
        1633670518, 
        "0"
      ], 
      [
        1633670533, 
        "0"
      ], 
      [
        1633670548, 
        "0"
      ], 
      [
        1633670563, 
        "0"
      ], 
      [
        1633670578, 
        "0"
      ]
    ]
  }, 
  "peer_stats": {
    "metric": {
      "__name__": "net_peers", 
      "job": "openethereum", 
      "instance": "172.17.0.1:3033"
    }, 
    "values": [
      [
        1633670278, 
        "19"
      ], 
      [
        1633670293, 
        "19"
      ], 
      [
        1633670308, 
        "18"
      ], 
      [
        1633670323, 
        "19"
      ], 
      [
        1633670338, 
        "18"
      ], 
      [
        1633670368, 
        "19"
      ], 
      [
        1633670413, 
        "11"
      ], 
      [
        1633670428, 
        "7"
      ], 
      [
        1633670443, 
        "13"
      ], 
      [
        1633670458, 
        "21"
      ], 
      [
        1633670473, 
        "22"
      ], 
      [
        1633670488, 
        "22"
      ], 
      [
        1633670503, 
        "17"
      ], 
      [
        1633670533, 
        "16"
      ], 
      [
        1633670548, 
        "18"
      ], 
      [
        1633670578, 
        "17"
      ]
    ]
  }, 
  "sync_blocks_recieved": {
    "metric": {
      "instance": "172.17.0.1:3033", 
      "job": "openethereum"
    },