{
  "stat": {
    "blockchaincache_size": {
      "max": 11365046.399999993, 
      "mean": 4795519.05882353, 
      "variance": 16425394155481.467, 
      "pvalue": 0.0007049472181817499, 
      "min": 2859252.8
    }, 
    "kvdb_bytes_read": {
      "max": 977572.2999999998, 
      "mean": 471586.95501995774, 
      "variance": 119345755835.29053, 
      "pvalue": 0.00045989402286024085, 
      "min": 31333.534453333334
    }, 
    "sync_blocks_highest": {
      "max": 3.0, 
      "mean": 0.7059000035301177, 
      "variance": 1.0899934361968864, 
      "pvalue": 0.6434814351190552, 
      "min": 0.0
    }, 
    "import_blocks": {
      "max": 3.0001200240048007, 
      "mean": 1.2353294188249413, 
      "variance": 1.3859377611202248, 
      "pvalue": 0.9871713245027578, 
      "min": 0.0
    }, 
    "peer_stats": {
      "max": 27.2, 
      "mean": 22.470588235294116, 
      "variance": 12.484429065743942, 
      "pvalue": 0.00038615659105984996, 
      "min": 17.0
    }, 
    "sync_blocks_recieved": {
      "max": 3.0, 
      "mean": 0.7059000035301177, 
      "variance": 1.0899934361968864, 
      "pvalue": 0.6496361101871708, 
      "min": 0.0
    }, 
    "kvdb_bytes_write": {
      "max": 3757777.459999999, 
      "mean": 1063000.6613793524, 
      "variance": 1875283492347.6724, 
      "pvalue": 0.08258428706693878, 
      "min": 0.0
    }
  }, 
  "blockchaincache_size": {
    "metric": {
      "__name__": "blockchaincache_size", 
      "job": "openethereum", 
      "instance": "172.17.0.1:3033"
    }, 
    "values": [
      [
        1633501849, 
        "4682616"
      ], 
      [
        1633501864, 
        "9351440"
      ], 
      [
        1633501879, 
        "9522640"
      ], 
      [
        1633501894, 
        "18734672"
      ], 
      [
        1633501939, 
        "2377864"
      ], 
      [
        1633501954, 
        "2979600"
      ], 
      [
        1633501969, 
        "2979600"
      ], 
      [
        1633501984, 
        "2980280"
      ], 
      [
        1633501999, 
        "2980552"
      ], 
      [
        1633502014, 
        "2980824"
      ], 
      [
        1633502044, 
        "2981640"
      ], 
      [
        1633502059, 
        "2981912"
      ], 
      [
        1633502074, 
        "2982184"
      ], 
      [
        1633502089, 
        "2982184"
      ], 
      [
        1633502104, 
        "3341304"
      ], 
      [
        1633502119, 
        "3342256"
      ], 
      [
        1633502134, 
        "3342256"
      ]
    ]
  }, 
  "kvdb_bytes_read": {
    "metric": {
      "instance": "172.17.0.1:3033", 
      "job": "openethereum"
    }, 
    "values": [
      [
        1633501849, 
        "375078.6"
      ], 
      [
        1633501864, 
        "526988.7"
      ], 
      [
        1633501879, 
        "33884.4"
      ], 
      [
        1633501894, 
        "32757"
      ], 
      [
        1633501909, 
        "25639.67226666667"
      ], 
      [
        1633501939, 
        "829315.3630726144"
      ], 
      [
        1633501954, 
        "1144543.5"
      ], 
      [
        1633501969, 
        "370480"
      ], 
      [
        1633501984, 
        "774739.8"
      ], 
      [
        1633501999, 
        "592948.8"
      ], 
      [
        1633502014, 
        "378293.6"
      ], 
      [
        1633502044, 
        "762353.1"
      ], 
      [
        1633502059, 
        "249147.4"
      ], 
      [
        1633502089, 
        "55934.7"
      ], 
      [
        1633502104, 
        "784413.9"
      ], 
      [
        1633502119, 
        "935829.5"
      ], 
      [
        1633502134, 
        "144630.2"
      ]
    ]
  }, 
  "sync_blocks_highest": {
    "metric": {
      "instance": "172.17.0.1:3033", 
      "job": "openethereum"
    }, 
    "values": [
      [
        1633501849, 
        "3"
      ], 
      [
        1633501864, 
        "1.5"
      ], 
      [
        1633501879, 
        "0"
      ], 
      [
        1633501894, 
        "0"
      ], 
      [
        1633501909, 
        "0"
      ], 
      [
        1633501939, 
        "1.5003000600120022"
      ], 
      [
        1633501954, 
        "1.5"
      ], 
      [
        1633501969, 
        "0"
      ], 
      [
        1633501984, 
        "0"
      ], 
      [
        1633501999, 
        "0"
      ], 
      [
        1633502014, 
        "0"
      ], 
      [
        1633502044, 
        "0"
      ], 
      [
        1633502059, 
        "1.5"
      ], 
      [
        1633502089, 
        "3"
      ], 
      [
        1633502104, 
        "0"
      ], 
      [
        1633502119, 
        "0"
      ], 
      [
        1633502134, 
        "0"
      ]
    ]
  }, 
  "import_blocks": {
    "metric": {
      "instance": "172.17.0.1:3033", 
      "job": "openethereum"
    }, 
    "values": [
      [
        1633501849, 
        "0"
      ], 
      [
        1633501864, 
        "1.5"
      ], 
      [
        1633501879, 
        "0"
      ], 
      [
        1633501894, 
        "0"
      ], 
      [
        1633501909, 
        "0"
      ], 
      [
        1633501939, 
        "3.0006001200240044"
      ], 
      [
        1633501954, 
        "3"
      ], 
      [
        1633501969, 
        "0"
      ], 
      [
        1633501984, 
        "1.5"
      ], 
      [
        1633501999, 
        "1.5"
      ], 
      [
        1633502014, 
        "1.5"
      ], 
      [
        1633502044, 
        "1.5"
      ], 
      [
        1633502059, 
        "1.5"
      ], 
      [
        1633502089, 
        "0"
      ], 
      [
        1633502104, 
        "3"
      ], 
      [
        1633502119, 
        "3"
      ], 
      [
        1633502134, 
        "0"
      ]
    ]
  }, 
  "peer_stats": {
    "metric": {
      "__name__": "net_peers", 
      "job": "openethereum", 
      "instance": "172.17.0.1:3033"
    }, 
    "values": [
      [
        1633501849, 
        "27"
      ], 
      [
        1633501864, 
        "25"
      ], 
      [
        1633501879, 
        "26"
      ], 
      [
        1633501894, 
        "26"
      ], 
      [
        1633501939, 
        "28"
      ], 
      [
        1633501954, 
        "26"
      ], 
      [
        1633501969, 
        "24"
      ], 
      [
        1633501984, 
        "24"
      ], 
      [
        1633501999, 
        "23"
      ], 
      [
        1633502014, 
        "20"
      ], 
      [
        1633502044, 
        "17"
      ], 
      [
        1633502059, 
        "17"
      ], 
      [
        1633502074, 
        "17"
      ], 
      [
        1633502089, 
        "21"
      ], 
      [
        1633502104, 
        "21"
      ], 
      [
        1633502119, 
        "20"
      ], 
      [
        1633502134, 
        "20"
      ]
    ]
  }, 
  "sync_blocks_recieved": {
    "metric": {
      "instance": "172.17.0.1:3033", 
      "job": "openethereum"
    }, 
    "values": [
      [
        1633501849, 
        "3"
      ], 
      [
        1633501864, 
        "1.5"
      ], 
      [
        1633501879, 
        "0"
      ], 
      [
        1633501894, 
        "0"
      ], 
      [
        1633501909, 
        "0"
      ], 
      [
        1633501939, 
        "1.5003000600120022"
      ], 
      [
        1633501954, 
        "1.5"
      ], 
      [
        1633501969, 
        "0"
      ], 
      [
        1633501984, 
        "0"
      ], 
      [
        1633501999, 
        "0"
      ], 
      [
        1633502014, 
        "0"
      ], 
      [
        1633502044, 
        "0"
      ], 
      [
        1633502059, 
        "1.5"
      ], 
      [
        1633502089, 
        "3"
      ], 
      [
        1633502104, 
        "0"
      ], 
      [
        1633502119, 
        "0"
      ], 
      [
        1633502134, 
        "0"
      ]
    ]
  }, 
  "kvdb_bytes_write": {
    "metric": {
      "instance": "172.17.0.1:3033", 
      "job": "openethereum"
    },