{
  "stat": {
    "blockchaincache_size": {
      "max": 12728802.399999991, 
      "mean": 2695855.466666667, 
      "variance": 24814909298760.25, 
      "pvalue": 1.9220321954159927e-06, 
      "min": 255185.60000000003
    }, 
    "kvdb_bytes_read": {
      "max": 902805.2799999998, 
      "mean": 484283.57217728934, 
      "variance": 81670190514.7788, 
      "pvalue": 0.001388212758453313, 
      "min": 106429.72
    }, 
    "sync_blocks_highest": {
      "max": 3.0, 
      "mean": 0.8076923076923077, 
      "variance": 1.2514792899408282, 
      "pvalue": 0.9379732274240868, 
      "min": 0.0
    }, 
    "import_blocks": {
      "max": 1.5, 
      "mean": 0.23076923076923078, 
      "variance": 0.29289940828402367, 
      "pvalue": 0.09750358332117019, 
      "min": 0.0
    }, 
    "peer_stats": {
      "max": 4.0, 
      "mean": 3.1333333333333333, 
      "variance": 0.9155555555555556, 
      "pvalue": 2.6690101783246335e-14, 
      "min": 1.0
    }, 
    "sync_blocks_recieved": {
      "max": 2.4429599999999985, 
      "mean": 0.736276923076923, 
      "variance": 0.999552181775148, 
      "pvalue": 0.9407936448571759, 
      "min": 0.0
    }, 
    "kvdb_bytes_write": {
      "max": 2764677.699999992, 
      "mean": 571140.479476923, 
      "variance": 2817321605059.705, 
      "pvalue": 0.08256275863848413, 
      "min": 0.0
    }
  }, 
  "blockchaincache_size": {
    "metric": {
      "__name__": "blockchaincache_size", 
      "job": "openethereum", 
      "instance": "172.17.0.1:3033"
    }, 
    "values": [
      [
        1633503038, 
        "364232"
      ], 
      [
        1633503053, 
        "364504"
      ], 
      [
        1633503068, 
        "651768"
      ], 
      [
        1633503083, 
        "651768"
      ], 
      [
        1633503113, 
        "652584"
      ], 
      [
        1633503128, 
        "653128"
      ], 
      [
        1633503143, 
        "653400"
      ], 
      [
        1633503158, 
        "653400"
      ], 
      [
        1633503173, 
        "1227112"
      ], 
      [
        1633503188, 
        "1227920"
      ], 
      [
        1633503233, 
        "1825256"
      ], 
      [
        1633503248, 
        "9974920"
      ], 
      [
        1633503263, 
        "19154528"
      ], 
      [
        1633503308, 
        "744"
      ], 
      [
        1633503338, 
        "2382568"
      ]
    ]
  }, 
  "kvdb_bytes_read": {
    "metric": {
      "instance": "172.17.0.1:3033", 
      "job": "openethereum"
    }, 
    "values": [
      [
        1633503053, 
        "171213.50824"
      ], 
      [
        1633503068, 
        "441500.52857142856"
      ], 
      [
        1633503083, 
        "103219"
      ], 
      [
        1633503113, 
        "546601.9"
      ], 
      [
        1633503128, 
        "748025.2"
      ], 
      [
        1633503143, 
        "617072.9"
      ], 
      [
        1633503158, 
        "108570.2"
      ], 
      [
        1633503173, 
        "181088.2"
      ], 
      [
        1633503188, 
        "745995.5"
      ], 
      [
        1633503248, 
        "850965"
      ], 
      [
        1633503263, 
        "980565.7"
      ], 
      [
        1633503278, 
        "279626.5014933333"
      ], 
      [
        1633503308, 
        "521242.3"
      ]
    ]
  }, 
  "sync_blocks_highest": {
    "metric": {
      "instance": "172.17.0.1:3033", 
      "job": "openethereum"
    }, 
    "values": [
      [
        1633503053, 
        "0"
      ], 
      [
        1633503068, 
        "0"
      ], 
      [
        1633503083, 
        "0"
      ], 
      [
        1633503113, 
        "0"
      ], 
      [
        1633503128, 
        "3"
      ], 
      [
        1633503143, 
        "0"
      ], 
      [
        1633503158, 
        "1.5"
      ], 
      [
        1633503173, 
        "1.5"
      ], 
      [
        1633503188, 
        "0"
      ], 
      [
        1633503248, 
        "0"
      ], 
      [
        1633503263, 
        "3"
      ], 
      [
        1633503278, 
        "0"
      ], 
      [
        1633503308, 
        "1.5"
      ]
    ]
  }, 
  "import_blocks": {
    "metric": {
      "instance": "172.17.0.1:3033", 
      "job": "openethereum"
    }, 
    "values": [
      [
        1633503053, 
        "0"
      ], 
      [
        1633503068, 
        "0"
      ], 
      [
        1633503083, 
        "0"
      ], 
      [
        1633503113, 
        "0"
      ], 
      [
        1633503128, 
        "0"
      ], 
      [
        1633503143, 
        "1.5"
      ], 
      [
        1633503158, 
        "0"
      ], 
      [
        1633503173, 
        "0"
      ], 
      [
        1633503188, 
        "1.5"
      ], 
      [
        1633503248, 
        "0"
      ], 
      [
        1633503263, 
        "0"
      ], 
      [
        1633503278, 
        "0"
      ], 
      [
        1633503308, 
        "0"
      ]
    ]
  }, 
  "peer_stats": {
    "metric": {
      "__name__": "net_peers", 
      "job": "openethereum", 
      "instance": "172.17.0.1:3033"
    }, 
    "values": [
      [
        1633503038, 
        "4"
      ], 
      [
        1633503053, 
        "4"
      ], 
      [
        1633503068, 
        "4"
      ], 
      [
        1633503083, 
        "4"
      ], 
      [
        1633503113, 
        "4"
      ], 
      [
        1633503128, 
        "4"
      ], 
      [
        1633503143, 
        "3"
      ], 
      [
        1633503158, 
        "3"
      ], 
      [
        1633503173, 
        "3"
      ], 
      [
        1633503188, 
        "3"
      ], 
      [
        1633503233, 
        "3"
      ], 
      [
        1633503248, 
        "3"
      ], 
      [
        1633503263, 
        "3"
      ], 
      [
        1633503308, 
        "1"
      ], 
      [
        1633503338, 
        "1"
      ]
    ]
  }, 
  "sync_blocks_recieved": {
    "metric": {
      "instance": "172.17.0.1:3033", 
      "job": "openethereum"
    }, 
    "values": [
      [
        1633503053, 
        "0"
      ], 
      [
        1633503068, 
        "0"
      ], 
      [
        1633503083, 
        "0"
      ], 
      [
        1633503113, 
        "0"
      ], 
      [
        1633503128, 
        "3"
      ], 
      [
        1633503143, 
        "0"
      ], 
      [
        1633503158, 
        "1.5"
      ], 
      [
        1633503173, 
        "1.5"
      ], 
      [
        1633503188, 
        "0"
      ], 
      [
        1633503248, 
        "0"
      ], 
      [
        1633503263, 
        "0"
      ], 
      [
        1633503278, 
        "2.0716"
      ], 
      [
        1633503308, 
        "1.5"
      ]
    ]
  }, 
  "kvdb_bytes_write": {
    "metric": {
      "instance": "172.17.0.1:3033", 
      "job": "openethereum"
    }, 
    "values": [
      [
        1633503053, 
        "0"
      ], 
      [
        1633503068, 
        "0"
      ], 
      [
        1633503083, 
        "0"
      ], 
      [
        1633503113, 
        "0"
      ], 
      [
        1633503128, 
        "0"
      ], 
      [
        1633503143, 
        "363434.5"
      ], 
      [
        1633503158, 
        "0"
      ], 
      [
        1633503173, 
        "17297.7"
      ], 
      [
        1633503188, 
        "345338.8"
      ], 
      [
        1633503248, 
        "6366542.5"
      ], 
      [
        1633503263, 
        "280366.8"
      ], 
      [
        1633503278, 
        "51845.9332"
      ], 
      [
        1633503308, 
        "0"
      ]
    ]
  }
}