{
  "stat": {
    "blockchaincache_size": {
      "max": 5469516.8, 
      "mean": 3462705.714285714, 
      "variance": 6175982018040.49, 
      "pvalue": 0.07491876352325837, 
      "min": 72878.4
    }, 
    "kvdb_bytes_read": {
      "max": 1130585.1999999997, 
      "mean": 638536.8992219608, 
      "variance": 108617086425.11803, 
      "pvalue": 7.08043624924548e-08, 
      "min": 236685.52557866665
    }, 
    "sync_blocks_highest": {
      "max": 4.5, 
      "mean": 1.2546117647058825, 
      "variance": 2.1398987128027684, 
      "pvalue": 0.9517894481458997, 
      "min": 0.0
    }, 
    "import_blocks": {
      "max": 4.799999999999999, 
      "mean": 1.6672470588235293, 
      "variance": 3.125738971903114, 
      "pvalue": 0.3688694528982965, 
      "min": 0.0
    }, 
    "peer_stats": {
      "max": 13.7, 
      "mean": 8.714285714285714, 
      "variance": 10.346938775510205, 
      "pvalue": 2.7200519533143733e-13, 
      "min": 5.0
    }, 
    "sync_blocks_recieved": {
      "max": 4.5, 
      "mean": 1.2546117647058825, 
      "variance": 2.1398987128027684, 
      "pvalue": 0.9645462393029075, 
      "min": 0.0
    }, 
    "kvdb_bytes_write": {
      "max": 1270286.96, 
      "mean": 484865.17202823533, 
      "variance": 210283744945.26758, 
      "pvalue": 0.4475575558610765, 
      "min": 0.0
    }
  }, 
  "blockchaincache_size": {
    "metric": {
      "__name__": "blockchaincache_size", 
      "job": "openethereum", 
      "instance": "172.17.0.1:3033"
    }, 
    "values": [
      [
        1633502750, 
        "4685120"
      ], 
      [
        1633502780, 
        "5175432"
      ], 
      [
        1633502795, 
        "5175976"
      ], 
      [
        1633502825, 
        "5401056"
      ], 
      [
        1633502840, 
        "5466112"
      ], 
      [
        1633502855, 
        "5467200"
      ], 
      [
        1633502870, 
        "5467760"
      ], 
      [
        1633502885, 
        "5469136"
      ], 
      [
        1633502900, 
        "5470224"
      ], 
      [
        1633502945, 
        "744"
      ], 
      [
        1633502960, 
        "111720"
      ], 
      [
        1633502975, 
        "147832"
      ], 
      [
        1633502990, 
        "219784"
      ], 
      [
        1633503005, 
        "219784"
      ]
    ]
  }, 
  "kvdb_bytes_read": {
    "metric": {
      "instance": "172.17.0.1:3033", 
      "job": "openethereum"
    }, 
    "values": [
      [
        1633502750, 
        "518293.1"
      ], 
      [
        1633502765, 
        "508781.21448"
      ], 
      [
        1633502780, 
        "1307627.2"
      ], 
      [
        1633502795, 
        "1086324.7"
      ], 
      [
        1633502810, 
        "521723.85608000006"
      ], 
      [
        1633502825, 
        "993435.4"
      ], 
      [
        1633502840, 
        "396367.72312"
      ], 
      [
        1633502855, 
        "1019456.3"
      ], 
      [
        1633502870, 
        "960748.4"
      ], 
      [
        1633502885, 
        "276574.1819733333"
      ], 
      [
        1633502900, 
        "783474.9337599999"
      ], 
      [
        1633502945, 
        "636442.1"
      ], 
      [
        1633502960, 
        "708084.6"
      ], 
      [
        1633502975, 
        "392687.9"
      ], 
      [
        1633502990, 
        "364410.1"
      ], 
      [
        1633503005, 
        "77130.9"
      ], 
      [
        1633503020, 
        "303564.67736000003"
      ]
    ]
  }, 
  "sync_blocks_highest": {
    "metric": {
      "instance": "172.17.0.1:3033", 
      "job": "openethereum"
    }, 
    "values": [
      [
        1633502750, 
        "0"
      ], 
      [
        1633502765, 
        "0"
      ], 
      [
        1633502780, 
        "4.5"
      ], 
      [
        1633502795, 
        "0"
      ], 
      [
        1633502810, 
        "0"
      ], 
      [
        1633502825, 
        "1.5"
      ], 
      [
        1633502840, 
        "2.3284"
      ], 
      [
        1633502855, 
        "1.5"
      ], 
      [
        1633502870, 
        "1.5"
      ], 
      [
        1633502885, 
        "2.3284"
      ], 
      [
        1633502900, 
        "0"
      ], 
      [
        1633502945, 
        "0"
      ], 
      [
        1633502960, 
        "1.5"
      ], 
      [
        1633502975, 
        "0"
      ], 
      [
        1633502990, 
        "0"
      ], 
      [
        1633503005, 
        "4.5"
      ], 
      [
        1633503020, 
        "1.6716000000000002"
      ]
    ]
  }, 
  "import_blocks": {
    "metric": {
      "instance": "172.17.0.1:3033", 
      "job": "openethereum"
    }, 
    "values": [
      [
        1633502750, 
        "0"
      ], 
      [
        1633502765, 
        "0"
      ], 
      [
        1633502780, 
        "3"
      ], 
      [
        1633502795, 
        "3"
      ], 
      [
        1633502810, 
        "3.3432000000000004"
      ], 
      [
        1633502825, 
        "6"
      ], 
      [
        1633502840, 
        "0"
      ], 
      [
        1633502855, 
        "4.5"
      ], 
      [
        1633502870, 
        "1.5"
      ], 
      [
        1633502885, 
        "0"
      ], 
      [
        1633502900, 
        "2.3284"
      ], 
      [
        1633502945, 
        "0"
      ], 
      [
        1633502960, 
        "0"
      ], 
      [
        1633502975, 
        "1.5"
      ], 
      [
        1633502990, 
        "1.5"
      ], 
      [
        1633503005, 
        "0"
      ], 
      [
        1633503020, 
        "1.6716000000000002"
      ]
    ]
  }, 
  "peer_stats": {
    "metric": {
      "__name__": "net_peers", 
      "job": "openethereum", 
      "instance": "172.17.0.1:3033"
    }, 
    "values": [
      [
        1633502750, 
        "15"
      ], 
      [
        1633502780, 
        "13"
      ], 
      [
        1633502795, 
        "13"
      ], 
      [
        1633502825, 
        "10"
      ], 
      [
        1633502840, 
        "10"
      ], 
      [
        1633502855, 
        "10"
      ], 
      [
        1633502870, 
        "9"
      ], 
      [
        1633502885, 
        "8"
      ], 
      [
        1633502900, 
        "8"
      ], 
      [
        1633502945, 
        "6"
      ], 
      [
        1633502960, 
        "5"
      ], 
      [
        1633502975, 
        "5"
      ], 
      [
        1633502990, 
        "5"
      ], 
      [
        1633503005, 
        "5"
      ]
    ]
  }, 
  "sync_blocks_recieved": {
    "metric": {
      "instance": "172.17.0.1:3033", 
      "job": "openethereum"
    }, 
    "values": [
      [
        1633502750, 
        "0"
      ], 
      [
        1633502765, 
        "0"
      ], 
      [
        1633502780, 
        "4.5"
      ], 
      [
        1633502795, 
        "0"
      ], 
      [
        1633502810, 
        "0"
      ], 
      [
        1633502825, 
        "1.5"
      ], 
      [
        1633502840, 
        "2.3284"
      ], 
      [
        1633502855, 
        "1.5"
      ], 
      [
        1633502870, 
        "1.5"
      ], 
      [
        1633502885, 
        "2.3284"
      ], 
      [
        1633502900, 
        "0"
      ], 
      [
        1633502945, 
        "0"
      ], 
      [
        1633502960, 
        "1.5"
      ], 
      [
        1633502975, 
        "0"
      ], 
      [
        1633502990, 
        "0"
      ], 
      [
        1633503005, 
        "4.5"
      ], 
      [
        1633503020, 
        "1.6716000000000002"
      ]
    ]
  }, 
  "kvdb_bytes_write": {
    "metric": {
      "instance": "172.17.0.1:3033", 
      "job": "openethereum"
    },