{
  "stat": {
    "blockchaincache_size": {
      "max": 7796316.0, 
      "mean": 4358093.0, 
      "variance": 5043015279687.0, 
      "pvalue": 0.38764361646916806, 
      "min": 1803062.0
    }, 
    "kvdb_bytes_read": {
      "max": 362762.37999999995, 
      "mean": 146935.18914118857, 
      "variance": 9937960892.138163, 
      "pvalue": 0.42646245905360364, 
      "min": 70704.76000000001
    }, 
    "sync_blocks_highest": {
      "max": 3.0, 
      "mean": 1.1000200040008001, 
      "variance": 1.040016008802881, 
      "pvalue": 0.3368740318376253, 
      "min": 0.0
    }, 
    "import_blocks": {
      "max": 4.949999999999998, 
      "mean": 1.2000200040008002, 
      "variance": 3.0600120080027207, 
      "pvalue": 0.4886605544695801, 
      "min": 0.0
    }, 
    "peer_stats": {
      "max": 31.0, 
      "mean": 24.0625, 
      "variance": 10.80859375, 
      "pvalue": 0.0002705726002649037, 
      "min": 19.75
    }, 
    "sync_blocks_recieved": {
      "max": 3.0, 
      "mean": 1.1000200040008001, 
      "variance": 1.040016008802881, 
      "pvalue": 0.34305967114298974, 
      "min": 0.0
    }, 
    "kvdb_bytes_write": {
      "max": 1184016.88, 
      "mean": 312000.82122424484, 
      "variance": 156449321311.83936, 
      "pvalue": 0.3016721942077626, 
      "min": 0.0
    }
  }, 
  "blockchaincache_size": {
    "metric": {
      "__name__": "blockchaincache_size", 
      "job": "openethereum", 
      "instance": "172.17.0.1:3033"
    }, 
    "values": [
      [
        1633669974, 
        "3847120"
      ], 
      [
        1633670019, 
        "73976"
      ], 
      [
        1633670034, 
        "2379424"
      ], 
      [
        1633670049, 
        "2490680"
      ], 
      [
        1633670064, 
        "6284328"
      ], 
      [
        1633670079, 
        "7725952"
      ], 
      [
        1633670094, 
        "8007408"
      ], 
      [
        1633670109, 
        "2699096"
      ], 
      [
        1633670124, 
        "2843288"
      ], 
      [
        1633670139, 
        "2843968"
      ], 
      [
        1633670154, 
        "2843968"
      ], 
      [
        1633670169, 
        "2843968"
      ], 
      [
        1633670214, 
        "6901424"
      ], 
      [
        1633670229, 
        "5980952"
      ], 
      [
        1633670244, 
        "5980952"
      ], 
      [
        1633670274, 
        "5982984"
      ]
    ]
  }, 
  "kvdb_bytes_read": {
    "metric": {
      "instance": "172.17.0.1:3033", 
      "job": "openethereum"
    }, 
    "values": [
      [
        1633669974, 
        "397695.6"
      ], 
      [
        1633670034, 
        "62146.7"
      ], 
      [
        1633670049, 
        "82301.4"
      ], 
      [
        1633670064, 
        "347791"
      ], 
      [
        1633670079, 
        "253080.8"
      ], 
      [
        1633670094, 
        "119517.3"
      ], 
      [
        1633670109, 
        "166303.2"
      ], 
      [
        1633670124, 
        "116546.7"
      ], 
      [
        1633670139, 
        "90327.6"
      ], 
      [
        1633670154, 
        "110965.6"
      ], 
      [
        1633670169, 
        "105358.7"
      ], 
      [
        1633670214, 
        "80279.05581116221"
      ], 
      [
        1633670229, 
        "115517.7"
      ], 
      [
        1633670244, 
        "74372.5"
      ], 
      [
        1633670259, 
        "81823.98130666668"
      ]
    ]
  }, 
  "sync_blocks_highest": {
    "metric": {
      "instance": "172.17.0.1:3033", 
      "job": "openethereum"
    }, 
    "values": [
      [
        1633669974, 
        "0"
      ], 
      [
        1633670034, 
        "1.5"
      ], 
      [
        1633670049, 
        "1.5"
      ], 
      [
        1633670064, 
        "3"
      ], 
      [
        1633670079, 
        "3"
      ], 
      [
        1633670094, 
        "0"
      ], 
      [
        1633670109, 
        "1.5"
      ], 
      [
        1633670124, 
        "1.5"
      ], 
      [
        1633670139, 
        "1.5"
      ], 
      [
        1633670154, 
        "0"
      ], 
      [
        1633670169, 
        "0"
      ], 
      [
        1633670214, 
        "1.5003000600120022"
      ], 
      [
        1633670229, 
        "0"
      ], 
      [
        1633670244, 
        "1.5"
      ], 
      [
        1633670259, 
        "0"
      ]
    ]
  }, 
  "import_blocks": {
    "metric": {
      "instance": "172.17.0.1:3033", 
      "job": "openethereum"
    }, 
    "values": [
      [
        1633669974, 
        "6"
      ], 
      [
        1633670034, 
        "0"
      ], 
      [
        1633670049, 
        "0"
      ], 
      [
        1633670064, 
        "0"
      ], 
      [
        1633670079, 
        "1.5"
      ], 
      [
        1633670094, 
        "0"
      ], 
      [
        1633670109, 
        "4.5"
      ], 
      [
        1633670124, 
        "1.5"
      ], 
      [
        1633670139, 
        "1.5"
      ], 
      [
        1633670154, 
        "0"
      ], 
      [
        1633670169, 
        "0"
      ], 
      [
        1633670214, 
        "1.5003000600120022"
      ], 
      [
        1633670229, 
        "1.5"
      ], 
      [
        1633670244, 
        "0"
      ], 
      [
        1633670259, 
        "0"
      ]
    ]
  }, 
  "peer_stats": {
    "metric": {
      "__name__": "net_peers", 
      "job": "openethereum", 
      "instance": "172.17.0.1:3033"
    }, 
    "values": [
      [
        1633669974, 
        "31"
      ], 
      [
        1633670019, 
        "31"
      ], 
      [
        1633670034, 
        "27"
      ], 
      [
        1633670049, 
        "20"
      ], 
      [
        1633670064, 
        "25"
      ], 
      [
        1633670079, 
        "23"
      ], 
      [
        1633670094, 
        "25"
      ], 
      [
        1633670109, 
        "25"
      ], 
      [
        1633670124, 
        "23"
      ], 
      [
        1633670139, 
        "23"
      ], 
      [
        1633670154, 
        "24"
      ], 
      [
        1633670169, 
        "23"
      ], 
      [
        1633670214, 
        "21"
      ], 
      [
        1633670229, 
        "21"
      ], 
      [
        1633670244, 
        "24"
      ], 
      [
        1633670274, 
        "19"
      ]
    ]
  }, 
  "sync_blocks_recieved": {
    "metric": {
      "instance": "172.17.0.1:3033", 
      "job": "openethereum"
    }, 
    "values": [
      [
        1633669974, 
        "0"
      ], 
      [
        1633670034, 
        "1.5"
      ], 
      [
        1633670049, 
        "1.5"
      ], 
      [
        1633670064, 
        "3"
      ], 
      [
        1633670079, 
        "3"
      ], 
      [
        1633670094, 
        "0"
      ], 
      [
        1633670109, 
        "1.5"
      ], 
      [
        1633670124, 
        "1.5"
      ], 
      [
        1633670139, 
        "1.5"
      ], 
      [
        1633670154, 
        "0"
      ], 
      [
        1633670169, 
        "0"
      ], 
      [
        1633670214, 
        "1.5003000600120022"
      ], 
      [
        1633670229, 
        "0"
      ], 
      [
        1633670244, 
        "1.5"
      ], 
      [
        1633670259, 
        "0"
      ]
    ]
  }, 
  "kvdb_bytes_write": {
    "metric": {
      "instance": "172.17.0.1:3033", 
      "job": "openethereum"
    },