{
  "stat": {
    "blockchaincache_size": {
      "max": 6148146.399999995, 
      "mean": 2176782.4, 
      "variance": 7533952415139.84, 
      "pvalue": 0.00026357611651315764, 
      "min": 76176.0
    }, 
    "kvdb_bytes_read": {
      "max": 356747.69999999984, 
      "mean": 147482.75493688887, 
      "variance": 14475590063.545069, 
      "pvalue": 0.28618225902929995, 
      "min": 24098.0368
    }, 
    "sync_blocks_highest": {
      "max": 4.649999999999989, 
      "mean": 1.1, 
      "variance": 8.840000000000002, 
      "pvalue": 0.029731269987054595, 
      "min": 0.0
    }, 
    "import_blocks": {
      "max": 2.5298799999999995, 
      "mean": 0.7552266666666667, 
      "variance": 0.9910624526222223, 
      "pvalue": 0.20487381219738598, 
      "min": 0.0
    }, 
    "peer_stats": {
      "max": 16.499999999999993, 
      "mean": 4.133333333333334, 
      "variance": 37.982222222222234, 
      "pvalue": 1.2304900249419993e-11, 
      "min": 0.0
    }, 
    "sync_blocks_recieved": {
      "max": 6.899999999999981, 
      "mean": 1.5, 
      "variance": 23.4, 
      "pvalue": 0.011191108278715408, 
      "min": 0.0
    }, 
    "kvdb_bytes_write": {
      "max": 4670701.579999999, 
      "mean": 904663.4822524445, 
      "variance": 2612566349081.8213, 
      "pvalue": 0.38504614356777644, 
      "min": 0.0
    }
  }, 
  "blockchaincache_size": {
    "metric": {
      "__name__": "blockchaincache_size", 
      "job": "openethereum", 
      "instance": "172.17.0.1:3033"
    }, 
    "values": [
      [
        1633627930, 
        "4764048"
      ], 
      [
        1633627945, 
        "4764320"
      ], 
      [
        1633627960, 
        "4764592"
      ], 
      [
        1633628050, 
        "4686096"
      ], 
      [
        1633628065, 
        "2323280"
      ], 
      [
        1633628080, 
        "9376440"
      ], 
      [
        1633628095, 
        "76176"
      ], 
      [
        1633628110, 
        "76176"
      ], 
      [
        1633628125, 
        "76176"
      ], 
      [
        1633628155, 
        "148400"
      ], 
      [
        1633628170, 
        "148400"
      ], 
      [
        1633628185, 
        "148400"
      ], 
      [
        1633628200, 
        "220352"
      ], 
      [
        1633628215, 
        "539032"
      ], 
      [
        1633628230, 
        "539848"
      ]
    ]
  }, 
  "kvdb_bytes_read": {
    "metric": {
      "instance": "172.17.0.1:3033", 
      "job": "openethereum"
    }, 
    "values": [
      [
        1633627930, 
        "109203.8"
      ], 
      [
        1633627945, 
        "142941.3"
      ], 
      [
        1633627960, 
        "121011.7"
      ], 
      [
        1633628050, 
        "137629.3"
      ], 
      [
        1633628065, 
        "33088.6"
      ], 
      [
        1633628080, 
        "298296.9"
      ], 
      [
        1633628095, 
        "3120.0559999999996"
      ], 
      [
        1633628110, 
        "34768"
      ], 
      [
        1633628125, 
        "147353.1"
      ], 
      [
        1633628155, 
        "147623.8"
      ], 
      [
        1633628170, 
        "56610"
      ], 
      [
        1633628185, 
        "146789.9"
      ], 
      [
        1633628200, 
        "261706.3"
      ], 
      [
        1633628215, 
        "493132.9"
      ], 
      [
        1633628230, 
        "78965.66805333333"
      ]
    ]
  }, 
  "sync_blocks_highest": {
    "metric": {
      "instance": "172.17.0.1:3033", 
      "job": "openethereum"
    }, 
    "values": [
      [
        1633627930, 
        "1.5"
      ], 
      [
        1633627945, 
        "0"
      ], 
      [
        1633627960, 
        "1.5"
      ], 
      [
        1633628050, 
        "1.5"
      ], 
      [
        1633628065, 
        "0"
      ], 
      [
        1633628080, 
        "0"
      ], 
      [
        1633628095, 
        "0"
      ], 
      [
        1633628110, 
        "0"
      ], 
      [
        1633628125, 
        "0"
      ], 
      [
        1633628155, 
        "12"
      ], 
      [
        1633628170, 
        "0"
      ], 
      [
        1633628185, 
        "0"
      ], 
      [
        1633628200, 
        "0"
      ], 
      [
        1633628215, 
        "0"
      ], 
      [
        1633628230, 
        "0"
      ]
    ]
  }, 
  "import_blocks": {
    "metric": {
      "instance": "172.17.0.1:3033", 
      "job": "openethereum"
    }, 
    "values": [
      [
        1633627930, 
        "1.5"
      ], 
      [
        1633627945, 
        "1.5"
      ], 
      [
        1633627960, 
        "1.5"
      ], 
      [
        1633628050, 
        "0"
      ], 
      [
        1633628065, 
        "0"
      ], 
      [
        1633628080, 
        "0"
      ], 
      [
        1633628095, 
        "0"
      ], 
      [
        1633628110, 
        "0"
      ], 
      [
        1633628125, 
        "0"
      ], 
      [
        1633628155, 
        "3"
      ], 
      [
        1633628170, 
        "0"
      ], 
      [
        1633628185, 
        "0"
      ], 
      [
        1633628200, 
        "0"
      ], 
      [
        1633628215, 
        "1.5"
      ], 
      [
        1633628230, 
        "2.3284"
      ]
    ]
  }, 
  "peer_stats": {
    "metric": {
      "__name__": "net_peers", 
      "job": "openethereum", 
      "instance": "172.17.0.1:3033"
    }, 
    "values": [
      [
        1633627930, 
        "20"
      ], 
      [
        1633627945, 
        "15"
      ], 
      [
        1633627960, 
        "12"
      ], 
      [
        1633628050, 
        "5"
      ], 
      [
        1633628065, 
        "5"
      ], 
      [
        1633628080, 
        "1"
      ], 
      [
        1633628095, 
        "0"
      ], 
      [
        1633628110, 
        "0"
      ], 
      [
        1633628125, 
        "0"
      ], 
      [
        1633628155, 
        "1"
      ], 
      [
        1633628170, 
        "0"
      ], 
      [
        1633628185, 
        "1"
      ], 
      [
        1633628200, 
        "2"
      ], 
      [
        1633628215, 
        "0"
      ], 
      [
        1633628230, 
        "0"
      ]
    ]
  }, 
  "sync_blocks_recieved": {
    "metric": {
      "instance": "172.17.0.1:3033", 
      "job": "openethereum"
    }, 
    "values": [
      [
        1633627930, 
        "1.5"
      ], 
      [
        1633627945, 
        "0"
      ], 
      [
        1633627960, 
        "1.5"
      ], 
      [
        1633628050, 
        "0"
      ], 
      [
        1633628065, 
        "0"
      ], 
      [
        1633628080, 
        "0"
      ], 
      [
        1633628095, 
        "0"
      ], 
      [
        1633628110, 
        "0"
      ], 
      [
        1633628125, 
        "0"
      ], 
      [
        1633628155, 
        "19.5"
      ], 
      [
        1633628170, 
        "0"
      ], 
      [
        1633628185, 
        "0"
      ], 
      [
        1633628200, 
        "0"
      ], 
      [
        1633628215, 
        "0"
      ], 
      [
        1633628230, 
        "0"
      ]
    ]
  }, 
  "kvdb_bytes_write": {
    "metric": {
      "instance": "172.17.0.1:3033", 
      "job": "openethereum"
    },