{
  "stat": {
    "blockchaincache_size": {
      "max": 7923936.0, 
      "mean": 4205506.285714285, 
      "variance": 2389420535754.013, 
      "pvalue": 0.001764402083609064, 
      "min": 2411200.0
    }, 
    "kvdb_bytes_read": {
      "max": 1117478.09, 
      "mean": 478369.98361410934, 
      "variance": 123740610015.27286, 
      "pvalue": 0.00031275205076390975, 
      "min": 58887.51917466667
    }, 
    "sync_blocks_highest": {
      "max": 3.1968032786885274, 
      "mean": 1.1353832786885245, 
      "variance": 3.0618634206567057, 
      "pvalue": 0.8847414800544432, 
      "min": 0.0
    }, 
    "import_blocks": {
      "max": 4.650000000000002, 
      "mean": 1.53858, 
      "variance": 3.628279911600001, 
      "pvalue": 0.9716261784038657, 
      "min": 0.0
    }, 
    "peer_stats": {
      "max": 17.0, 
      "mean": 8.857142857142858, 
      "variance": 22.598639455782312, 
      "pvalue": 3.6109081001003697e-19, 
      "min": 3.0
    }, 
    "sync_blocks_recieved": {
      "max": 3.1968032786885274, 
      "mean": 1.1353832786885245, 
      "variance": 3.0618634206567057, 
      "pvalue": 0.8895423768396656, 
      "min": 0.0
    }, 
    "kvdb_bytes_write": {
      "max": 863805.795, 
      "mean": 311313.506192, 
      "variance": 105284199557.07307, 
      "pvalue": 0.8857093541513581, 
      "min": 0.0
    }
  }, 
  "blockchaincache_size": {
    "metric": {
      "__name__": "blockchaincache_size", 
      "job": "openethereum", 
      "instance": "172.17.0.1:3033"
    }, 
    "values": [
      [
        1633484652, 
        "426960"
      ], 
      [
        1633484667, 
        "2411200"
      ], 
      [
        1633484682, 
        "3623376"
      ], 
      [
        1633484697, 
        "3624184"
      ], 
      [
        1633484712, 
        "3624184"
      ], 
      [
        1633484727, 
        "3624184"
      ], 
      [
        1633484742, 
        "3911176"
      ], 
      [
        1633484757, 
        "3911176"
      ], 
      [
        1633484772, 
        "3911176"
      ], 
      [
        1633484787, 
        "3911736"
      ], 
      [
        1633484802, 
        "3912008"
      ], 
      [
        1633484817, 
        "3912008"
      ], 
      [
        1633484832, 
        "3912280"
      ], 
      [
        1633484847, 
        "3912552"
      ], 
      [
        1633484862, 
        "5100512"
      ], 
      [
        1633484877, 
        "5101056"
      ], 
      [
        1633484892, 
        "7923936"
      ], 
      [
        1633484907, 
        "8064856"
      ], 
      [
        1633484922, 
        "4307328"
      ], 
      [
        1633484937, 
        "4594592"
      ], 
      [
        1633484952, 
        "4595152"
      ]
    ]
  }, 
  "kvdb_bytes_read": {
    "metric": {
      "instance": "172.17.0.1:3033", 
      "job": "openethereum"
    }, 
    "values": [
      [
        1633484652, 
        "59122.2"
      ], 
      [
        1633484667, 
        "73578.6"
      ], 
      [
        1633484682, 
        "162322.8"
      ], 
      [
        1633484697, 
        "139254.7"
      ], 
      [
        1633484712, 
        "107123.6"
      ], 
      [
        1633484727, 
        "54428.58349333333"
      ], 
      [
        1633484742, 
        "565048.3"
      ], 
      [
        1633484757, 
        "400027.2"
      ], 
      [
        1633484772, 
        "199801.7"
      ], 
      [
        1633484787, 
        "213545.85286885247"
      ], 
      [
        1633484802, 
        "587871.4"
      ], 
      [
        1633484817, 
        "493297.8"
      ], 
      [
        1633484847, 
        "408001.5"
      ], 
      [
        1633484862, 
        "566141.6"
      ], 
      [
        1633484877, 
        "847908.4"
      ], 
      [
        1633484892, 
        "884236.7"
      ], 
      [
        1633484907, 
        "1113812.2"
      ], 
      [
        1633484922, 
        "1187130"
      ], 
      [
        1633484937, 
        "924028.2"
      ], 
      [
        1633484952, 
        "580718.3359200001"
      ]
    ]
  }, 
  "sync_blocks_highest": {
    "metric": {
      "instance": "172.17.0.1:3033", 
      "job": "openethereum"
    }, 
    "values": [
      [
        1633484652, 
        "0"
      ], 
      [
        1633484667, 
        "3"
      ], 
      [
        1633484682, 
        "0"
      ], 
      [
        1633484697, 
        "0"
      ], 
      [
        1633484712, 
        "0"
      ], 
      [
        1633484727, 
        "0"
      ], 
      [
        1633484742, 
        "1.5"
      ], 
      [
        1633484757, 
        "0"
      ], 
      [
        1633484772, 
        "3"
      ], 
      [
        1633484787, 
        "6.936065573770492"
      ], 
      [
        1633484802, 
        "0"
      ], 
      [
        1633484817, 
        "1.5"
      ], 
      [
        1633484847, 
        "1.5"
      ], 
      [
        1633484862, 
        "0"
      ], 
      [
        1633484877, 
        "0"
      ], 
      [
        1633484892, 
        "0"
      ], 
      [
        1633484907, 
        "0"
      ], 
      [
        1633484922, 
        "0"
      ], 
      [
        1633484937, 
        "3"
      ], 
      [
        1633484952, 
        "2.2716000000000003"
      ]
    ]
  }, 
  "import_blocks": {
    "metric": {
      "instance": "172.17.0.1:3033", 
      "job": "openethereum"
    }, 
    "values": [
      [
        1633484652, 
        "0"
      ], 
      [
        1633484667, 
        "0"
      ], 
      [
        1633484682, 
        "3"
      ], 
      [
        1633484697, 
        "1.5"
      ], 
      [
        1633484712, 
        "0"
      ], 
      [
        1633484727, 
        "0"
      ], 
      [
        1633484742, 
        "1.5"
      ], 
      [
        1633484757, 
        "0"
      ], 
      [
        1633484772, 
        "0"
      ], 
      [
        1633484787, 
        "0"
      ], 
      [
        1633484802, 
        "0"
      ], 
      [
        1633484817, 
        "0"
      ], 
      [
        1633484847, 
        "1.5"
      ], 
      [
        1633484862, 
        "1.5"
      ], 
      [
        1633484877, 
        "3"
      ], 
      [
        1633484892, 
        "1.5"
      ], 
      [
        1633484907, 
        "7.5"
      ], 
      [
        1633484922, 
        "4.5"
      ], 
      [
        1633484937, 
        "3"
      ], 
      [
        1633484952, 
        "2.2716000000000003"
      ]
    ]
  }, 
  "peer_stats": {
    "metric": {
      "__name__": "net_peers", 
      "job": "openethereum", 
      "instance": "172.17.0.1:3033"
    }, 
    "values": [
      [
        1633484652, 
        "17"
      ], 
      [
        1633484667, 
        "14"
      ], 
      [
        1633484682, 
        "14"
      ], 
      [
        1633484697, 
        "17"
      ], 
      [
        1633484712, 
        "15"
      ], 
      [
        1633484727, 
        "15"
      ], 
      [
        1633484742, 
        "12"
      ], 
      [
        1633484757, 
        "11"
      ], 
      [
        1633484772, 
        "8"
      ], 
      [
        1633484787, 
        "8"
      ], 
      [
        1633484802, 
        "8"
      ], 
      [
        1633484817, 
        "4"
      ], 
      [
        1633484832, 
        "3"
      ], 
      [
        1633484847, 
        "2"
      ], 
      [
        1633484862, 
        "8"
      ], 
      [
        1633484877, 
        "4"
      ], 
      [
        1633484892, 
        "6"
      ], 
      [
        1633484907, 
        "5"
      ], 
      [
        1633484922, 
        "5"
      ], 
      [
        1633484937, 
        "5"
      ], 
      [
        1633484952, 
        "5"
      ]
    ]
  }, 
  "sync_blocks_recieved": {
    "metric": {
      "instance": "172.17.0.1:3033", 
      "job": "openethereum"
    },