{
  "stat": {
    "blockchaincache_size": {
      "max": 4419290.399999997, 
      "mean": 2459489.066666667, 
      "variance": 3194161379318.329, 
      "pvalue": 1.4498782521172901e-05, 
      "min": 220768.0
    }, 
    "kvdb_bytes_read": {
      "max": 483330.25, 
      "mean": 173585.3393189431, 
      "variance": 36032010514.914604, 
      "pvalue": 0.769335976038159, 
      "min": 29394.82690666667
    }, 
    "sync_blocks_highest": {
      "max": 3.3754500900180036, 
      "mean": 1.2295125075015, 
      "variance": 2.038164471415378, 
      "pvalue": 0.8914809136349021, 
      "min": 0.0
    }, 
    "import_blocks": {
      "max": 6.375, 
      "mean": 1.5000187537507501, 
      "variance": 4.78125000527555, 
      "pvalue": 0.9858531144346429, 
      "min": 0.0
    }, 
    "peer_stats": {
      "max": 34.3, 
      "mean": 27.866666666666667, 
      "variance": 51.715555555555554, 
      "pvalue": 0.010738855024620573, 
      "min": 14.0
    }, 
    "sync_blocks_recieved": {
      "max": 5.375, 
      "mean": 1.7295125075015003, 
      "variance": 4.558651963913878, 
      "pvalue": 0.5147786214066981, 
      "min": 0.0
    }, 
    "kvdb_bytes_write": {
      "max": 781297.9750000001, 
      "mean": 278266.85228003934, 
      "variance": 95440932867.56772, 
      "pvalue": 0.9231906982010767, 
      "min": 0.0
    }
  }, 
  "blockchaincache_size": {
    "metric": {
      "__name__": "blockchaincache_size", 
      "job": "openethereum", 
      "instance": "172.17.0.1:3033"
    }, 
    "values": [
      [
        1633484350, 
        "2692080"
      ], 
      [
        1633484365, 
        "2692352"
      ], 
      [
        1633484380, 
        "2692624"
      ], 
      [
        1633484395, 
        "3500176"
      ], 
      [
        1633484410, 
        "3500176"
      ], 
      [
        1633484425, 
        "3500720"
      ], 
      [
        1633484440, 
        "3500720"
      ], 
      [
        1633484455, 
        "3501008"
      ], 
      [
        1633484470, 
        "3501552"
      ], 
      [
        1633484485, 
        "6560680"
      ], 
      [
        1633484545, 
        "220768"
      ], 
      [
        1633484575, 
        "220768"
      ], 
      [
        1633484590, 
        "220768"
      ], 
      [
        1633484635, 
        "221880"
      ], 
      [
        1633484650, 
        "366064"
      ]
    ]
  }, 
  "kvdb_bytes_read": {
    "metric": {
      "instance": "172.17.0.1:3033", 
      "job": "openethereum"
    }, 
    "values": [
      [
        1633484350, 
        "114220.7"
      ], 
      [
        1633484365, 
        "166316.4"
      ], 
      [
        1633484380, 
        "145033.2"
      ], 
      [
        1633484395, 
        "338534.9"
      ], 
      [
        1633484410, 
        "97339.7"
      ], 
      [
        1633484425, 
        "230459.3"
      ], 
      [
        1633484440, 
        "67974.8"
      ], 
      [
        1633484455, 
        "175103"
      ], 
      [
        1633484470, 
        "381020.2"
      ], 
      [
        1633484485, 
        "790260.4"
      ], 
      [
        1633484545, 
        "9250.266666666666"
      ], 
      [
        1633484560, 
        "36109.68032000001"
      ], 
      [
        1633484575, 
        "48643.7"
      ], 
      [
        1633484590, 
        "42223.3"
      ], 
      [
        1633484635, 
        "73910.58211642328"
      ], 
      [
        1633484650, 
        "60965.3"
      ]
    ]
  }, 
  "sync_blocks_highest": {
    "metric": {
      "instance": "172.17.0.1:3033", 
      "job": "openethereum"
    }, 
    "values": [
      [
        1633484350, 
        "3"
      ], 
      [
        1633484365, 
        "0"
      ], 
      [
        1633484380, 
        "0"
      ], 
      [
        1633484395, 
        "0"
      ], 
      [
        1633484410, 
        "1.5"
      ], 
      [
        1633484425, 
        "0"
      ], 
      [
        1633484440, 
        "0"
      ], 
      [
        1633484455, 
        "4.5"
      ], 
      [
        1633484470, 
        "1.5"
      ], 
      [
        1633484485, 
        "0"
      ], 
      [
        1633484545, 
        "0"
      ], 
      [
        1633484560, 
        "1.6716000000000002"
      ], 
      [
        1633484575, 
        "1.5"
      ], 
      [
        1633484590, 
        "3"
      ], 
      [
        1633484635, 
        "3.000600120024005"
      ], 
      [
        1633484650, 
        "0"
      ]
    ]
  }, 
  "import_blocks": {
    "metric": {
      "instance": "172.17.0.1:3033", 
      "job": "openethereum"
    }, 
    "values": [
      [
        1633484350, 
        "0"
      ], 
      [
        1633484365, 
        "1.5"
      ], 
      [
        1633484380, 
        "1.5"
      ], 
      [
        1633484395, 
        "7.5"
      ], 
      [
        1633484410, 
        "0"
      ], 
      [
        1633484425, 
        "3"
      ], 
      [
        1633484440, 
        "0"
      ], 
      [
        1633484455, 
        "1.5"
      ], 
      [
        1633484470, 
        "1.5"
      ], 
      [
        1633484485, 
        "6"
      ], 
      [
        1633484545, 
        "0"
      ], 
      [
        1633484560, 
        "0"
      ], 
      [
        1633484575, 
        "0"
      ], 
      [
        1633484590, 
        "0"
      ], 
      [
        1633484635, 
        "1.5003000600120024"
      ], 
      [
        1633484650, 
        "0"
      ]
    ]
  }, 
  "peer_stats": {
    "metric": {
      "__name__": "net_peers", 
      "job": "openethereum", 
      "instance": "172.17.0.1:3033"
    }, 
    "values": [
      [
        1633484350, 
        "28"
      ], 
      [
        1633484365, 
        "29"
      ], 
      [
        1633484380, 
        "29"
      ], 
      [
        1633484395, 
        "30"
      ], 
      [
        1633484410, 
        "32"
      ], 
      [
        1633484425, 
        "34"
      ], 
      [
        1633484440, 
        "34"
      ], 
      [
        1633484455, 
        "34"
      ], 
      [
        1633484470, 
        "35"
      ], 
      [
        1633484485, 
        "34"
      ], 
      [
        1633484545, 
        "31"
      ], 
      [
        1633484575, 
        "24"
      ], 
      [
        1633484590, 
        "14"
      ], 
      [
        1633484635, 
        "14"
      ], 
      [
        1633484650, 
        "16"
      ]
    ]
  }, 
  "sync_blocks_recieved": {
    "metric": {
      "instance": "172.17.0.1:3033", 
      "job": "openethereum"
    }, 
    "values": [
      [
        1633484350, 
        "3"
      ], 
      [
        1633484365, 
        "0"
      ], 
      [
        1633484380, 
        "0"
      ], 
      [
        1633484395, 
        "0"
      ], 
      [
        1633484410, 
        "1.5"
      ], 
      [
        1633484425, 
        "0"
      ], 
      [
        1633484440, 
        "0"
      ], 
      [
        1633484455, 
        "4.5"
      ], 
      [
        1633484470, 
        "1.5"
      ], 
      [
        1633484485, 
        "0"
      ], 
      [
        1633484545, 
        "8"
      ], 
      [
        1633484560, 
        "1.6716000000000002"
      ], 
      [
        1633484575, 
        "1.5"
      ], 
      [
        1633484590, 
        "3"
      ], 
      [
        1633484635, 
        "3.000600120024005"
      ], 
      [
        1633484650, 
        "0"
      ]
    ]
  }, 
  "kvdb_bytes_write": {
    "metric": {
      "instance": "172.17.0.1:3033", 
      "job": "openethereum"
    },