{
  "stat": {
    "blockchaincache_size": {
      "max": 9610012.799999993, 
      "mean": 3343926.769230769, 
      "variance": 12394770666632.332, 
      "pvalue": 0.017237880051465104, 
      "min": 193590.4
    }, 
    "kvdb_bytes_read": {
      "max": 550991.32, 
      "mean": 274290.3939235294, 
      "variance": 31021235816.996807, 
      "pvalue": 0.008908967298305199, 
      "min": 40466.23739733334
    }, 
    "sync_blocks_highest": {
      "max": 3.742959999999998, 
      "mean": 1.7637058823529412, 
      "variance": 2.2259543346712807, 
      "pvalue": 0.26019269365884246, 
      "min": 0.0
    }, 
    "import_blocks": {
      "max": 1.5, 
      "mean": 0.4411764705882353, 
      "variance": 0.46712802768166095, 
      "pvalue": 0.49310282078135986, 
      "min": 0.0
    }, 
    "peer_stats": {
      "max": 19.79999999999999, 
      "mean": 13.615384615384615, 
      "variance": 15.775147928994082, 
      "pvalue": 1.4536139623901335e-10, 
      "min": 8.6
    }, 
    "sync_blocks_recieved": {
      "max": 3.742959999999998, 
      "mean": 1.7637058823529412, 
      "variance": 2.2259543346712807, 
      "pvalue": 0.25640563120869636, 
      "min": 0.0
    }, 
    "kvdb_bytes_write": {
      "max": 3319166.3599999994, 
      "mean": 619421.0705882353, 
      "variance": 1264210636584.2786, 
      "pvalue": 0.9679659108121315, 
      "min": 0.0
    }
  }, 
  "blockchaincache_size": {
    "metric": {
      "__name__": "blockchaincache_size", 
      "job": "openethereum", 
      "instance": "172.17.0.1:3033"
    }, 
    "values": [
      [
        1633485283, 
        "150088"
      ], 
      [
        1633485313, 
        "222592"
      ], 
      [
        1633485328, 
        "643960"
      ], 
      [
        1633485343, 
        "930368"
      ], 
      [
        1633485358, 
        "930368"
      ], 
      [
        1633485373, 
        "930368"
      ], 
      [
        1633485388, 
        "2864456"
      ], 
      [
        1633485403, 
        "7321696"
      ], 
      [
        1633485418, 
        "2383312"
      ], 
      [
        1633485493, 
        "4683424"
      ], 
      [
        1633485508, 
        "4683696"
      ], 
      [
        1633485523, 
        "4684232"
      ], 
      [
        1633485553, 
        "13042488"
      ]
    ]
  }, 
  "kvdb_bytes_read": {
    "metric": {
      "instance": "172.17.0.1:3033", 
      "job": "openethereum"
    }, 
    "values": [
      [
        1633485283, 
        "370113.0208333333"
      ], 
      [
        1633485298, 
        "81156.72538666667"
      ], 
      [
        1633485313, 
        "619516.6"
      ], 
      [
        1633485328, 
        "392427.6"
      ], 
      [
        1633485343, 
        "272129.7"
      ], 
      [
        1633485358, 
        "44522.4"
      ], 
      [
        1633485373, 
        "61701.3"
      ], 
      [
        1633485388, 
        "274168"
      ], 
      [
        1633485403, 
        "300351.1"
      ], 
      [
        1633485418, 
        "533860"
      ], 
      [
        1633485448, 
        "321440.64264000003"
      ], 
      [
        1633485463, 
        "24241.58698666667"
      ], 
      [
        1633485478, 
        "266740.32085333334"
      ], 
      [
        1633485493, 
        "333084.9"
      ], 
      [
        1633485508, 
        "158253.5"
      ], 
      [
        1633485523, 
        "83110.5"
      ], 
      [
        1633485553, 
        "526118.8"
      ]
    ]
  }, 
  "sync_blocks_highest": {
    "metric": {
      "instance": "172.17.0.1:3033", 
      "job": "openethereum"
    }, 
    "values": [
      [
        1633485283, 
        "3.125"
      ], 
      [
        1633485298, 
        "0"
      ], 
      [
        1633485313, 
        "0"
      ], 
      [
        1633485328, 
        "1.5"
      ], 
      [
        1633485343, 
        "1.5"
      ], 
      [
        1633485358, 
        "1.5"
      ], 
      [
        1633485373, 
        "0"
      ], 
      [
        1633485388, 
        "1.5"
      ], 
      [
        1633485403, 
        "1.5"
      ], 
      [
        1633485418, 
        "1.5"
      ], 
      [
        1633485448, 
        "2.0716"
      ], 
      [
        1633485463, 
        "6.2148"
      ], 
      [
        1633485478, 
        "2.0716"
      ], 
      [
        1633485493, 
        "1.5"
      ], 
      [
        1633485508, 
        "3"
      ], 
      [
        1633485523, 
        "0"
      ], 
      [
        1633485553, 
        "3"
      ]
    ]
  }, 
  "import_blocks": {
    "metric": {
      "instance": "172.17.0.1:3033", 
      "job": "openethereum"
    }, 
    "values": [
      [
        1633485283, 
        "0"
      ], 
      [
        1633485298, 
        "0"
      ], 
      [
        1633485313, 
        "1.5"
      ], 
      [
        1633485328, 
        "0"
      ], 
      [
        1633485343, 
        "1.5"
      ], 
      [
        1633485358, 
        "0"
      ], 
      [
        1633485373, 
        "0"
      ], 
      [
        1633485388, 
        "1.5"
      ], 
      [
        1633485403, 
        "0"
      ], 
      [
        1633485418, 
        "0"
      ], 
      [
        1633485448, 
        "0"
      ], 
      [
        1633485463, 
        "0"
      ], 
      [
        1633485478, 
        "0"
      ], 
      [
        1633485493, 
        "1.5"
      ], 
      [
        1633485508, 
        "1.5"
      ], 
      [
        1633485523, 
        "0"
      ], 
      [
        1633485553, 
        "0"
      ]
    ]
  }, 
  "peer_stats": {
    "metric": {
      "__name__": "net_peers", 
      "job": "openethereum", 
      "instance": "172.17.0.1:3033"
    }, 
    "values": [
      [
        1633485283, 
        "24"
      ], 
      [
        1633485313, 
        "8"
      ], 
      [
        1633485328, 
        "11"
      ], 
      [
        1633485343, 
        "13"
      ], 
      [
        1633485358, 
        "12"
      ], 
      [
        1633485373, 
        "16"
      ], 
      [
        1633485388, 
        "13"
      ], 
      [
        1633485403, 
        "15"
      ], 
      [
        1633485418, 
        "14"
      ], 
      [
        1633485493, 
        "10"
      ], 
      [
        1633485508, 
        "9"
      ], 
      [
        1633485523, 
        "17"
      ], 
      [
        1633485553, 
        "15"
      ]
    ]
  }, 
  "sync_blocks_recieved": {
    "metric": {
      "instance": "172.17.0.1:3033", 
      "job": "openethereum"
    }, 
    "values": [
      [
        1633485283, 
        "3.125"
      ], 
      [
        1633485298, 
        "0"
      ], 
      [
        1633485313, 
        "0"
      ], 
      [
        1633485328, 
        "1.5"
      ], 
      [
        1633485343, 
        "1.5"
      ], 
      [
        1633485358, 
        "1.5"
      ], 
      [
        1633485373, 
        "0"
      ], 
      [
        1633485388, 
        "1.5"
      ], 
      [
        1633485403, 
        "1.5"
      ], 
      [
        1633485418, 
        "1.5"
      ], 
      [
        1633485448, 
        "2.0716"
      ], 
      [
        1633485463, 
        "6.2148"
      ], 
      [
        1633485478, 
        "2.0716"
      ], 
      [
        1633485493, 
        "1.5"
      ], 
      [
        1633485508, 
        "3"
      ], 
      [
        1633485523, 
        "0"
      ], 
      [
        1633485553, 
        "3"
      ]
    ]
  }, 
  "kvdb_bytes_write": {
    "metric": {
      "instance": "172.17.0.1:3033", 
      "job": "openethereum"
    },