{
  "stat": {
    "blockchaincache_size": {
      "max": 14920038.399999995, 
      "mean": 6455984.94117647, 
      "variance": 19632687417260.31, 
      "pvalue": 0.0014198191790800738, 
      "min": 4686497.6
    }, 
    "kvdb_bytes_read": {
      "max": 693464.8799999999, 
      "mean": 287816.14086499775, 
      "variance": 48798411686.76784, 
      "pvalue": 0.04166168423747121, 
      "min": 14617.882522666669
    }, 
    "sync_blocks_highest": {
      "max": 3.2377799999999977, 
      "mean": 1.006311111111111, 
      "variance": 1.785119369876543, 
      "pvalue": 0.999435866696845, 
      "min": 0.0
    }, 
    "import_blocks": {
      "max": 1.5001801441152922, 
      "mean": 0.5000667200427008, 
      "variance": 0.5001335157619913, 
      "pvalue": 0.45811439097693357, 
      "min": 0.0
    }, 
    "peer_stats": {
      "max": 23.4, 
      "mean": 15.352941176470589, 
      "variance": 37.993079584775096, 
      "pvalue": 1.0864197425992334e-10, 
      "min": 7.0
    }, 
    "sync_blocks_recieved": {
      "max": 1.9869199999999956, 
      "mean": 0.7563111111111112, 
      "variance": 1.3507749254320993, 
      "pvalue": 0.8639526569413, 
      "min": 0.0
    }, 
    "kvdb_bytes_write": {
      "max": 3462806.5799999954, 
      "mean": 663768.8350044336, 
      "variance": 2280806803342.498, 
      "pvalue": 0.6829769146252954, 
      "min": 0.0
    }
  }, 
  "blockchaincache_size": {
    "metric": {
      "__name__": "blockchaincache_size", 
      "job": "openethereum", 
      "instance": "172.17.0.1:3033"
    }, 
    "values": [
      [
        1633485556, 
        "13048416"
      ], 
      [
        1633485571, 
        "22406528"
      ], 
      [
        1633485631, 
        "4686280"
      ], 
      [
        1633485646, 
        "4686552"
      ], 
      [
        1633485661, 
        "4686824"
      ], 
      [
        1633485691, 
        "4686824"
      ], 
      [
        1633485706, 
        "4687360"
      ], 
      [
        1633485721, 
        "4805264"
      ], 
      [
        1633485736, 
        "4805536"
      ], 
      [
        1633485751, 
        "4805808"
      ], 
      [
        1633485766, 
        "4806080"
      ], 
      [
        1633485781, 
        "4993112"
      ], 
      [
        1633485796, 
        "4993656"
      ], 
      [
        1633485811, 
        "4994480"
      ], 
      [
        1633485826, 
        "4995024"
      ], 
      [
        1633485841, 
        "5790656"
      ], 
      [
        1633485856, 
        "5873344"
      ]
    ]
  }, 
  "kvdb_bytes_read": {
    "metric": {
      "instance": "172.17.0.1:3033", 
      "job": "openethereum"
    }, 
    "values": [
      [
        1633485556, 
        "16241.287866666667"
      ], 
      [
        1633485571, 
        "402502.4"
      ], 
      [
        1633485586, 
        "423573"
      ], 
      [
        1633485631, 
        "436114.2"
      ], 
      [
        1633485661, 
        "300053.9"
      ], 
      [
        1633485676, 
        "71222.4"
      ], 
      [
        1633485691, 
        "22215.59968"
      ], 
      [
        1633485706, 
        "85031.3"
      ], 
      [
        1633485721, 
        "5418.585573333333"
      ], 
      [
        1633485736, 
        "405660.5"
      ], 
      [
        1633485751, 
        "477460.8"
      ], 
      [
        1633485766, 
        "232203.06244995995"
      ], 
      [
        1633485781, 
        "48704.4"
      ], 
      [
        1633485796, 
        "692450.7"
      ], 
      [
        1633485811, 
        "245724.1"
      ], 
      [
        1633485826, 
        "699211.9"
      ], 
      [
        1633485841, 
        "125628.3"
      ], 
      [
        1633485856, 
        "491274.1"
      ]
    ]
  }, 
  "sync_blocks_highest": {
    "metric": {
      "instance": "172.17.0.1:3033", 
      "job": "openethereum"
    }, 
    "values": [
      [
        1633485556, 
        "4.5852"
      ], 
      [
        1633485571, 
        "0"
      ], 
      [
        1633485586, 
        "0"
      ], 
      [
        1633485631, 
        "0"
      ], 
      [
        1633485661, 
        "0"
      ], 
      [
        1633485676, 
        "0"
      ], 
      [
        1633485691, 
        "0"
      ], 
      [
        1633485706, 
        "1.5"
      ], 
      [
        1633485721, 
        "1.5284"
      ], 
      [
        1633485736, 
        "0"
      ], 
      [
        1633485751, 
        "0"
      ], 
      [
        1633485766, 
        "0"
      ], 
      [
        1633485781, 
        "1.5"
      ], 
      [
        1633485796, 
        "1.5"
      ], 
      [
        1633485811, 
        "3"
      ], 
      [
        1633485826, 
        "1.5"
      ], 
      [
        1633485841, 
        "3"
      ], 
      [
        1633485856, 
        "0"
      ]
    ]
  }, 
  "import_blocks": {
    "metric": {
      "instance": "172.17.0.1:3033", 
      "job": "openethereum"
    }, 
    "values": [
      [
        1633485556, 
        "0"
      ], 
      [
        1633485571, 
        "0"
      ], 
      [
        1633485586, 
        "0"
      ], 
      [
        1633485631, 
        "0"
      ], 
      [
        1633485661, 
        "1.5"
      ], 
      [
        1633485676, 
        "0"
      ], 
      [
        1633485691, 
        "0"
      ], 
      [
        1633485706, 
        "0"
      ], 
      [
        1633485721, 
        "0"
      ], 
      [
        1633485736, 
        "1.5"
      ], 
      [
        1633485751, 
        "1.5"
      ], 
      [
        1633485766, 
        "1.5012009607686148"
      ], 
      [
        1633485781, 
        "0"
      ], 
      [
        1633485796, 
        "1.5"
      ], 
      [
        1633485811, 
        "0"
      ], 
      [
        1633485826, 
        "0"
      ], 
      [
        1633485841, 
        "0"
      ], 
      [
        1633485856, 
        "1.5"
      ]
    ]
  }, 
  "peer_stats": {
    "metric": {
      "__name__": "net_peers", 
      "job": "openethereum", 
      "instance": "172.17.0.1:3033"
    }, 
    "values": [
      [
        1633485556, 
        "12"
      ], 
      [
        1633485571, 
        "9"
      ], 
      [
        1633485631, 
        "8"
      ], 
      [
        1633485646, 
        "7"
      ], 
      [
        1633485661, 
        "7"
      ], 
      [
        1633485691, 
        "7"
      ], 
      [
        1633485706, 
        "25"
      ], 
      [
        1633485721, 
        "23"
      ], 
      [
        1633485736, 
        "23"
      ], 
      [
        1633485751, 
        "22"
      ], 
      [
        1633485766, 
        "13"
      ], 
      [
        1633485781, 
        "20"
      ], 
      [
        1633485796, 
        "21"
      ], 
      [
        1633485811, 
        "14"
      ], 
      [
        1633485826, 
        "14"
      ], 
      [
        1633485841, 
        "18"
      ], 
      [
        1633485856, 
        "18"
      ]
    ]
  }, 
  "sync_blocks_recieved": {
    "metric": {
      "instance": "172.17.0.1:3033", 
      "job": "openethereum"
    },