{
  "stat": {
    "blockchaincache_size": {
      "max": 8140518.4, 
      "mean": 4304341.176470588, 
      "variance": 2709238920507.7905, 
      "pvalue": 0.14104839114511014, 
      "min": 2385009.6
    }, 
    "kvdb_bytes_read": {
      "max": 415422.52499999997, 
      "mean": 171690.75300829878, 
      "variance": 19554007064.331284, 
      "pvalue": 0.4945394184459483, 
      "min": 28496.28703319502
    }, 
    "sync_blocks_highest": {
      "max": 6.098029045643154, 
      "mean": 1.7120072614107884, 
      "variance": 7.155793320292994, 
      "pvalue": 0.3453641891854943, 
      "min": 0.0
    }, 
    "import_blocks": {
      "max": 1.875, 
      "mean": 0.84375, 
      "variance": 0.8349609375, 
      "pvalue": 0.3425640200559365, 
      "min": 0.0
    }, 
    "peer_stats": {
      "max": 20.999999999999996, 
      "mean": 8.882352941176471, 
      "variance": 50.45674740484429, 
      "pvalue": 2.92492854411763e-12, 
      "min": 2.8000000000000003
    }, 
    "sync_blocks_recieved": {
      "max": 5.320020746887966, 
      "mean": 1.8925051867219915, 
      "variance": 3.7171548240549828, 
      "pvalue": 0.038953314428199666, 
      "min": 0.0
    }, 
    "kvdb_bytes_write": {
      "max": 1648671.3499999999, 
      "mean": 461544.9178423236, 
      "variance": 1126875390564.8613, 
      "pvalue": 0.28934763971059263, 
      "min": 0.0
    }
  }, 
  "blockchaincache_size": {
    "metric": {
      "__name__": "blockchaincache_size", 
      "job": "openethereum", 
      "instance": "172.17.0.1:3033"
    }, 
    "values": [
      [
        1633627628, 
        "2384792"
      ], 
      [
        1633627643, 
        "2385064"
      ], 
      [
        1633627658, 
        "8140464"
      ], 
      [
        1633627673, 
        "8140736"
      ], 
      [
        1633627748, 
        "3011568"
      ], 
      [
        1633627763, 
        "3012112"
      ], 
      [
        1633627778, 
        "3012384"
      ], 
      [
        1633627793, 
        "3012384"
      ], 
      [
        1633627808, 
        "3013064"
      ], 
      [
        1633627823, 
        "4586296"
      ], 
      [
        1633627838, 
        "4586584"
      ], 
      [
        1633627853, 
        "4586584"
      ], 
      [
        1633627868, 
        "4587264"
      ], 
      [
        1633627883, 
        "4588624"
      ], 
      [
        1633627898, 
        "4598600"
      ], 
      [
        1633627913, 
        "4763232"
      ], 
      [
        1633627928, 
        "4764048"
      ]
    ]
  }, 
  "kvdb_bytes_read": {
    "metric": {
      "instance": "172.17.0.1:3033", 
      "job": "openethereum"
    }, 
    "values": [
      [
        1633627628, 
        "307931.9"
      ], 
      [
        1633627643, 
        "29240.9"
      ], 
      [
        1633627658, 
        "582577.2"
      ], 
      [
        1633627673, 
        "359704.3"
      ], 
      [
        1633627763, 
        "26262.44813278008"
      ], 
      [
        1633627778, 
        "75831.8"
      ], 
      [
        1633627793, 
        "100137.4"
      ], 
      [
        1633627808, 
        "105425.8"
      ], 
      [
        1633627823, 
        "249922.1"
      ], 
      [
        1633627838, 
        "177456.6"
      ], 
      [
        1633627853, 
        "69330.5"
      ], 
      [
        1633627868, 
        "92409.6"
      ], 
      [
        1633627883, 
        "159378.5"
      ], 
      [
        1633627898, 
        "184024.1"
      ], 
      [
        1633627913, 
        "118215.1"
      ], 
      [
        1633627928, 
        "109203.8"
      ]
    ]
  }, 
  "sync_blocks_highest": {
    "metric": {
      "instance": "172.17.0.1:3033", 
      "job": "openethereum"
    }, 
    "values": [
      [
        1633627628, 
        "1.5"
      ], 
      [
        1633627643, 
        "1.5"
      ], 
      [
        1633627658, 
        "0"
      ], 
      [
        1633627673, 
        "1.5"
      ], 
      [
        1633627763, 
        "10.892116182572613"
      ], 
      [
        1633627778, 
        "0"
      ], 
      [
        1633627793, 
        "0"
      ], 
      [
        1633627808, 
        "0"
      ], 
      [
        1633627823, 
        "0"
      ], 
      [
        1633627838, 
        "1.5"
      ], 
      [
        1633627853, 
        "3"
      ], 
      [
        1633627868, 
        "4.5"
      ], 
      [
        1633627883, 
        "1.5"
      ], 
      [
        1633627898, 
        "0"
      ], 
      [
        1633627913, 
        "0"
      ], 
      [
        1633627928, 
        "1.5"
      ]
    ]
  }, 
  "import_blocks": {
    "metric": {
      "instance": "172.17.0.1:3033", 
      "job": "openethereum"
    }, 
    "values": [
      [
        1633627628, 
        "0"
      ], 
      [
        1633627643, 
        "0"
      ], 
      [
        1633627658, 
        "0"
      ], 
      [
        1633627673, 
        "1.5"
      ], 
      [
        1633627763, 
        "0"
      ], 
      [
        1633627778, 
        "1.5"
      ], 
      [
        1633627793, 
        "0"
      ], 
      [
        1633627808, 
        "1.5"
      ], 
      [
        1633627823, 
        "0"
      ], 
      [
        1633627838, 
        "1.5"
      ], 
      [
        1633627853, 
        "0"
      ], 
      [
        1633627868, 
        "0"
      ], 
      [
        1633627883, 
        "1.5"
      ], 
      [
        1633627898, 
        "3"
      ], 
      [
        1633627913, 
        "1.5"
      ], 
      [
        1633627928, 
        "1.5"
      ]
    ]
  }, 
  "peer_stats": {
    "metric": {
      "__name__": "net_peers", 
      "job": "openethereum", 
      "instance": "172.17.0.1:3033"
    }, 
    "values": [
      [
        1633627628, 
        "3"
      ], 
      [
        1633627643, 
        "4"
      ], 
      [
        1633627658, 
        "4"
      ], 
      [
        1633627673, 
        "4"
      ], 
      [
        1633627748, 
        "3"
      ], 
      [
        1633627763, 
        "3"
      ], 
      [
        1633627778, 
        "2"
      ], 
      [
        1633627793, 
        "3"
      ], 
      [
        1633627808, 
        "4"
      ], 
      [
        1633627823, 
        "8"
      ], 
      [
        1633627838, 
        "7"
      ], 
      [
        1633627853, 
        "11"
      ], 
      [
        1633627868, 
        "16"
      ], 
      [
        1633627883, 
        "18"
      ], 
      [
        1633627898, 
        "25"
      ], 
      [
        1633627913, 
        "16"
      ], 
      [
        1633627928, 
        "20"
      ]
    ]
  }, 
  "sync_blocks_recieved": {
    "metric": {
      "instance": "172.17.0.1:3033", 
      "job": "openethereum"
    }, 
    "values": [
      [
        1633627628, 
        "1.5"
      ], 
      [
        1633627643, 
        "1.5"
      ], 
      [
        1633627658, 
        "0"
      ], 
      [
        1633627673, 
        "1.5"
      ], 
      [
        1633627763, 
        "7.780082987551866"
      ], 
      [
        1633627778, 
        "1.5"
      ], 
      [
        1633627793, 
        "1.5"
      ], 
      [
        1633627808, 
        "0"
      ], 
      [
        1633627823, 
        "0"
      ], 
      [
        1633627838, 
        "1.5"
      ], 
      [
        1633627853, 
        "3"
      ], 
      [
        1633627868, 
        "4.5"
      ], 
      [
        1633627883, 
        "1.5"
      ], 
      [
        1633627898, 
        "0"
      ], 
      [
        1633627913, 
        "3"
      ], 
      [
        1633627928, 
        "1.5"
      ]
    ]
  }, 
  "kvdb_bytes_write": {
    "metric": {
      "instance": "172.17.0.1:3033", 
      "job": "openethereum"
    },