{
  "known_broadcasts": {
    "values": [
      [
        1633493430, 
        0.4099769724948892
      ], 
      [
        1633493445, 
        0.48385859370400924
      ], 
      [
        1633493460, 
        0.4689710305796585
      ], 
      [
        1633493475, 
        0.44725098149847214
      ], 
      [
        1633493490, 
        0.37787642604580146
      ], 
      [
        1633493505, 
        0.29327156303762236
      ], 
      [
        1633493520, 
        0.33872355664785664
      ], 
      [
        1633493535, 
        0.46151368946038224
      ], 
      [
        1633493550, 
        0.4241848162628778
      ], 
      [
        1633493565, 
        0.3365425092660143
      ], 
      [
        1633493580, 
        0.37591135734619086
      ], 
      [
        1633493595, 
        0.6178580030280837
      ], 
      [
        1633493610, 
        0.6939628459020522
      ], 
      [
        1633493625, 
        0.9854139604362131
      ], 
      [
        1633493640, 
        0.986521865846935
      ], 
      [
        1633493655, 
        0.8011766381212351
      ], 
      [
        1633493670, 
        0.8782917275102343
      ], 
      [
        1633493685, 
        0.8498721029223205
      ], 
      [
        1633493700, 
        0.6777638038961986
      ], 
      [
        1633493715, 
        0.7339000033181599
      ]
    ], 
    "name": "geth.eth/fetcher/block/broadcasts/drop.meter", 
    "columns": [
      "time", 
      "mean"
    ]
  }, 
  "memory_used": {
    "values": [
      [
        1633493430, 
        1530905968
      ], 
      [
        1633493445, 
        1690159600
      ], 
      [
        1633493460, 
        1781838680
      ], 
      [
        1633493475, 
        1871953824
      ], 
      [
        1633493490, 
        1686617172
      ], 
      [
        1633493505, 
        1914780128
      ], 
      [
        1633493520, 
        1650309992
      ], 
      [
        1633493535, 
        1888249720
      ], 
      [
        1633493550, 
        1630877908
      ], 
      [
        1633493565, 
        1908648656
      ], 
      [
        1633493580, 
        1689601144
      ], 
      [
        1633493595, 
        1997228776
      ], 
      [
        1633493610, 
        1710392940
      ], 
      [
        1633493625, 
        1940047600
      ], 
      [
        1633493640, 
        1626599704
      ], 
      [
        1633493655, 
        1499881512
      ], 
      [
        1633493670, 
        1728060092
      ], 
      [
        1633493685, 
        1926788416
      ], 
      [
        1633493700, 
        1635139380
      ], 
      [
        1633493715, 
        1814238720
      ]
    ], 
    "name": "geth.system/memory/used.gauge", 
    "columns": [
      "time", 
      "mean"
    ]
  }, 
  "stat": {
    "known_broadcasts": {
      "max": 0.9854693557067492, 
      "mean": 0.5821421223662604, 
      "variance": 0.04882718843324092, 
      "pvalue": 0.0038773400724771557, 
      "min": 0.3343789619545947
    }, 
    "memory_used": {
      "max": 1942906658.8, 
      "mean": 1756115996.6, 
      "variance": 1.97800345344399e+16, 
      "pvalue": 0.002716901392687528, 
      "min": 1529354745.2
    }, 
    "disk_write": {
      "max": 9581.172313604353, 
      "mean": 7977.312134618983, 
      "variance": 1538296.6322641172, 
      "pvalue": 2.9328855039347673e-06, 
      "min": 6575.418217006141
    }, 
    "disk_read": {
      "max": 29600104.066630296, 
      "mean": 24726817.712922957, 
      "variance": 11448010326249.65, 
      "pvalue": 1.4531629601580858e-08, 
      "min": 20172457.568358198
    }, 
    "traffic_egress": {
      "max": 100682.17579551664, 
      "mean": 34193.52671842646, 
      "variance": 1187827583.6489697, 
      "pvalue": 4.99109454241677e-13, 
      "min": 5718.158373366806
    }, 
    "peer_stats": {
      "max": 35.05, 
      "mean": 32.675, 
      "variance": 2.5068750000000013, 
      "pvalue": 1.2026467019345983e-18, 
      "min": 30.474999999999998
    }, 
    "traffic_ingress": {
      "max": 237363.18742054157, 
      "mean": 141356.28057176777, 
      "variance": 2173756907.886591, 
      "pvalue": 1.0271841232738488e-07, 
      "min": 102517.8660014842
    }, 
    "known_announcements": {
      "max": 0.8886674472795104, 
      "mean": 0.6510081243405242, 
      "variance": 0.029062386581538126, 
      "pvalue": 5.153591191631068e-17, 
      "min": 0.4225132050632269
    }
  }, 
  "disk_write": {
    "values": [
      [
        1633493430, 
        11445.532767657773
      ], 
      [
        1633493445, 
        9060.127229634714
      ], 
      [
        1633493460, 
        8507.613545370707
      ], 
      [
        1633493475, 
        7663.365361243417
      ], 
      [
        1633493490, 
        7188.966837918691
      ], 
      [
        1633493505, 
        6589.22518471596
      ], 
      [
        1633493520, 
        6313.085830519576
      ], 
      [
        1633493535, 
        6882.036437744732
      ], 
      [
        1633493550, 
        6753.899626641204
      ], 
      [
        1633493565, 
        6926.129692741155
      ], 
      [
        1633493580, 
        8543.478523314498
      ], 
      [
        1633493595, 
        9248.628559614737
      ], 
      [
        1633493610, 
        8236.213710107191
      ], 
      [
        1633493625, 
        7727.224949497605
      ], 
      [
        1633493640, 
        7195.284532336328
      ], 
      [
        1633493655, 
        7417.3432493886285
      ], 
      [
        1633493670, 
        7147.480120658629
      ], 
      [
        1633493685, 
        7796.075681303972
      ], 
      [
        1633493700, 
        9483.048079180488
      ], 
      [
        1633493715, 
        9421.482772789625
      ]
    ], 
    "name": "geth.eth/db/chaindata/disk/write.meter", 
    "columns": [
      "time", 
      "mean"
    ]
  }, 
  "disk_read": {
    "values": [
      [
        1633493430, 
        30531210.74689454
      ], 
      [
        1633493445, 
        27425136.792094074
      ], 
      [
        1633493460, 
        27906903.051262476
      ], 
      [
        1633493475, 
        29372139.009077955
      ], 
      [
        1633493490, 
        29551098.451879546
      ], 
      [
        1633493505, 
        28241429.812059436
      ], 
      [
        1633493520, 
        27049393.855531245
      ], 
      [
        1633493535, 
        26217291.856527984
      ], 
      [
        1633493550, 
        25516970.777409937
      ], 
      [
        1633493565, 
        24976041.748938333
      ], 
      [
        1633493580, 
        24414573.876230285
      ], 
      [
        1633493595, 
        23764054.505983543
      ], 
      [
        1633493610, 
        23200813.245171588
      ], 
      [
        1633493625, 
        22949089.474124573
      ], 
      [
        1633493640, 
        21638884.846535236
      ], 
      [
        1633493655, 
        21027701.33309714
      ], 
      [
        1633493670, 
        20439408.646980636
      ], 
      [
        1633493685, 
        20335690.394470923
      ], 
      [
        1633493700, 
        20192812.751831904
      ], 
      [
        1633493715, 
        19785709.082357742
      ]
    ], 
    "name": "geth.eth/db/chaindata/disk/read.meter", 
    "columns": [
      "time", 
      "mean"
    ]
  },