{
  "known_broadcasts": {
    "values": [
      [
        1633493130, 
        0.39426150704987106
      ], 
      [
        1633493145, 
        0.41700352988876693
      ], 
      [
        1633493160, 
        0.369001498187016
      ], 
      [
        1633493175, 
        0.36633927770350766
      ], 
      [
        1633493190, 
        0.34785310067263675
      ], 
      [
        1633493205, 
        0.35809274190799667
      ], 
      [
        1633493220, 
        0.4557455824121737
      ], 
      [
        1633493235, 
        0.5604091790404083
      ], 
      [
        1633493250, 
        0.4663102949596526
      ], 
      [
        1633493265, 
        0.36190547924462546
      ], 
      [
        1633493280, 
        0.35831204926097027
      ], 
      [
        1633493295, 
        0.46755005750276846
      ], 
      [
        1633493310, 
        0.6951257975997718
      ], 
      [
        1633493325, 
        0.8898061969141116
      ], 
      [
        1633493340, 
        0.944982456137888
      ], 
      [
        1633493355, 
        0.8155132742207666
      ], 
      [
        1633493370, 
        0.8623311924428638
      ], 
      [
        1633493385, 
        0.8112634450229452
      ], 
      [
        1633493400, 
        0.675937755049565
      ], 
      [
        1633493415, 
        0.524598276780304
      ]
    ], 
    "name": "geth.eth/fetcher/block/broadcasts/drop.meter", 
    "columns": [
      "time", 
      "mean"
    ]
  }, 
  "memory_used": {
    "values": [
      [
        1633493130, 
        1639849708
      ], 
      [
        1633493145, 
        1708510184
      ], 
      [
        1633493160, 
        1695106968
      ], 
      [
        1633493175, 
        1837441576
      ], 
      [
        1633493190, 
        1751346260
      ], 
      [
        1633493205, 
        1586873592
      ], 
      [
        1633493220, 
        1733928360
      ], 
      [
        1633493235, 
        1797919488
      ], 
      [
        1633493250, 
        1655431724
      ], 
      [
        1633493265, 
        1971710840
      ], 
      [
        1633493280, 
        1862104968
      ], 
      [
        1633493295, 
        1671885576
      ], 
      [
        1633493310, 
        1804724476
      ], 
      [
        1633493325, 
        1846842800
      ], 
      [
        1633493340, 
        1709007216
      ], 
      [
        1633493355, 
        1480168128
      ], 
      [
        1633493370, 
        1863676404
      ], 
      [
        1633493385, 
        1666083232
      ], 
      [
        1633493400, 
        1782547856
      ], 
      [
        1633493415, 
        1835274504
      ]
    ], 
    "name": "geth.system/memory/used.gauge", 
    "columns": [
      "time", 
      "mean"
    ]
  }, 
  "stat": {
    "known_broadcasts": {
      "max": 0.8925650098753004, 
      "mean": 0.5571171345999305, 
      "variance": 0.041269204536422396, 
      "pvalue": 0.001780476931511029, 
      "min": 0.35758075984622867
    }, 
    "memory_used": {
      "max": 1869078125.8000002, 
      "mean": 1745021693.0, 
      "variance": 1.2255567313393634e+16, 
      "pvalue": 2.3664689879761007e-05, 
      "min": 1581538318.8
    }, 
    "disk_write": {
      "max": 69229.56892311729, 
      "mean": 26639.798898728088, 
      "variance": 512794564.8469903, 
      "pvalue": 0.023792909584853486, 
      "min": 8017.175466671848
    }, 
    "disk_read": {
      "max": 56977647.45184437, 
      "mean": 39529280.25163452, 
      "variance": 52865921789230.17, 
      "pvalue": 1.3040607174804445e-16, 
      "min": 33627956.57239376
    }, 
    "traffic_egress": {
      "max": 17611.7325042343, 
      "mean": 7682.590692446551, 
      "variance": 23263074.104925565, 
      "pvalue": 0.0004086009571423332, 
      "min": 3669.996035540959
    }, 
    "peer_stats": {
      "max": 29.1, 
      "mean": 22.225, 
      "variance": 12.511874999999998, 
      "pvalue": 1.2026467019345983e-18, 
      "min": 17.975
    }, 
    "traffic_ingress": {
      "max": 283443.71356032335, 
      "mean": 172007.7746487427, 
      "variance": 3566043287.0149584, 
      "pvalue": 0.00018270451622194028, 
      "min": 122785.06646606779
    }, 
    "known_announcements": {
      "max": 0.8977577188018999, 
      "mean": 0.6008205455076066, 
      "variance": 0.032159383405038884, 
      "pvalue": 2.465130013256034e-17, 
      "min": 0.40143134857455964
    }
  }, 
  "disk_write": {
    "values": [
      [
        1633493130, 
        61185.93924479072
      ], 
      [
        1633493145, 
        87363.50819543071
      ], 
      [
        1633493160, 
        68275.15106667973
      ], 
      [
        1633493175, 
        52988.646260584654
      ], 
      [
        1633493190, 
        41428.522321847086
      ], 
      [
        1633493205, 
        32158.775086899117
      ], 
      [
        1633493220, 
        25144.83477577205
      ], 
      [
        1633493235, 
        19526.516966706495
      ], 
      [
        1633493250, 
        15281.453093993096
      ], 
      [
        1633493265, 
        11860.003232427789
      ], 
      [
        1633493280, 
        9511.35485795057
      ], 
      [
        1633493295, 
        8023.827283999632
      ], 
      [
        1633493310, 
        7890.790937443953
      ], 
      [
        1633493325, 
        9159.47907775704
      ], 
      [
        1633493340, 
        10716.261024257687
      ], 
      [
        1633493355, 
        12828.121857868366
      ], 
      [
        1633493370, 
        15027.64503665358
      ], 
      [
        1633493385, 
        15556.803362876217
      ], 
      [
        1633493400, 
        15102.333047807042
      ], 
      [
        1633493415, 
        13766.011242816152
      ]
    ], 
    "name": "geth.eth/db/chaindata/disk/write.meter", 
    "columns": [
      "time", 
      "mean"
    ]
  }, 
  "disk_read": {
    "values": [
      [
        1633493130, 
        40394513.68342849
      ], 
      [
        1633493145, 
        58073468.8135247
      ], 
      [
        1633493160, 
        56919972.64333488
      ], 
      [
        1633493175, 
        50386174.732035235
      ], 
      [
        1633493190, 
        45388565.043598324
      ], 
      [
        1633493205, 
        41488258.80180467
      ], 
      [
        1633493220, 
        39135816.92459071
      ], 
      [
        1633493235, 
        37703243.12517154
      ], 
      [
        1633493250, 
        36987171.985510424
      ], 
      [
        1633493265, 
        36199300.92837309
      ], 
      [
        1633493280, 
        36229088.73568231
      ], 
      [
        1633493295, 
        36000254.83907548
      ], 
      [
        1633493310, 
        35584481.51743782
      ], 
      [
        1633493325, 
        35172466.63443085
      ], 
      [
        1633493340, 
        35061566.74082436
      ], 
      [
        1633493355, 
        34717089.93815586
      ], 
      [
        1633493370, 
        34080060.371179536
      ], 
      [
        1633493385, 
        33938800.137240656
      ], 
      [
        1633493400, 
        33635212.33392132
      ], 
      [
        1633493415, 
        33490097.103370108
      ]
    ], 
    "name": "geth.eth/db/chaindata/disk/read.meter", 
    "columns": [
      "time", 
      "mean"
    ]
  },