{
  "known_broadcasts": {
    "values": [
      [
        1633494330, 
        1.2596086358106124
      ], 
      [
        1633494345, 
        1.061505394756316
      ], 
      [
        1633494360, 
        0.8295733846099547
      ], 
      [
        1633494375, 
        0.8069520639216214
      ], 
      [
        1633494390, 
        0.961785910207704
      ], 
      [
        1633494405, 
        0.9058931450459521
      ], 
      [
        1633494420, 
        0.9954062266128232
      ], 
      [
        1633494435, 
        1.0029848879248224
      ], 
      [
        1633494450, 
        0.8513242269913824
      ], 
      [
        1633494465, 
        0.72259072397919
      ], 
      [
        1633494480, 
        0.6751556245931245
      ], 
      [
        1633494495, 
        0.6141736572355555
      ], 
      [
        1633494510, 
        0.7183617266298616
      ], 
      [
        1633494525, 
        0.759247884164674
      ], 
      [
        1633494540, 
        0.6889886667093985
      ], 
      [
        1633494555, 
        0.6383988656357569
      ], 
      [
        1633494570, 
        0.7406818500603678
      ], 
      [
        1633494585, 
        0.8010474834276413
      ], 
      [
        1633494600, 
        0.9774961648441478
      ], 
      [
        1633494615, 
        0.9331679538318647
      ]
    ], 
    "name": "geth.eth/fetcher/block/broadcasts/drop.meter", 
    "columns": [
      "time", 
      "mean"
    ]
  }, 
  "memory_used": {
    "values": [
      [
        1633494330, 
        1879375760
      ], 
      [
        1633494345, 
        1596958976
      ], 
      [
        1633494360, 
        1879882964
      ], 
      [
        1633494375, 
        1580326560
      ], 
      [
        1633494390, 
        1864656472
      ], 
      [
        1633494405, 
        1558791744
      ], 
      [
        1633494420, 
        1855523348
      ], 
      [
        1633494435, 
        1592958296
      ], 
      [
        1633494450, 
        1870023372
      ], 
      [
        1633494465, 
        1537253896
      ], 
      [
        1633494480, 
        1838376996
      ], 
      [
        1633494495, 
        1592509400
      ], 
      [
        1633494510, 
        1887513988
      ], 
      [
        1633494525, 
        1566494920
      ], 
      [
        1633494540, 
        1829520352
      ], 
      [
        1633494555, 
        1549646920
      ], 
      [
        1633494570, 
        1752977016
      ], 
      [
        1633494585, 
        1767100048
      ], 
      [
        1633494600, 
        1779229284
      ], 
      [
        1633494615, 
        1702821160
      ]
    ], 
    "name": "geth.system/memory/used.gauge", 
    "columns": [
      "time", 
      "mean"
    ]
  }, 
  "stat": {
    "known_broadcasts": {
      "max": 1.071410556809031, 
      "mean": 0.8472172238496387, 
      "variance": 0.02554997481671662, 
      "pvalue": 0.002951875917125303, 
      "min": 0.6371876052157468
    }, 
    "memory_used": {
      "max": 1880264515.2, 
      "mean": 1724097073.6, 
      "variance": 1.7630693407391434e+16, 
      "pvalue": 3.3942972676591e-05, 
      "min": 1549027268.8
    }, 
    "disk_write": {
      "max": 10686.666169367178, 
      "mean": 7999.743824338507, 
      "variance": 6703494.659795643, 
      "pvalue": 1.3127998337890284e-05, 
      "min": 3932.151070848409
    }, 
    "disk_read": {
      "max": 22883853.628001243, 
      "mean": 21197061.716191027, 
      "variance": 1619446386621.0715, 
      "pvalue": 5.751852415398219e-08, 
      "min": 19439469.677565344
    }, 
    "traffic_egress": {
      "max": 180981.72008972729, 
      "mean": 84987.31272731315, 
      "variance": 2947286173.2377005, 
      "pvalue": 5.509010388360202e-17, 
      "min": 32621.916743717964
    }, 
    "peer_stats": {
      "max": 36.125, 
      "mean": 34.675, 
      "variance": 1.4068750000000012, 
      "pvalue": 1.2026467019345983e-18, 
      "min": 33.0
    }, 
    "traffic_ingress": {
      "max": 125111.88292563231, 
      "mean": 108993.46141062435, 
      "variance": 115926402.86204617, 
      "pvalue": 9.781814320325106e-16, 
      "min": 96541.69412166881
    }, 
    "known_announcements": {
      "max": 1.3953134064634247, 
      "mean": 0.9995086666024248, 
      "variance": 0.06557928078524843, 
      "pvalue": 3.5215070998742347e-10, 
      "min": 0.705444498810575
    }
  }, 
  "disk_write": {
    "values": [
      [
        1633494330, 
        4407.126475188003
      ], 
      [
        1633494345, 
        3960.021041116431
      ], 
      [
        1633494360, 
        3951.060897533503
      ], 
      [
        1633494375, 
        3572.8643638316144
      ], 
      [
        1633494390, 
        4345.734778989093
      ], 
      [
        1633494405, 
        4965.721437213267
      ], 
      [
        1633494420, 
        7341.181763228344
      ], 
      [
        1633494435, 
        10164.245939486855
      ], 
      [
        1633494450, 
        10906.867242782766
      ], 
      [
        1633494465, 
        10239.01486126652
      ], 
      [
        1633494480, 
        9217.622803229231
      ], 
      [
        1633494495, 
        9867.18503287491
      ], 
      [
        1633494510, 
        9342.567428473667
      ], 
      [
        1633494525, 
        9617.88119053193
      ], 
      [
        1633494540, 
        9165.910789292846
      ], 
      [
        1633494555, 
        9515.681198615253
      ], 
      [
        1633494570, 
        9548.986890597644
      ], 
      [
        1633494585, 
        9507.818403355861
      ], 
      [
        1633494600, 
        9682.307309974978
      ], 
      [
        1633494615, 
        10675.07663918741
      ]
    ], 
    "name": "geth.eth/db/chaindata/disk/write.meter", 
    "columns": [
      "time", 
      "mean"
    ]
  }, 
  "disk_read": {
    "values": [
      [
        1633494330, 
        22472612.476283684
      ], 
      [
        1633494345, 
        23418260.008017533
      ], 
      [
        1633494360, 
        22855726.97642144
      ], 
      [
        1633494375, 
        22710708.75727258
      ], 
      [
        1633494390, 
        21980812.822247013
      ], 
      [
        1633494405, 
        22399766.26263149
      ], 
      [
        1633494420, 
        21806881.717187062
      ], 
      [
        1633494435, 
        22499877.418507215
      ], 
      [
        1633494450, 
        21542539.64364282
      ], 
      [
        1633494465, 
        21720502.914660938
      ], 
      [
        1633494480, 
        20909295.796245724
      ], 
      [
        1633494495, 
        21070426.3450429
      ], 
      [
        1633494510, 
        20242671.746685542
      ], 
      [
        1633494525, 
        20304335.849052887
      ], 
      [
        1633494540, 
        19583949.742318943
      ], 
      [
        1633494555, 
        20010314.268098168
      ], 
      [
        1633494570, 
        19507700.717834383
      ], 
      [
        1633494585, 
        20059360.98857585
      ], 
      [
        1633494600, 
        19441327.98212292
      ], 
      [
        1633494615, 
        19404161.890971407
      ]
    ], 
    "name": "geth.eth/db/chaindata/disk/read.meter", 
    "columns": [
      "time", 
      "mean"
    ]
  },