{
  "known_broadcasts": {
    "values": [
      [
        1633494030, 
        0.7766752977953153
      ], 
      [
        1633494045, 
        0.7799645992017437
      ], 
      [
        1633494060, 
        0.6895030032472238
      ], 
      [
        1633494075, 
        0.6244254436188871
      ], 
      [
        1633494090, 
        0.7371164134874539
      ], 
      [
        1633494105, 
        0.8875214819843211
      ], 
      [
        1633494120, 
        0.7791470658553313
      ], 
      [
        1633494135, 
        0.8203592170794284
      ], 
      [
        1633494150, 
        0.7210716603999363
      ], 
      [
        1633494165, 
        0.8107639352742392
      ], 
      [
        1633494180, 
        0.8929377954373818
      ], 
      [
        1633494195, 
        0.767790383137582
      ], 
      [
        1633494210, 
        0.7231378064091921
      ], 
      [
        1633494225, 
        0.8590205398927515
      ], 
      [
        1633494240, 
        0.9934346782715604
      ], 
      [
        1633494255, 
        0.9485704721491931
      ], 
      [
        1633494270, 
        1.0562179734180166
      ], 
      [
        1633494285, 
        0.973096096779625
      ], 
      [
        1633494300, 
        1.2574984948349623
      ], 
      [
        1633494315, 
        1.329294637487748
      ]
    ], 
    "name": "geth.eth/fetcher/block/broadcasts/drop.meter", 
    "columns": [
      "time", 
      "mean"
    ]
  }, 
  "memory_used": {
    "values": [
      [
        1633494030, 
        1714583692
      ], 
      [
        1633494045, 
        1649514728
      ], 
      [
        1633494060, 
        1859311908
      ], 
      [
        1633494075, 
        2051248000
      ], 
      [
        1633494090, 
        1729293624
      ], 
      [
        1633494105, 
        1555313496
      ], 
      [
        1633494120, 
        1906843928
      ], 
      [
        1633494135, 
        2089078408
      ], 
      [
        1633494150, 
        1739969396
      ], 
      [
        1633494165, 
        1851740152
      ], 
      [
        1633494180, 
        1710764604
      ], 
      [
        1633494195, 
        1499739408
      ], 
      [
        1633494210, 
        1644020048
      ], 
      [
        1633494225, 
        1662012432
      ], 
      [
        1633494240, 
        1932858432
      ], 
      [
        1633494255, 
        1624868440
      ], 
      [
        1633494270, 
        1897382532
      ], 
      [
        1633494285, 
        1590945392
      ], 
      [
        1633494300, 
        1868280208
      ], 
      [
        1633494315, 
        1552724824
      ]
    ], 
    "name": "geth.system/memory/used.gauge", 
    "columns": [
      "time", 
      "mean"
    ]
  }, 
  "stat": {
    "known_broadcasts": {
      "max": 1.2610883019676016, 
      "mean": 0.8713773497880947, 
      "variance": 0.031226003031899346, 
      "pvalue": 9.671926086915797e-05, 
      "min": 0.686249125265807
    }, 
    "memory_used": {
      "max": 2053139520.4, 
      "mean": 1756524682.6, 
      "variance": 2.6686160425125636e+16, 
      "pvalue": 0.0008550412707824971, 
      "min": 1550075553.2
    }, 
    "disk_write": {
      "max": 137079.71541908925, 
      "mean": 43625.77056043619, 
      "variance": 2026292091.4569137, 
      "pvalue": 0.0007577944141863065, 
      "min": 6755.95913275121
    }, 
    "disk_read": {
      "max": 40716144.25926934, 
      "mean": 26320818.003048565, 
      "variance": 46424376702642.34, 
      "pvalue": 1.1735337587003726e-05, 
      "min": 18540463.08126683
    }, 
    "traffic_egress": {
      "max": 145932.8274660235, 
      "mean": 57009.3033386737, 
      "variance": 2041868904.0049996, 
      "pvalue": 5.157376617843406e-12, 
      "min": 5458.49664156697
    }, 
    "peer_stats": {
      "max": 38.1, 
      "mean": 36.7, 
      "variance": 1.3850000000000002, 
      "pvalue": 1.2026467019345983e-18, 
      "min": 34.949999999999996
    }, 
    "traffic_ingress": {
      "max": 424297.06934215163, 
      "mean": 211163.17249009322, 
      "variance": 9556985121.876337, 
      "pvalue": 0.04679957937764149, 
      "min": 127340.23150640719
    }, 
    "known_announcements": {
      "max": 1.614988887181422, 
      "mean": 1.0793608266513746, 
      "variance": 0.0816883401334865, 
      "pvalue": 2.0126425339358262e-08, 
      "min": 0.7647105602760875
    }
  }, 
  "disk_write": {
    "values": [
      [
        1633494030, 
        25443.05629369697
      ], 
      [
        1633494045, 
        24874.087843411027
      ], 
      [
        1633494060, 
        20500.26539586251
      ], 
      [
        1633494075, 
        19089.674149731094
      ], 
      [
        1633494090, 
        17005.987736131974
      ], 
      [
        1633494105, 
        172986.26912934508
      ], 
      [
        1633494120, 
        135189.89680275996
      ], 
      [
        1633494135, 
        104946.25185910483
      ], 
      [
        1633494150, 
        82016.17983945561
      ], 
      [
        1633494165, 
        63689.62311681805
      ], 
      [
        1633494180, 
        49792.30221676982
      ], 
      [
        1633494195, 
        38650.01490759817
      ], 
      [
        1633494210, 
        30211.248632486386
      ], 
      [
        1633494225, 
        23465.65861426432
      ], 
      [
        1633494240, 
        18368.625467531092
      ], 
      [
        1633494255, 
        14273.287305232134
      ], 
      [
        1633494270, 
        11160.677130254859
      ], 
      [
        1633494285, 
        8690.798270267267
      ], 
      [
        1633494300, 
        6830.982008723431
      ], 
      [
        1633494315, 
        5330.524489279007
      ]
    ], 
    "name": "geth.eth/db/chaindata/disk/write.meter", 
    "columns": [
      "time", 
      "mean"
    ]
  }, 
  "disk_read": {
    "values": [
      [
        1633494030, 
        18950053.219282605
      ], 
      [
        1633494045, 
        19298349.03483746
      ], 
      [
        1633494060, 
        18563983.091915734
      ], 
      [
        1633494075, 
        19003279.268870495
      ], 
      [
        1633494090, 
        18093582.878937647
      ], 
      [
        1633494105, 
        24458149.01014841
      ], 
      [
        1633494120, 
        41181371.88520979
      ], 
      [
        1633494135, 
        40691658.59474616
      ], 
      [
        1633494150, 
        35679920.91398662
      ], 
      [
        1633494165, 
        33443428.871001866
      ], 
      [
        1633494180, 
        30589341.943148583
      ], 
      [
        1633494195, 
        29032093.011735417
      ], 
      [
        1633494210, 
        27573680.127410106
      ], 
      [
        1633494225, 
        27413788.63302344
      ], 
      [
        1633494240, 
        25291391.305213347
      ], 
      [
        1633494255, 
        24854079.609222252
      ], 
      [
        1633494270, 
        23396455.109457955
      ], 
      [
        1633494285, 
        23510508.10606349
      ], 
      [
        1633494300, 
        22622951.81665764
      ], 
      [
        1633494315, 
        22768293.630102303
      ]
    ], 
    "name": "geth.eth/db/chaindata/disk/read.meter", 
    "columns": [
      "time", 
      "mean"
    ]
  },