{
  "stat": {
    "blockchaincache_size": {
      "max": 5863684.799999997, 
      "mean": 1375553.4117647058, 
      "variance": 5425963752494.947, 
      "pvalue": 1.9017076681640946e-07, 
      "min": 140603.2
    }, 
    "kvdb_bytes_read": {
      "max": 656318.1450000003, 
      "mean": 305802.544349685, 
      "variance": 69986064740.399, 
      "pvalue": 0.07910666659212864, 
      "min": 49945.11700800001
    }, 
    "sync_blocks_highest": {
      "max": 3.0, 
      "mean": 0.6, 
      "variance": 0.9899999999999999, 
      "pvalue": 0.22777485095281208, 
      "min": 0.0
    }, 
    "import_blocks": {
      "max": 3.075000000000001, 
      "mean": 0.675, 
      "variance": 1.4568750000000008, 
      "pvalue": 0.4853118511418123, 
      "min": 0.0
    }, 
    "peer_stats": {
      "max": 14.2, 
      "mean": 10.882352941176471, 
      "variance": 4.57439446366782, 
      "pvalue": 7.030045134191326e-16, 
      "min": 8.0
    }, 
    "sync_blocks_recieved": {
      "max": 3.0, 
      "mean": 0.6752256770310933, 
      "variance": 1.0072483347736294, 
      "pvalue": 0.5295715598698945, 
      "min": 0.0
    }, 
    "kvdb_bytes_write": {
      "max": 2832172.139898667, 
      "mean": 573598.4145275534, 
      "variance": 984213195890.8229, 
      "pvalue": 0.894710765834523, 
      "min": 0.0
    }
  }, 
  "blockchaincache_size": {
    "metric": {
      "__name__": "blockchaincache_size", 
      "job": "openethereum", 
      "instance": "172.17.0.1:3033"
    }, 
    "values": [
      [
        1633504284, 
        "147792"
      ], 
      [
        1633504299, 
        "220312"
      ], 
      [
        1633504314, 
        "684872"
      ], 
      [
        1633504329, 
        "685144"
      ], 
      [
        1633504359, 
        "5010032"
      ], 
      [
        1633504374, 
        "9278296"
      ], 
      [
        1633504389, 
        "111848"
      ], 
      [
        1633504404, 
        "147960"
      ], 
      [
        1633504419, 
        "147960"
      ], 
      [
        1633504434, 
        "363544"
      ], 
      [
        1633504449, 
        "363544"
      ], 
      [
        1633504464, 
        "363544"
      ], 
      [
        1633504479, 
        "363816"
      ], 
      [
        1633504509, 
        "364360"
      ], 
      [
        1633504539, 
        "2381056"
      ], 
      [
        1633504554, 
        "2385696"
      ], 
      [
        1633504584, 
        "364632"
      ]
    ]
  }, 
  "kvdb_bytes_read": {
    "metric": {
      "instance": "172.17.0.1:3033", 
      "job": "openethereum"
    }, 
    "values": [
      [
        1633504284, 
        "58890.8"
      ], 
      [
        1633504299, 
        "126741.8"
      ], 
      [
        1633504314, 
        "1086619.6"
      ], 
      [
        1633504329, 
        "235605.5"
      ], 
      [
        1633504344, 
        "61247.36136"
      ], 
      [
        1633504359, 
        "331751.7"
      ], 
      [
        1633504374, 
        "193959.4"
      ], 
      [
        1633504389, 
        "460722.6"
      ], 
      [
        1633504404, 
        "142752.6"
      ], 
      [
        1633504419, 
        "544043.5"
      ], 
      [
        1633504434, 
        "633670.7"
      ], 
      [
        1633504449, 
        "46225"
      ], 
      [
        1633504464, 
        "131299"
      ], 
      [
        1633504479, 
        "151732.2"
      ], 
      [
        1633504494, 
        "50140.91264"
      ], 
      [
        1633504509, 
        "492230.1"
      ], 
      [
        1633504539, 
        "78570.41123370109"
      ], 
      [
        1633504554, 
        "534710.9"
      ], 
      [
        1633504569, 
        "192856.40176"
      ], 
      [
        1633504584, 
        "562280.4"
      ]
    ]
  }, 
  "sync_blocks_highest": {
    "metric": {
      "instance": "172.17.0.1:3033", 
      "job": "openethereum"
    }, 
    "values": [
      [
        1633504284, 
        "0"
      ], 
      [
        1633504299, 
        "1.5"
      ], 
      [
        1633504314, 
        "1.5"
      ], 
      [
        1633504329, 
        "0"
      ], 
      [
        1633504344, 
        "0"
      ], 
      [
        1633504359, 
        "0"
      ], 
      [
        1633504374, 
        "0"
      ], 
      [
        1633504389, 
        "0"
      ], 
      [
        1633504404, 
        "0"
      ], 
      [
        1633504419, 
        "3"
      ], 
      [
        1633504434, 
        "0"
      ], 
      [
        1633504449, 
        "1.5"
      ], 
      [
        1633504464, 
        "1.5"
      ], 
      [
        1633504479, 
        "3"
      ], 
      [
        1633504494, 
        "0"
      ], 
      [
        1633504509, 
        "0"
      ], 
      [
        1633504539, 
        "0"
      ], 
      [
        1633504554, 
        "0"
      ], 
      [
        1633504569, 
        "0"
      ], 
      [
        1633504584, 
        "0"
      ]
    ]
  }, 
  "import_blocks": {
    "metric": {
      "instance": "172.17.0.1:3033", 
      "job": "openethereum"
    }, 
    "values": [
      [
        1633504284, 
        "0"
      ], 
      [
        1633504299, 
        "1.5"
      ], 
      [
        1633504314, 
        "4.5"
      ], 
      [
        1633504329, 
        "0"
      ], 
      [
        1633504344, 
        "0"
      ], 
      [
        1633504359, 
        "0"
      ], 
      [
        1633504374, 
        "0"
      ], 
      [
        1633504389, 
        "0"
      ], 
      [
        1633504404, 
        "1.5"
      ], 
      [
        1633504419, 
        "0"
      ], 
      [
        1633504434, 
        "1.5"
      ], 
      [
        1633504449, 
        "0"
      ], 
      [
        1633504464, 
        "0"
      ], 
      [
        1633504479, 
        "0"
      ], 
      [
        1633504494, 
        "0"
      ], 
      [
        1633504509, 
        "0"
      ], 
      [
        1633504539, 
        "0"
      ], 
      [
        1633504554, 
        "1.5"
      ], 
      [
        1633504569, 
        "0"
      ], 
      [
        1633504584, 
        "3"
      ]
    ]
  }, 
  "peer_stats": {
    "metric": {
      "__name__": "net_peers", 
      "job": "openethereum", 
      "instance": "172.17.0.1:3033"
    }, 
    "values": [
      [
        1633504284, 
        "8"
      ], 
      [
        1633504299, 
        "10"
      ], 
      [
        1633504314, 
        "10"
      ], 
      [
        1633504329, 
        "14"
      ], 
      [
        1633504359, 
        "12"
      ], 
      [
        1633504374, 
        "11"
      ], 
      [
        1633504389, 
        "10"
      ], 
      [
        1633504404, 
        "11"
      ], 
      [
        1633504419, 
        "9"
      ], 
      [
        1633504434, 
        "8"
      ], 
      [
        1633504449, 
        "15"
      ], 
      [
        1633504464, 
        "13"
      ], 
      [
        1633504479, 
        "12"
      ], 
      [
        1633504509, 
        "11"
      ], 
      [
        1633504539, 
        "9"
      ], 
      [
        1633504554, 
        "14"
      ], 
      [
        1633504584, 
        "8"
      ]
    ]
  }, 
  "sync_blocks_recieved": {
    "metric": {
      "instance": "172.17.0.1:3033", 
      "job": "openethereum"
    },