{
  "stat": {
    "blockchaincache_size": {
      "max": 5347491.199999999, 
      "mean": 4837054.666666667, 
      "variance": 1290087664215.111, 
      "pvalue": 0.04720659600642838, 
      "min": 3992032.4000000004
    }, 
    "kvdb_bytes_read": {
      "max": 530368.1349999997, 
      "mean": 253916.91628086494, 
      "variance": 40590053840.94242, 
      "pvalue": 0.14446545597699223, 
      "min": 10230.617093333334
    }, 
    "sync_blocks_highest": {
      "max": 4.5, 
      "mean": 1.3682444444444444, 
      "variance": 2.75457861580247, 
      "pvalue": 0.36694733480138964, 
      "min": 0.0
    }, 
    "import_blocks": {
      "max": 1.7249999999999979, 
      "mean": 0.6666666666666666, 
      "variance": 0.8055555555555558, 
      "pvalue": 0.12164814359576914, 
      "min": 0.0
    }, 
    "peer_stats": {
      "max": 9.0, 
      "mean": 3.0555555555555554, 
      "variance": 7.608024691358025, 
      "pvalue": 1.1129986013689052e-13, 
      "min": 0.8500000000000001
    }, 
    "sync_blocks_recieved": {
      "max": 4.5, 
      "mean": 1.3682444444444444, 
      "variance": 2.75457861580247, 
      "pvalue": 0.37245743368238826, 
      "min": 0.0
    }, 
    "kvdb_bytes_write": {
      "max": 1415741.849999991, 
      "mean": 514856.3763031139, 
      "variance": 2378866404638.968, 
      "pvalue": 0.07541428362413148, 
      "min": 0.0
    }
  }, 
  "blockchaincache_size": {
    "metric": {
      "__name__": "blockchaincache_size", 
      "job": "openethereum", 
      "instance": "172.17.0.1:3033"
    }, 
    "values": [
      [
        1633675114, 
        "5294792"
      ], 
      [
        1633675129, 
        "5295208"
      ], 
      [
        1633675144, 
        "5295896"
      ], 
      [
        1633675159, 
        "5296440"
      ], 
      [
        1633675174, 
        "5296440"
      ], 
      [
        1633675189, 
        "5297128"
      ], 
      [
        1633675204, 
        "5297688"
      ], 
      [
        1633675234, 
        "5299072"
      ], 
      [
        1633675249, 
        "5300312"
      ], 
      [
        1633675264, 
        "5614840"
      ], 
      [
        1633675309, 
        "290568"
      ], 
      [
        1633675324, 
        "4645232"
      ], 
      [
        1633675339, 
        "4806544"
      ], 
      [
        1633675354, 
        "4806544"
      ], 
      [
        1633675369, 
        "4806816"
      ], 
      [
        1633675384, 
        "4807640"
      ], 
      [
        1633675399, 
        "4807912"
      ], 
      [
        1633675414, 
        "4807912"
      ]
    ]
  }, 
  "kvdb_bytes_read": {
    "metric": {
      "instance": "172.17.0.1:3033", 
      "job": "openethereum"
    }, 
    "values": [
      [
        1633675114, 
        "490237.3"
      ], 
      [
        1633675129, 
        "366065.9"
      ], 
      [
        1633675144, 
        "403886.9"
      ], 
      [
        1633675159, 
        "757776.2"
      ], 
      [
        1633675174, 
        "253341.8"
      ], 
      [
        1633675189, 
        "364435.8"
      ], 
      [
        1633675204, 
        "395924.5"
      ], 
      [
        1633675234, 
        "106808"
      ], 
      [
        1633675249, 
        "429234.4"
      ], 
      [
        1633675264, 
        "108324.20853333334"
      ], 
      [
        1633675309, 
        "131135.00558890222"
      ], 
      [
        1633675324, 
        "51.8"
      ], 
      [
        1633675339, 
        "41491.4"
      ], 
      [
        1633675354, 
        "62711"
      ], 
      [
        1633675369, 
        "377382.9"
      ], 
      [
        1633675384, 
        "12026.878933333333"
      ], 
      [
        1633675399, 
        "225810.4"
      ], 
      [
        1633675414, 
        "43860.1"
      ]
    ]
  }, 
  "sync_blocks_highest": {
    "metric": {
      "instance": "172.17.0.1:3033", 
      "job": "openethereum"
    }, 
    "values": [
      [
        1633675114, 
        "0"
      ], 
      [
        1633675129, 
        "4.5"
      ], 
      [
        1633675144, 
        "0"
      ], 
      [
        1633675159, 
        "1.5"
      ], 
      [
        1633675174, 
        "1.5"
      ], 
      [
        1633675189, 
        "4.5"
      ], 
      [
        1633675204, 
        "4.5"
      ], 
      [
        1633675234, 
        "1.5"
      ], 
      [
        1633675249, 
        "0"
      ], 
      [
        1633675264, 
        "0"
      ], 
      [
        1633675309, 
        "0"
      ], 
      [
        1633675324, 
        "0"
      ], 
      [
        1633675339, 
        "1.5"
      ], 
      [
        1633675354, 
        "0"
      ], 
      [
        1633675369, 
        "3"
      ], 
      [
        1633675384, 
        "2.1284"
      ], 
      [
        1633675399, 
        "0"
      ], 
      [
        1633675414, 
        "0"
      ]
    ]
  }, 
  "import_blocks": {
    "metric": {
      "instance": "172.17.0.1:3033", 
      "job": "openethereum"
    }, 
    "values": [
      [
        1633675114, 
        "1.5"
      ], 
      [
        1633675129, 
        "0"
      ], 
      [
        1633675144, 
        "1.5"
      ], 
      [
        1633675159, 
        "3"
      ], 
      [
        1633675174, 
        "0"
      ], 
      [
        1633675189, 
        "1.5"
      ], 
      [
        1633675204, 
        "1.5"
      ], 
      [
        1633675234, 
        "0"
      ], 
      [
        1633675249, 
        "0"
      ], 
      [
        1633675264, 
        "0"
      ], 
      [
        1633675309, 
        "0"
      ], 
      [
        1633675324, 
        "0"
      ], 
      [
        1633675339, 
        "0"
      ], 
      [
        1633675354, 
        "0"
      ], 
      [
        1633675369, 
        "1.5"
      ], 
      [
        1633675384, 
        "0"
      ], 
      [
        1633675399, 
        "1.5"
      ], 
      [
        1633675414, 
        "0"
      ]
    ]
  }, 
  "peer_stats": {
    "metric": {
      "__name__": "net_peers", 
      "job": "openethereum", 
      "instance": "172.17.0.1:3033"
    }, 
    "values": [
      [
        1633675114, 
        "0"
      ], 
      [
        1633675129, 
        "3"
      ], 
      [
        1633675144, 
        "1"
      ], 
      [
        1633675159, 
        "1"
      ], 
      [
        1633675174, 
        "1"
      ], 
      [
        1633675189, 
        "1"
      ], 
      [
        1633675204, 
        "3"
      ], 
      [
        1633675234, 
        "3"
      ], 
      [
        1633675249, 
        "2"
      ], 
      [
        1633675264, 
        "1"
      ], 
      [
        1633675309, 
        "1"
      ], 
      [
        1633675324, 
        "1"
      ], 
      [
        1633675339, 
        "4"
      ], 
      [
        1633675354, 
        "3"
      ], 
      [
        1633675369, 
        "9"
      ], 
      [
        1633675384, 
        "9"
      ], 
      [
        1633675399, 
        "8"
      ], 
      [
        1633675414, 
        "4"
      ]
    ]
  }, 
  "sync_blocks_recieved": {
    "metric": {
      "instance": "172.17.0.1:3033", 
      "job": "openethereum"
    },