{
  "stat": {
    "blockchaincache_size": {
      "max": 6397357.200000003, 
      "mean": 3865869.2, 
      "variance": 5698025880948.96, 
      "pvalue": 0.21965569582943806, 
      "min": 144194.40000000002
    }, 
    "kvdb_bytes_read": {
      "max": 1007129.7, 
      "mean": 617586.9808952382, 
      "variance": 68740385761.25275, 
      "pvalue": 8.295544670997125e-12, 
      "min": 353128.5
    }, 
    "sync_blocks_highest": {
      "max": 3.0, 
      "mean": 0.8571428571428571, 
      "variance": 0.979591836734694, 
      "pvalue": 0.9990803601079744, 
      "min": 0.0
    }, 
    "import_blocks": {
      "max": 3.0, 
      "mean": 1.1428571428571428, 
      "variance": 2.1224489795918373, 
      "pvalue": 0.9999999730756001, 
      "min": 0.0
    }, 
    "peer_stats": {
      "max": 25.0, 
      "mean": 20.5, 
      "variance": 31.45, 
      "pvalue": 1.9088338734933537e-09, 
      "min": 8.0
    }, 
    "sync_blocks_recieved": {
      "max": 1.5, 
      "mean": 0.7142857142857143, 
      "variance": 0.7755102040816324, 
      "pvalue": 0.8429051954665239, 
      "min": 0.0
    }, 
    "kvdb_bytes_write": {
      "max": 4571468.1, 
      "mean": 1346631.4707682538, 
      "variance": 9917674897372.717, 
      "pvalue": 0.6067205677056042, 
      "min": 0.0
    }
  }, 
  "blockchaincache_size": {
    "metric": {
      "__name__": "blockchaincache_size", 
      "job": "openethereum", 
      "instance": "172.17.0.1:3033"
    }, 
    "values": [
      [
        1633503984, 
        "5080464"
      ], 
      [
        1633503999, 
        "6240568"
      ], 
      [
        1633504014, 
        "6240568"
      ], 
      [
        1633504029, 
        "5210536"
      ], 
      [
        1633504044, 
        "5210536"
      ], 
      [
        1633504059, 
        "3794864"
      ], 
      [
        1633504074, 
        "5709056"
      ], 
      [
        1633504089, 
        "2264400"
      ], 
      [
        1633504104, 
        "2553064"
      ], 
      [
        1633504119, 
        "2912184"
      ], 
      [
        1633504134, 
        "3488280"
      ], 
      [
        1633504149, 
        "147888"
      ], 
      [
        1633504164, 
        "4679096"
      ], 
      [
        1633504179, 
        "4679096"
      ], 
      [
        1633504194, 
        "4679368"
      ], 
      [
        1633504209, 
        "4679640"
      ], 
      [
        1633504224, 
        "9376352"
      ], 
      [
        1633504254, 
        "75840"
      ], 
      [
        1633504269, 
        "147792"
      ], 
      [
        1633504284, 
        "147792"
      ]
    ]
  }, 
  "kvdb_bytes_read": {
    "metric": {
      "instance": "172.17.0.1:3033", 
      "job": "openethereum"
    }, 
    "values": [
      [
        1633503984, 
        "369748.7"
      ], 
      [
        1633503999, 
        "406702.8"
      ], 
      [
        1633504014, 
        "353128.5"
      ], 
      [
        1633504029, 
        "699514.6"
      ], 
      [
        1633504044, 
        "411612.3"
      ], 
      [
        1633504059, 
        "519540.7"
      ], 
      [
        1633504074, 
        "557249.2"
      ], 
      [
        1633504089, 
        "483199.9"
      ], 
      [
        1633504104, 
        "982906.8"
      ], 
      [
        1633504119, 
        "1007129.7"
      ], 
      [
        1633504134, 
        "1205123.1"
      ], 
      [
        1633504149, 
        "783814.4"
      ], 
      [
        1633504164, 
        "826729.2"
      ], 
      [
        1633504179, 
        "784929.6"
      ], 
      [
        1633504194, 
        "754274"
      ], 
      [
        1633504209, 
        "400001.1"
      ], 
      [
        1633504224, 
        "755389.8"
      ], 
      [
        1633504239, 
        "696571.4641333334"
      ], 
      [
        1633504254, 
        "489219.8346666667"
      ], 
      [
        1633504269, 
        "423650.1"
      ], 
      [
        1633504284, 
        "58890.8"
      ]
    ]
  }, 
  "sync_blocks_highest": {
    "metric": {
      "instance": "172.17.0.1:3033", 
      "job": "openethereum"
    }, 
    "values": [
      [
        1633503984, 
        "0"
      ], 
      [
        1633503999, 
        "0"
      ], 
      [
        1633504014, 
        "1.5"
      ], 
      [
        1633504029, 
        "1.5"
      ], 
      [
        1633504044, 
        "1.5"
      ], 
      [
        1633504059, 
        "1.5"
      ], 
      [
        1633504074, 
        "0"
      ], 
      [
        1633504089, 
        "0"
      ], 
      [
        1633504104, 
        "1.5"
      ], 
      [
        1633504119, 
        "0"
      ], 
      [
        1633504134, 
        "1.5"
      ], 
      [
        1633504149, 
        "3"
      ], 
      [
        1633504164, 
        "1.5"
      ], 
      [
        1633504179, 
        "0"
      ], 
      [
        1633504194, 
        "0"
      ], 
      [
        1633504209, 
        "1.5"
      ], 
      [
        1633504224, 
        "3"
      ], 
      [
        1633504239, 
        "0"
      ], 
      [
        1633504254, 
        "0"
      ], 
      [
        1633504269, 
        "0"
      ], 
      [
        1633504284, 
        "0"
      ]
    ]
  }, 
  "import_blocks": {
    "metric": {
      "instance": "172.17.0.1:3033", 
      "job": "openethereum"
    }, 
    "values": [
      [
        1633503984, 
        "0"
      ], 
      [
        1633503999, 
        "0"
      ], 
      [
        1633504014, 
        "0"
      ], 
      [
        1633504029, 
        "3"
      ], 
      [
        1633504044, 
        "0"
      ], 
      [
        1633504059, 
        "1.5"
      ], 
      [
        1633504074, 
        "1.5"
      ], 
      [
        1633504089, 
        "3"
      ], 
      [
        1633504104, 
        "1.5"
      ], 
      [
        1633504119, 
        "1.5"
      ], 
      [
        1633504134, 
        "6"
      ], 
      [
        1633504149, 
        "1.5"
      ], 
      [
        1633504164, 
        "0"
      ], 
      [
        1633504179, 
        "0"
      ], 
      [
        1633504194, 
        "1.5"
      ], 
      [
        1633504209, 
        "1.5"
      ], 
      [
        1633504224, 
        "0"
      ], 
      [
        1633504239, 
        "0"
      ], 
      [
        1633504254, 
        "0"
      ], 
      [
        1633504269, 
        "1.5"
      ], 
      [
        1633504284, 
        "0"
      ]
    ]
  }, 
  "peer_stats": {
    "metric": {
      "__name__": "net_peers", 
      "job": "openethereum", 
      "instance": "172.17.0.1:3033"
    }, 
    "values": [
      [
        1633503984, 
        "25"
      ], 
      [
        1633503999, 
        "22"
      ], 
      [
        1633504014, 
        "25"
      ], 
      [
        1633504029, 
        "25"
      ], 
      [
        1633504044, 
        "25"
      ], 
      [
        1633504059, 
        "23"
      ], 
      [
        1633504074, 
        "24"
      ], 
      [
        1633504089, 
        "23"
      ], 
      [
        1633504104, 
        "23"
      ], 
      [
        1633504119, 
        "23"
      ], 
      [
        1633504134, 
        "23"
      ], 
      [
        1633504149, 
        "23"
      ], 
      [
        1633504164, 
        "23"
      ], 
      [
        1633504179, 
        "23"
      ], 
      [
        1633504194, 
        "22"
      ], 
      [
        1633504209, 
        "18"
      ], 
      [
        1633504224, 
        "15"
      ], 
      [
        1633504254, 
        "9"
      ], 
      [
        1633504269, 
        "8"
      ], 
      [
        1633504284, 
        "8"
      ]
    ]
  }, 
  "sync_blocks_recieved": {
    "metric": {
      "instance": "172.17.0.1:3033", 
      "job": "openethereum"
    },