{
  "stat": {
    "blockchaincache_size": {
      "max": 44715051.19999992, 
      "mean": 11011473.263157895, 
      "variance": 314892038711668.3, 
      "pvalue": 0.0005554709598357141, 
      "min": 3548716.8
    }, 
    "kvdb_bytes_read": {
      "max": 1525167.205, 
      "mean": 735988.3055104834, 
      "variance": 230548124129.45587, 
      "pvalue": 5.778416881356914e-07, 
      "min": 100312.94295866668
    }, 
    "sync_blocks_highest": {
      "max": 3.0, 
      "mean": 1.2414200000000002, 
      "variance": 1.3174487115999995, 
      "pvalue": 0.9992311226969428, 
      "min": 0.0
    }, 
    "import_blocks": {
      "max": 6.0, 
      "mean": 2.39216, 
      "variance": 4.1347045024, 
      "pvalue": 0.010244408058444305, 
      "min": 0.0
    }, 
    "peer_stats": {
      "max": 25.0, 
      "mean": 18.473684210526315, 
      "variance": 14.249307479224372, 
      "pvalue": 9.854475685362051e-10, 
      "min": 13.6
    }, 
    "sync_blocks_recieved": {
      "max": 3.0, 
      "mean": 1.2414200000000002, 
      "variance": 1.3174487115999995, 
      "pvalue": 0.9997174116950934, 
      "min": 0.0
    }, 
    "kvdb_bytes_write": {
      "max": 6123635.465000006, 
      "mean": 1565132.3325833369, 
      "variance": 10346904371109.848, 
      "pvalue": 0.0087761225908014, 
      "min": 0.0
    }
  }, 
  "blockchaincache_size": {
    "metric": {
      "__name__": "blockchaincache_size", 
      "job": "openethereum", 
      "instance": "172.17.0.1:3033"
    }, 
    "values": [
      [
        1633505190, 
        "6841064"
      ], 
      [
        1633505205, 
        "6115664"
      ], 
      [
        1633505220, 
        "6142448"
      ], 
      [
        1633505235, 
        "6150960"
      ], 
      [
        1633505265, 
        "6178304"
      ], 
      [
        1633505280, 
        "6229384"
      ], 
      [
        1633505295, 
        "6268464"
      ], 
      [
        1633505310, 
        "6268464"
      ], 
      [
        1633505325, 
        "3684816"
      ], 
      [
        1633505340, 
        "3696208"
      ], 
      [
        1633505355, 
        "4212176"
      ], 
      [
        1633505370, 
        "4420000"
      ], 
      [
        1633505385, 
        "4433192"
      ], 
      [
        1633505400, 
        "5596232"
      ], 
      [
        1633505415, 
        "5597752"
      ], 
      [
        1633505430, 
        "5935984"
      ], 
      [
        1633505460, 
        "41003432"
      ], 
      [
        1633505475, 
        "78119624"
      ], 
      [
        1633505490, 
        "2323824"
      ]
    ]
  }, 
  "kvdb_bytes_read": {
    "metric": {
      "instance": "172.17.0.1:3033", 
      "job": "openethereum"
    }, 
    "values": [
      [
        1633505190, 
        "431860.1838896662"
      ], 
      [
        1633505205, 
        "627058.8"
      ], 
      [
        1633505220, 
        "811967.5"
      ], 
      [
        1633505235, 
        "733651.5"
      ], 
      [
        1633505250, 
        "167795.65376000002"
      ], 
      [
        1633505265, 
        "105541.6"
      ], 
      [
        1633505280, 
        "198813"
      ], 
      [
        1633505295, 
        "744405.7"
      ], 
      [
        1633505310, 
        "176291.5"
      ], 
      [
        1633505325, 
        "968.4591733333332"
      ], 
      [
        1633505340, 
        "225164.35178666664"
      ], 
      [
        1633505355, 
        "1435598.8"
      ], 
      [
        1633505370, 
        "1520563.4"
      ], 
      [
        1633505385, 
        "908992"
      ], 
      [
        1633505400, 
        "1179223.7"
      ], 
      [
        1633505415, 
        "1025318.3"
      ], 
      [
        1633505430, 
        "1612639.5"
      ], 
      [
        1633505445, 
        "1036435.4616000002"
      ], 
      [
        1633505475, 
        "720109.9"
      ], 
      [
        1633505490, 
        "1057366.8"
      ]
    ]
  }, 
  "sync_blocks_highest": {
    "metric": {
      "instance": "172.17.0.1:3033", 
      "job": "openethereum"
    }, 
    "values": [
      [
        1633505190, 
        "0"
      ], 
      [
        1633505205, 
        "1.5"
      ], 
      [
        1633505220, 
        "3"
      ], 
      [
        1633505235, 
        "1.5"
      ], 
      [
        1633505250, 
        "0"
      ], 
      [
        1633505265, 
        "3"
      ], 
      [
        1633505280, 
        "0"
      ], 
      [
        1633505295, 
        "3"
      ], 
      [
        1633505310, 
        "1.5"
      ], 
      [
        1633505325, 
        "2.3284"
      ], 
      [
        1633505340, 
        "0"
      ], 
      [
        1633505355, 
        "3"
      ], 
      [
        1633505370, 
        "0"
      ], 
      [
        1633505385, 
        "1.5"
      ], 
      [
        1633505400, 
        "1.5"
      ], 
      [
        1633505415, 
        "1.5"
      ], 
      [
        1633505430, 
        "0"
      ], 
      [
        1633505445, 
        "0"
      ], 
      [
        1633505475, 
        "0"
      ], 
      [
        1633505490, 
        "1.5"
      ]
    ]
  }, 
  "import_blocks": {
    "metric": {
      "instance": "172.17.0.1:3033", 
      "job": "openethereum"
    }, 
    "values": [
      [
        1633505190, 
        "0"
      ], 
      [
        1633505205, 
        "3"
      ], 
      [
        1633505220, 
        "1.5"
      ], 
      [
        1633505235, 
        "1.5"
      ], 
      [
        1633505250, 
        "1.6716000000000002"
      ], 
      [
        1633505265, 
        "0"
      ], 
      [
        1633505280, 
        "4.5"
      ], 
      [
        1633505295, 
        "1.5"
      ], 
      [
        1633505310, 
        "0"
      ], 
      [
        1633505325, 
        "0"
      ], 
      [
        1633505340, 
        "2.3284"
      ], 
      [
        1633505355, 
        "6"
      ], 
      [
        1633505370, 
        "6"
      ], 
      [
        1633505385, 
        "4.5"
      ], 
      [
        1633505400, 
        "3"
      ], 
      [
        1633505415, 
        "4.5"
      ], 
      [
        1633505430, 
        "4.5"
      ], 
      [
        1633505445, 
        "3.3432000000000004"
      ], 
      [
        1633505475, 
        "0"
      ], 
      [
        1633505490, 
        "0"
      ]
    ]
  }, 
  "peer_stats": {
    "metric": {
      "__name__": "net_peers", 
      "job": "openethereum", 
      "instance": "172.17.0.1:3033"
    }, 
    "values": [
      [
        1633505190, 
        "25"
      ], 
      [
        1633505205, 
        "25"
      ], 
      [
        1633505220, 
        "24"
      ], 
      [
        1633505235, 
        "24"
      ], 
      [
        1633505265, 
        "18"
      ], 
      [
        1633505280, 
        "20"
      ], 
      [
        1633505295, 
        "21"
      ], 
      [
        1633505310, 
        "17"
      ], 
      [
        1633505325, 
        "14"
      ], 
      [
        1633505340, 
        "18"
      ], 
      [
        1633505355, 
        "17"
      ], 
      [
        1633505370, 
        "17"
      ], 
      [
        1633505385, 
        "17"
      ], 
      [
        1633505400, 
        "17"
      ], 
      [
        1633505415, 
        "17"
      ], 
      [
        1633505430, 
        "17"
      ], 
      [
        1633505460, 
        "17"
      ], 
      [
        1633505475, 
        "16"
      ], 
      [
        1633505490, 
        "10"
      ]
    ]
  }, 
  "sync_blocks_recieved": {
    "metric": {
      "instance": "172.17.0.1:3033", 
      "job": "openethereum"
    },