{
  "stat": {
    "blockchaincache_size": {
      "max": 4804932.3999999985, 
      "mean": 2882677.3333333335, 
      "variance": 3166444449450.667, 
      "pvalue": 5.986632525205098e-05, 
      "min": 680165.2
    }, 
    "kvdb_bytes_read": {
      "max": 850671.8199999998, 
      "mean": 519535.58532210515, 
      "variance": 55614252521.12183, 
      "pvalue": 2.923891735933041e-07, 
      "min": 83599.66
    }, 
    "sync_blocks_highest": {
      "max": 3.0, 
      "mean": 1.105263157894737, 
      "variance": 1.1468144044321331, 
      "pvalue": 0.9999999983710872, 
      "min": 0.0
    }, 
    "import_blocks": {
      "max": 3.0, 
      "mean": 1.0353473684210526, 
      "variance": 1.2067003824930747, 
      "pvalue": 0.9999990674307476, 
      "min": 0.0
    }, 
    "peer_stats": {
      "max": 25.0, 
      "mean": 19.5, 
      "variance": 22.25, 
      "pvalue": 1.3697959553465262e-08, 
      "min": 11.85
    }, 
    "sync_blocks_recieved": {
      "max": 3.149999999999997, 
      "mean": 1.3421052631578947, 
      "variance": 1.6329639889196674, 
      "pvalue": 0.9788018360850146, 
      "min": 0.0
    }, 
    "kvdb_bytes_write": {
      "max": 618208.5199999999, 
      "mean": 229238.62768, 
      "variance": 57629292867.42194, 
      "pvalue": 0.33225589335584466, 
      "min": 0.0
    }
  }, 
  "blockchaincache_size": {
    "metric": {
      "__name__": "blockchaincache_size", 
      "job": "openethereum", 
      "instance": "172.17.0.1:3033"
    }, 
    "values": [
      [
        1633504885, 
        "520712"
      ], 
      [
        1633504900, 
        "708304"
      ], 
      [
        1633504915, 
        "708304"
      ], 
      [
        1633504930, 
        "995568"
      ], 
      [
        1633504945, 
        "995840"
      ], 
      [
        1633504975, 
        "1474000"
      ], 
      [
        1633505005, 
        "1475088"
      ], 
      [
        1633505020, 
        "2048800"
      ], 
      [
        1633505035, 
        "2365520"
      ], 
      [
        1633505050, 
        "2365520"
      ], 
      [
        1633505065, 
        "4651976"
      ], 
      [
        1633505095, 
        "4653080"
      ], 
      [
        1633505110, 
        "4653352"
      ], 
      [
        1633505125, 
        "4653352"
      ], 
      [
        1633505140, 
        "4653624"
      ], 
      [
        1633505155, 
        "4653624"
      ], 
      [
        1633505170, 
        "4654576"
      ], 
      [
        1633505185, 
        "5656952"
      ]
    ]
  }, 
  "kvdb_bytes_read": {
    "metric": {
      "instance": "172.17.0.1:3033", 
      "job": "openethereum"
    }, 
    "values": [
      [
        1633504885, 
        "84141.7"
      ], 
      [
        1633504900, 
        "206434.9"
      ], 
      [
        1633504915, 
        "553042.4"
      ], 
      [
        1633504930, 
        "605230.9"
      ], 
      [
        1633504945, 
        "714838.3"
      ], 
      [
        1633504975, 
        "540837.9"
      ], 
      [
        1633505005, 
        "524819.1"
      ], 
      [
        1633505020, 
        "840558"
      ], 
      [
        1633505035, 
        "824637.6"
      ], 
      [
        1633505050, 
        "78721.3"
      ], 
      [
        1633505065, 
        "373678.7"
      ], 
      [
        1633505080, 
        "382528.72112000006"
      ], 
      [
        1633505095, 
        "504725.1"
      ], 
      [
        1633505110, 
        "626804.5"
      ], 
      [
        1633505125, 
        "242417.1"
      ], 
      [
        1633505140, 
        "613330.4"
      ], 
      [
        1633505155, 
        "585657.3"
      ], 
      [
        1633505170, 
        "941696.2"
      ], 
      [
        1633505185, 
        "627076"
      ]
    ]
  }, 
  "sync_blocks_highest": {
    "metric": {
      "instance": "172.17.0.1:3033", 
      "job": "openethereum"
    }, 
    "values": [
      [
        1633504885, 
        "1.5"
      ], 
      [
        1633504900, 
        "0"
      ], 
      [
        1633504915, 
        "1.5"
      ], 
      [
        1633504930, 
        "1.5"
      ], 
      [
        1633504945, 
        "1.5"
      ], 
      [
        1633504975, 
        "1.5"
      ], 
      [
        1633505005, 
        "1.5"
      ], 
      [
        1633505020, 
        "3"
      ], 
      [
        1633505035, 
        "0"
      ], 
      [
        1633505050, 
        "3"
      ], 
      [
        1633505065, 
        "1.5"
      ], 
      [
        1633505080, 
        "0"
      ], 
      [
        1633505095, 
        "0"
      ], 
      [
        1633505110, 
        "0"
      ], 
      [
        1633505125, 
        "1.5"
      ], 
      [
        1633505140, 
        "0"
      ], 
      [
        1633505155, 
        "0"
      ], 
      [
        1633505170, 
        "3"
      ], 
      [
        1633505185, 
        "0"
      ]
    ]
  }, 
  "import_blocks": {
    "metric": {
      "instance": "172.17.0.1:3033", 
      "job": "openethereum"
    }, 
    "values": [
      [
        1633504885, 
        "0"
      ], 
      [
        1633504900, 
        "1.5"
      ], 
      [
        1633504915, 
        "0"
      ], 
      [
        1633504930, 
        "3"
      ], 
      [
        1633504945, 
        "0"
      ], 
      [
        1633504975, 
        "0"
      ], 
      [
        1633505005, 
        "3"
      ], 
      [
        1633505020, 
        "1.5"
      ], 
      [
        1633505035, 
        "3"
      ], 
      [
        1633505050, 
        "0"
      ], 
      [
        1633505065, 
        "0"
      ], 
      [
        1633505080, 
        "1.6716000000000002"
      ], 
      [
        1633505095, 
        "0"
      ], 
      [
        1633505110, 
        "1.5"
      ], 
      [
        1633505125, 
        "0"
      ], 
      [
        1633505140, 
        "1.5"
      ], 
      [
        1633505155, 
        "0"
      ], 
      [
        1633505170, 
        "1.5"
      ], 
      [
        1633505185, 
        "1.5"
      ]
    ]
  }, 
  "peer_stats": {
    "metric": {
      "__name__": "net_peers", 
      "job": "openethereum", 
      "instance": "172.17.0.1:3033"
    }, 
    "values": [
      [
        1633504885, 
        "23"
      ], 
      [
        1633504900, 
        "25"
      ], 
      [
        1633504915, 
        "25"
      ], 
      [
        1633504930, 
        "24"
      ], 
      [
        1633504945, 
        "24"
      ], 
      [
        1633504975, 
        "20"
      ], 
      [
        1633505005, 
        "18"
      ], 
      [
        1633505020, 
        "12"
      ], 
      [
        1633505035, 
        "11"
      ], 
      [
        1633505050, 
        "15"
      ], 
      [
        1633505065, 
        "16"
      ], 
      [
        1633505095, 
        "15"
      ], 
      [
        1633505110, 
        "15"
      ], 
      [
        1633505125, 
        "16"
      ], 
      [
        1633505140, 
        "19"
      ], 
      [
        1633505155, 
        "24"
      ], 
      [
        1633505170, 
        "25"
      ], 
      [
        1633505185, 
        "24"
      ]
    ]
  }, 
  "sync_blocks_recieved": {
    "metric": {
      "instance": "172.17.0.1:3033", 
      "job": "openethereum"
    },