{
  "stat": {
    "blockchaincache_size": {
      "max": 5294396.8, 
      "mean": 4706818.4, 
      "variance": 338205779367.04016, 
      "pvalue": 0.33242674863094845, 
      "min": 4567449.2
    }, 
    "kvdb_bytes_read": {
      "max": 1013087.5, 
      "mean": 448823.68293206365, 
      "variance": 109433141250.18452, 
      "pvalue": 2.310514365063972e-05, 
      "min": 93665.9
    }, 
    "sync_blocks_highest": {
      "max": 4.5, 
      "mean": 0.7142857142857143, 
      "variance": 2.0612244897959164, 
      "pvalue": 0.018412438372460174, 
      "min": 0.0
    }, 
    "import_blocks": {
      "max": 4.5, 
      "mean": 1.3571428571428572, 
      "variance": 3.836734693877549, 
      "pvalue": 0.4382239910003867, 
      "min": 0.0
    }, 
    "peer_stats": {
      "max": 3.1000000000000014, 
      "mean": 1.05, 
      "variance": 1.5474999999999999, 
      "pvalue": 5.6172818618938555e-15, 
      "min": 0.0
    }, 
    "sync_blocks_recieved": {
      "max": 3.0, 
      "mean": 0.2857142857142857, 
      "variance": 0.7755102040816323, 
      "pvalue": 0.00030716095485380774, 
      "min": 0.0
    }, 
    "kvdb_bytes_write": {
      "max": 1244216.7, 
      "mean": 457648.9000000001, 
      "variance": 453350218597.14874, 
      "pvalue": 0.4652239734499669, 
      "min": 0.0
    }
  }, 
  "blockchaincache_size": {
    "metric": {
      "__name__": "blockchaincache_size", 
      "job": "openethereum", 
      "instance": "172.17.0.1:3033"
    }, 
    "values": [
      [
        1633674811, 
        "2325472"
      ], 
      [
        1633674826, 
        "4685448"
      ], 
      [
        1633674841, 
        "4685448"
      ], 
      [
        1633674856, 
        "4685448"
      ], 
      [
        1633674871, 
        "4685448"
      ], 
      [
        1633674886, 
        "4685448"
      ], 
      [
        1633674901, 
        "4761184"
      ], 
      [
        1633674916, 
        "4761728"
      ], 
      [
        1633674946, 
        "4763648"
      ], 
      [
        1633674961, 
        "4764736"
      ], 
      [
        1633674976, 
        "4765552"
      ], 
      [
        1633674991, 
        "4766912"
      ], 
      [
        1633675006, 
        "4754168"
      ], 
      [
        1633675021, 
        "4754168"
      ], 
      [
        1633675036, 
        "4754704"
      ], 
      [
        1633675051, 
        "4826448"
      ], 
      [
        1633675066, 
        "4827136"
      ], 
      [
        1633675081, 
        "5294104"
      ], 
      [
        1633675096, 
        "5294376"
      ], 
      [
        1633675111, 
        "5294792"
      ]
    ]
  }, 
  "kvdb_bytes_read": {
    "metric": {
      "instance": "172.17.0.1:3033", 
      "job": "openethereum"
    }, 
    "values": [
      [
        1633674811, 
        "799505.8"
      ], 
      [
        1633674826, 
        "829181.7"
      ], 
      [
        1633674841, 
        "995765.1"
      ], 
      [
        1633674856, 
        "1013087.5"
      ], 
      [
        1633674871, 
        "879844.6"
      ], 
      [
        1633674886, 
        "1027335.4"
      ], 
      [
        1633674901, 
        "486766.7"
      ], 
      [
        1633674916, 
        "403771.38738666667"
      ], 
      [
        1633674931, 
        "200050.4"
      ], 
      [
        1633674946, 
        "127764.2"
      ], 
      [
        1633674961, 
        "141427.7"
      ], 
      [
        1633674976, 
        "334887.7"
      ], 
      [
        1633674991, 
        "159600.7"
      ], 
      [
        1633675006, 
        "188364.4"
      ], 
      [
        1633675021, 
        "177459.4"
      ], 
      [
        1633675036, 
        "382585.2"
      ], 
      [
        1633675051, 
        "93665.9"
      ], 
      [
        1633675066, 
        "487905.3"
      ], 
      [
        1633675081, 
        "6810.754186666667"
      ], 
      [
        1633675096, 
        "199280.2"
      ], 
      [
        1633675111, 
        "490237.3"
      ]
    ]
  }, 
  "sync_blocks_highest": {
    "metric": {
      "instance": "172.17.0.1:3033", 
      "job": "openethereum"
    }, 
    "values": [
      [
        1633674811, 
        "1.5"
      ], 
      [
        1633674826, 
        "4.5"
      ], 
      [
        1633674841, 
        "3"
      ], 
      [
        1633674856, 
        "1.5"
      ], 
      [
        1633674871, 
        "0"
      ], 
      [
        1633674886, 
        "4.5"
      ], 
      [
        1633674901, 
        "0"
      ], 
      [
        1633674916, 
        "0"
      ], 
      [
        1633674931, 
        "0"
      ], 
      [
        1633674946, 
        "0"
      ], 
      [
        1633674961, 
        "0"
      ], 
      [
        1633674976, 
        "0"
      ], 
      [
        1633674991, 
        "0"
      ], 
      [
        1633675006, 
        "0"
      ], 
      [
        1633675021, 
        "0"
      ], 
      [
        1633675036, 
        "0"
      ], 
      [
        1633675051, 
        "0"
      ], 
      [
        1633675066, 
        "0"
      ], 
      [
        1633675081, 
        "0"
      ], 
      [
        1633675096, 
        "0"
      ], 
      [
        1633675111, 
        "0"
      ]
    ]
  }, 
  "import_blocks": {
    "metric": {
      "instance": "172.17.0.1:3033", 
      "job": "openethereum"
    }, 
    "values": [
      [
        1633674811, 
        "0"
      ], 
      [
        1633674826, 
        "0"
      ], 
      [
        1633674841, 
        "0"
      ], 
      [
        1633674856, 
        "0"
      ], 
      [
        1633674871, 
        "0"
      ], 
      [
        1633674886, 
        "0"
      ], 
      [
        1633674901, 
        "4.5"
      ], 
      [
        1633674916, 
        "0"
      ], 
      [
        1633674931, 
        "0"
      ], 
      [
        1633674946, 
        "6"
      ], 
      [
        1633674961, 
        "4.5"
      ], 
      [
        1633674976, 
        "3"
      ], 
      [
        1633674991, 
        "4.5"
      ], 
      [
        1633675006, 
        "0"
      ], 
      [
        1633675021, 
        "0"
      ], 
      [
        1633675036, 
        "0"
      ], 
      [
        1633675051, 
        "0"
      ], 
      [
        1633675066, 
        "3"
      ], 
      [
        1633675081, 
        "0"
      ], 
      [
        1633675096, 
        "1.5"
      ], 
      [
        1633675111, 
        "1.5"
      ]
    ]
  }, 
  "peer_stats": {
    "metric": {
      "__name__": "net_peers", 
      "job": "openethereum", 
      "instance": "172.17.0.1:3033"
    }, 
    "values": [
      [
        1633674811, 
        "2"
      ], 
      [
        1633674826, 
        "2"
      ], 
      [
        1633674841, 
        "1"
      ], 
      [
        1633674856, 
        "1"
      ], 
      [
        1633674871, 
        "1"
      ], 
      [
        1633674886, 
        "1"
      ], 
      [
        1633674901, 
        "1"
      ], 
      [
        1633674916, 
        "1"
      ], 
      [
        1633674946, 
        "0"
      ], 
      [
        1633674961, 
        "0"
      ], 
      [
        1633674976, 
        "0"
      ], 
      [
        1633674991, 
        "0"
      ], 
      [
        1633675006, 
        "0"
      ], 
      [
        1633675021, 
        "0"
      ], 
      [
        1633675036, 
        "0"
      ], 
      [
        1633675051, 
        "5"
      ], 
      [
        1633675066, 
        "3"
      ], 
      [
        1633675081, 
        "1"
      ], 
      [
        1633675096, 
        "2"
      ], 
      [
        1633675111, 
        "0"
      ]
    ]
  }, 
  "sync_blocks_recieved": {
    "metric": {
      "instance": "172.17.0.1:3033", 
      "job": "openethereum"
    },