{
  "stat": {
    "blockchaincache_size": {
      "max": 9283448.0, 
      "mean": 5498443.047619048, 
      "variance": 4146154746462.3306, 
      "pvalue": 0.00011454178142221365, 
      "min": 2484200.0
    }, 
    "kvdb_bytes_read": {
      "max": 437008.1, 
      "mean": 226377.60952380951, 
      "variance": 23627003900.75325, 
      "pvalue": 0.05312121467291882, 
      "min": 30144.7
    }, 
    "sync_blocks_highest": {
      "max": 3.0, 
      "mean": 1.0714285714285714, 
      "variance": 1.7448979591836733, 
      "pvalue": 0.9999999942011228, 
      "min": 0.0
    }, 
    "import_blocks": {
      "max": 3.0, 
      "mean": 1.4285714285714286, 
      "variance": 2.030612244897958, 
      "pvalue": 0.4418224657305893, 
      "min": 0.0
    }, 
    "peer_stats": {
      "max": 30.0, 
      "mean": 28.428571428571427, 
      "variance": 1.4829931972789114, 
      "pvalue": 0.010099704135053681, 
      "min": 27.0
    }, 
    "sync_blocks_recieved": {
      "max": 3.0, 
      "mean": 1.0714285714285714, 
      "variance": 1.7448979591836733, 
      "pvalue": 0.9999999971653222, 
      "min": 0.0
    }, 
    "kvdb_bytes_write": {
      "max": 5042560.9, 
      "mean": 1353301.785714286, 
      "variance": 13372243325175.855, 
      "pvalue": 0.3593840703245413, 
      "min": 0.0
    }
  }, 
  "blockchaincache_size": {
    "metric": {
      "__name__": "blockchaincache_size", 
      "job": "openethereum", 
      "instance": "172.17.0.1:3033"
    }, 
    "values": [
      [
        1633474828, 
        "6221296"
      ], 
      [
        1633474843, 
        "6222256"
      ], 
      [
        1633474858, 
        "6222800"
      ], 
      [
        1633474873, 
        "6614048"
      ], 
      [
        1633474888, 
        "7190512"
      ], 
      [
        1633474903, 
        "2484200"
      ], 
      [
        1633474918, 
        "2771736"
      ], 
      [
        1633474933, 
        "2772696"
      ], 
      [
        1633474948, 
        "9360968"
      ], 
      [
        1633474963, 
        "9283448"
      ], 
      [
        1633474978, 
        "1227888"
      ], 
      [
        1633474993, 
        "3651744"
      ], 
      [
        1633475008, 
        "3652032"
      ], 
      [
        1633475023, 
        "6628272"
      ], 
      [
        1633475038, 
        "6628272"
      ], 
      [
        1633475053, 
        "5619192"
      ], 
      [
        1633475068, 
        "5762824"
      ], 
      [
        1633475083, 
        "5763096"
      ], 
      [
        1633475098, 
        "6115960"
      ], 
      [
        1633475113, 
        "5565080"
      ], 
      [
        1633475128, 
        "5708984"
      ]
    ]
  }, 
  "kvdb_bytes_read": {
    "metric": {
      "instance": "172.17.0.1:3033", 
      "job": "openethereum"
    }, 
    "values": [
      [
        1633474828, 
        "311951.5"
      ], 
      [
        1633474843, 
        "288216"
      ], 
      [
        1633474858, 
        "337745.1"
      ], 
      [
        1633474873, 
        "596275.8"
      ], 
      [
        1633474888, 
        "271542.5"
      ], 
      [
        1633474903, 
        "332351.4"
      ], 
      [
        1633474918, 
        "346460.5"
      ], 
      [
        1633474933, 
        "298154"
      ], 
      [
        1633474948, 
        "437008.1"
      ], 
      [
        1633474963, 
        "18443.4"
      ], 
      [
        1633474978, 
        "242408.7"
      ], 
      [
        1633474993, 
        "355082.7"
      ], 
      [
        1633475008, 
        "76449.8"
      ], 
      [
        1633475023, 
        "184214.2"
      ], 
      [
        1633475038, 
        "30144.7"
      ], 
      [
        1633475053, 
        "31587.5"
      ], 
      [
        1633475068, 
        "58465.6"
      ], 
      [
        1633475083, 
        "85062.8"
      ], 
      [
        1633475098, 
        "77610.7"
      ], 
      [
        1633475113, 
        "298017.2"
      ], 
      [
        1633475128, 
        "76737.6"
      ]
    ]
  }, 
  "sync_blocks_highest": {
    "metric": {
      "instance": "172.17.0.1:3033", 
      "job": "openethereum"
    }, 
    "values": [
      [
        1633474828, 
        "0"
      ], 
      [
        1633474843, 
        "3"
      ], 
      [
        1633474858, 
        "1.5"
      ], 
      [
        1633474873, 
        "1.5"
      ], 
      [
        1633474888, 
        "1.5"
      ], 
      [
        1633474903, 
        "1.5"
      ], 
      [
        1633474918, 
        "0"
      ], 
      [
        1633474933, 
        "0"
      ], 
      [
        1633474948, 
        "0"
      ], 
      [
        1633474963, 
        "0"
      ], 
      [
        1633474978, 
        "3"
      ], 
      [
        1633474993, 
        "0"
      ], 
      [
        1633475008, 
        "3"
      ], 
      [
        1633475023, 
        "0"
      ], 
      [
        1633475038, 
        "1.5"
      ], 
      [
        1633475053, 
        "0"
      ], 
      [
        1633475068, 
        "0"
      ], 
      [
        1633475083, 
        "0"
      ], 
      [
        1633475098, 
        "0"
      ], 
      [
        1633475113, 
        "1.5"
      ], 
      [
        1633475128, 
        "4.5"
      ]
    ]
  }, 
  "import_blocks": {
    "metric": {
      "instance": "172.17.0.1:3033", 
      "job": "openethereum"
    }, 
    "values": [
      [
        1633474828, 
        "3"
      ], 
      [
        1633474843, 
        "3"
      ], 
      [
        1633474858, 
        "1.5"
      ], 
      [
        1633474873, 
        "6"
      ], 
      [
        1633474888, 
        "1.5"
      ], 
      [
        1633474903, 
        "1.5"
      ], 
      [
        1633474918, 
        "3"
      ], 
      [
        1633474933, 
        "1.5"
      ], 
      [
        1633474948, 
        "1.5"
      ], 
      [
        1633474963, 
        "0"
      ], 
      [
        1633474978, 
        "0"
      ], 
      [
        1633474993, 
        "0"
      ], 
      [
        1633475008, 
        "1.5"
      ], 
      [
        1633475023, 
        "0"
      ], 
      [
        1633475038, 
        "0"
      ], 
      [
        1633475053, 
        "0"
      ], 
      [
        1633475068, 
        "1.5"
      ], 
      [
        1633475083, 
        "1.5"
      ], 
      [
        1633475098, 
        "1.5"
      ], 
      [
        1633475113, 
        "0"
      ], 
      [
        1633475128, 
        "1.5"
      ]
    ]
  }, 
  "peer_stats": {
    "metric": {
      "__name__": "net_peers", 
      "job": "openethereum", 
      "instance": "172.17.0.1:3033"
    }, 
    "values": [
      [
        1633474828, 
        "30"
      ], 
      [
        1633474843, 
        "30"
      ], 
      [
        1633474858, 
        "30"
      ], 
      [
        1633474873, 
        "30"
      ], 
      [
        1633474888, 
        "29"
      ], 
      [
        1633474903, 
        "29"
      ], 
      [
        1633474918, 
        "29"
      ], 
      [
        1633474933, 
        "29"
      ], 
      [
        1633474948, 
        "29"
      ], 
      [
        1633474963, 
        "29"
      ], 
      [
        1633474978, 
        "29"
      ], 
      [
        1633474993, 
        "29"
      ], 
      [
        1633475008, 
        "29"
      ], 
      [
        1633475023, 
        "27"
      ], 
      [
        1633475038, 
        "27"
      ], 
      [
        1633475053, 
        "27"
      ], 
      [
        1633475068, 
        "28"
      ], 
      [
        1633475083, 
        "27"
      ], 
      [
        1633475098, 
        "27"
      ], 
      [
        1633475113, 
        "27"
      ], 
      [
        1633475128, 
        "26"
      ]
    ]
  }, 
  "sync_blocks_recieved": {
    "metric": {
      "instance": "172.17.0.1:3033", 
      "job": "openethereum"
    },