{
  "stat": {
    "blockchaincache_size": {
      "max": 2784272.0, 
      "mean": 1412859.0476190476, 
      "variance": 4368502731876.4272, 
      "pvalue": 1.2377465532352184e-08, 
      "min": 147816.0
    }, 
    "kvdb_bytes_read": {
      "max": 363000.4, 
      "mean": 198863.40000000002, 
      "variance": 14278277660.767618, 
      "pvalue": 0.1493543934183688, 
      "min": 65537.4
    }, 
    "sync_blocks_highest": {
      "max": 1.5, 
      "mean": 1.1428571428571428, 
      "variance": 0.4081632653061225, 
      "pvalue": 0.1923081905726154, 
      "min": 0.0
    }, 
    "import_blocks": {
      "max": 6.0, 
      "mean": 2.0, 
      "variance": 3.2857142857142856, 
      "pvalue": 0.007285665559801985, 
      "min": 0.0
    }, 
    "peer_stats": {
      "max": 32.0, 
      "mean": 30.571428571428573, 
      "variance": 1.959183673469388, 
      "pvalue": 6.293891302112454e-09, 
      "min": 29.0
    }, 
    "sync_blocks_recieved": {
      "max": 1.5, 
      "mean": 1.1428571428571428, 
      "variance": 0.4081632653061225, 
      "pvalue": 0.1981803424481114, 
      "min": 0.0
    }, 
    "kvdb_bytes_write": {
      "max": 1197104.8, 
      "mean": 762281.5142857142, 
      "variance": 2340906951216.917, 
      "pvalue": 0.05524902302009021, 
      "min": 0.0
    }
  }, 
  "blockchaincache_size": {
    "metric": {
      "__name__": "blockchaincache_size", 
      "job": "openethereum", 
      "instance": "172.17.0.1:3033"
    }, 
    "values": [
      [
        1633604375, 
        "1631464"
      ], 
      [
        1633604390, 
        "1632296"
      ], 
      [
        1633604405, 
        "1633520"
      ], 
      [
        1633604420, 
        "1633792"
      ], 
      [
        1633604435, 
        "1635168"
      ], 
      [
        1633604450, 
        "2782896"
      ], 
      [
        1633604465, 
        "2783456"
      ], 
      [
        1633604480, 
        "2784272"
      ], 
      [
        1633604495, 
        "9790456"
      ], 
      [
        1633604510, 
        "744"
      ], 
      [
        1633604525, 
        "147816"
      ], 
      [
        1633604540, 
        "220056"
      ], 
      [
        1633604555, 
        "220328"
      ], 
      [
        1633604570, 
        "220328"
      ], 
      [
        1633604585, 
        "220328"
      ], 
      [
        1633604600, 
        "220600"
      ], 
      [
        1633604615, 
        "364232"
      ], 
      [
        1633604630, 
        "364776"
      ], 
      [
        1633604645, 
        "365456"
      ], 
      [
        1633604660, 
        "365456"
      ], 
      [
        1633604675, 
        "652600"
      ]
    ]
  }, 
  "kvdb_bytes_read": {
    "metric": {
      "instance": "172.17.0.1:3033", 
      "job": "openethereum"
    }, 
    "values": [
      [
        1633604375, 
        "359984.3"
      ], 
      [
        1633604390, 
        "283571.6"
      ], 
      [
        1633604405, 
        "336992.3"
      ], 
      [
        1633604420, 
        "363000.4"
      ], 
      [
        1633604435, 
        "353499.6"
      ], 
      [
        1633604450, 
        "317700.8"
      ], 
      [
        1633604465, 
        "381665.4"
      ], 
      [
        1633604480, 
        "243526.1"
      ], 
      [
        1633604495, 
        "316510.9"
      ], 
      [
        1633604510, 
        "209444.4"
      ], 
      [
        1633604525, 
        "83925"
      ], 
      [
        1633604540, 
        "81494"
      ], 
      [
        1633604555, 
        "102629.9"
      ], 
      [
        1633604570, 
        "101302.2"
      ], 
      [
        1633604585, 
        "87777.7"
      ], 
      [
        1633604600, 
        "42934.5"
      ], 
      [
        1633604615, 
        "147637.3"
      ], 
      [
        1633604630, 
        "116749"
      ], 
      [
        1633604645, 
        "96390.2"
      ], 
      [
        1633604660, 
        "65537.4"
      ], 
      [
        1633604675, 
        "83858.4"
      ]
    ]
  }, 
  "sync_blocks_highest": {
    "metric": {
      "instance": "172.17.0.1:3033", 
      "job": "openethereum"
    }, 
    "values": [
      [
        1633604375, 
        "0"
      ], 
      [
        1633604390, 
        "1.5"
      ], 
      [
        1633604405, 
        "1.5"
      ], 
      [
        1633604420, 
        "1.5"
      ], 
      [
        1633604435, 
        "1.5"
      ], 
      [
        1633604450, 
        "1.5"
      ], 
      [
        1633604465, 
        "1.5"
      ], 
      [
        1633604480, 
        "0"
      ], 
      [
        1633604495, 
        "0"
      ], 
      [
        1633604510, 
        "1.5"
      ], 
      [
        1633604525, 
        "1.5"
      ], 
      [
        1633604540, 
        "1.5"
      ], 
      [
        1633604555, 
        "1.5"
      ], 
      [
        1633604570, 
        "1.5"
      ], 
      [
        1633604585, 
        "1.5"
      ], 
      [
        1633604600, 
        "0"
      ], 
      [
        1633604615, 
        "1.5"
      ], 
      [
        1633604630, 
        "1.5"
      ], 
      [
        1633604645, 
        "1.5"
      ], 
      [
        1633604660, 
        "0"
      ], 
      [
        1633604675, 
        "1.5"
      ]
    ]
  }, 
  "import_blocks": {
    "metric": {
      "instance": "172.17.0.1:3033", 
      "job": "openethereum"
    }, 
    "values": [
      [
        1633604375, 
        "6"
      ], 
      [
        1633604390, 
        "3"
      ], 
      [
        1633604405, 
        "3"
      ], 
      [
        1633604420, 
        "1.5"
      ], 
      [
        1633604435, 
        "6"
      ], 
      [
        1633604450, 
        "1.5"
      ], 
      [
        1633604465, 
        "3"
      ], 
      [
        1633604480, 
        "3"
      ], 
      [
        1633604495, 
        "4.5"
      ], 
      [
        1633604510, 
        "0"
      ], 
      [
        1633604525, 
        "1.5"
      ], 
      [
        1633604540, 
        "1.5"
      ], 
      [
        1633604555, 
        "1.5"
      ], 
      [
        1633604570, 
        "0"
      ], 
      [
        1633604585, 
        "0"
      ], 
      [
        1633604600, 
        "0"
      ], 
      [
        1633604615, 
        "1.5"
      ], 
      [
        1633604630, 
        "3"
      ], 
      [
        1633604645, 
        "1.5"
      ], 
      [
        1633604660, 
        "0"
      ], 
      [
        1633604675, 
        "0"
      ]
    ]
  }, 
  "peer_stats": {
    "metric": {
      "__name__": "net_peers", 
      "job": "openethereum", 
      "instance": "172.17.0.1:3033"
    }, 
    "values": [
      [
        1633604375, 
        "32"
      ], 
      [
        1633604390, 
        "32"
      ], 
      [
        1633604405, 
        "32"
      ], 
      [
        1633604420, 
        "32"
      ], 
      [
        1633604435, 
        "32"
      ], 
      [
        1633604450, 
        "32"
      ], 
      [
        1633604465, 
        "32"
      ], 
      [
        1633604480, 
        "32"
      ], 
      [
        1633604495, 
        "32"
      ], 
      [
        1633604510, 
        "32"
      ], 
      [
        1633604525, 
        "30"
      ], 
      [
        1633604540, 
        "29"
      ], 
      [
        1633604555, 
        "29"
      ], 
      [
        1633604570, 
        "29"
      ], 
      [
        1633604585, 
        "29"
      ], 
      [
        1633604600, 
        "29"
      ], 
      [
        1633604615, 
        "30"
      ], 
      [
        1633604630, 
        "29"
      ], 
      [
        1633604645, 
        "29"
      ], 
      [
        1633604660, 
        "30"
      ], 
      [
        1633604675, 
        "29"
      ]
    ]
  }, 
  "sync_blocks_recieved": {
    "metric": {
      "instance": "172.17.0.1:3033", 
      "job": "openethereum"
    },