{
  "stat": {
    "blockchaincache_size": {
      "max": 7989136.0, 
      "mean": 6161894.095238095, 
      "variance": 1335326293570.4668, 
      "pvalue": 5.94779297784748e-07, 
      "min": 4201328.0
    }, 
    "kvdb_bytes_read": {
      "max": 456447.4, 
      "mean": 242467.3238095238, 
      "variance": 20349636110.78467, 
      "pvalue": 0.07355522439548971, 
      "min": 72731.9
    }, 
    "sync_blocks_highest": {
      "max": 3.0, 
      "mean": 1.4285714285714286, 
      "variance": 1.6020408163265307, 
      "pvalue": 0.7826960368973429, 
      "min": 0.0
    }, 
    "import_blocks": {
      "max": 3.0, 
      "mean": 1.3571428571428572, 
      "variance": 1.908163265306122, 
      "pvalue": 0.9903836867971776, 
      "min": 0.0
    }, 
    "peer_stats": {
      "max": 30.0, 
      "mean": 29.714285714285715, 
      "variance": 0.20408163265306106, 
      "pvalue": 5.5309833484772335e-08, 
      "min": 29.0
    }, 
    "sync_blocks_recieved": {
      "max": 3.0, 
      "mean": 1.4285714285714286, 
      "variance": 1.6020408163265307, 
      "pvalue": 0.7763468753666688, 
      "min": 0.0
    }, 
    "kvdb_bytes_write": {
      "max": 575831.5, 
      "mean": 262142.11428571425, 
      "variance": 67099749330.9536, 
      "pvalue": 0.35763159189676363, 
      "min": 0.0
    }
  }, 
  "blockchaincache_size": {
    "metric": {
      "__name__": "blockchaincache_size", 
      "job": "openethereum", 
      "instance": "172.17.0.1:3033"
    }, 
    "values": [
      [
        1633474527, 
        "6132464"
      ], 
      [
        1633474542, 
        "7989136"
      ], 
      [
        1633474557, 
        "7530216"
      ], 
      [
        1633474572, 
        "5661944"
      ], 
      [
        1633474587, 
        "5661944"
      ], 
      [
        1633474602, 
        "5734320"
      ], 
      [
        1633474617, 
        "7033952"
      ], 
      [
        1633474632, 
        "8147672"
      ], 
      [
        1633474647, 
        "7421616"
      ], 
      [
        1633474662, 
        "5853328"
      ], 
      [
        1633474677, 
        "5853328"
      ], 
      [
        1633474692, 
        "5925552"
      ], 
      [
        1633474707, 
        "6630032"
      ], 
      [
        1633474722, 
        "6898040"
      ], 
      [
        1633474737, 
        "4200512"
      ], 
      [
        1633474752, 
        "4201328"
      ], 
      [
        1633474767, 
        "4489280"
      ], 
      [
        1633474782, 
        "4489824"
      ], 
      [
        1633474797, 
        "7390376"
      ], 
      [
        1633474812, 
        "5933616"
      ], 
      [
        1633474827, 
        "6221296"
      ]
    ]
  }, 
  "kvdb_bytes_read": {
    "metric": {
      "instance": "172.17.0.1:3033", 
      "job": "openethereum"
    }, 
    "values": [
      [
        1633474527, 
        "72162.3"
      ], 
      [
        1633474542, 
        "293229.6"
      ], 
      [
        1633474557, 
        "168460.8"
      ], 
      [
        1633474572, 
        "110344.6"
      ], 
      [
        1633474587, 
        "108794.2"
      ], 
      [
        1633474602, 
        "83371.9"
      ], 
      [
        1633474617, 
        "296659.9"
      ], 
      [
        1633474632, 
        "129610.2"
      ], 
      [
        1633474647, 
        "168015.6"
      ], 
      [
        1633474662, 
        "72731.9"
      ], 
      [
        1633474677, 
        "96170.9"
      ], 
      [
        1633474692, 
        "183955.2"
      ], 
      [
        1633474707, 
        "135385"
      ], 
      [
        1633474722, 
        "382604.9"
      ], 
      [
        1633474737, 
        "382291.5"
      ], 
      [
        1633474752, 
        "374430.5"
      ], 
      [
        1633474767, 
        "376496.7"
      ], 
      [
        1633474782, 
        "309011.3"
      ], 
      [
        1633474797, 
        "579687.9"
      ], 
      [
        1633474812, 
        "456447.4"
      ], 
      [
        1633474827, 
        "311951.5"
      ]
    ]
  }, 
  "sync_blocks_highest": {
    "metric": {
      "instance": "172.17.0.1:3033", 
      "job": "openethereum"
    }, 
    "values": [
      [
        1633474527, 
        "0"
      ], 
      [
        1633474542, 
        "1.5"
      ], 
      [
        1633474557, 
        "1.5"
      ], 
      [
        1633474572, 
        "0"
      ], 
      [
        1633474587, 
        "0"
      ], 
      [
        1633474602, 
        "3"
      ], 
      [
        1633474617, 
        "1.5"
      ], 
      [
        1633474632, 
        "1.5"
      ], 
      [
        1633474647, 
        "1.5"
      ], 
      [
        1633474662, 
        "1.5"
      ], 
      [
        1633474677, 
        "4.5"
      ], 
      [
        1633474692, 
        "1.5"
      ], 
      [
        1633474707, 
        "1.5"
      ], 
      [
        1633474722, 
        "0"
      ], 
      [
        1633474737, 
        "3"
      ], 
      [
        1633474752, 
        "3"
      ], 
      [
        1633474767, 
        "0"
      ], 
      [
        1633474782, 
        "1.5"
      ], 
      [
        1633474797, 
        "0"
      ], 
      [
        1633474812, 
        "3"
      ], 
      [
        1633474827, 
        "0"
      ]
    ]
  }, 
  "import_blocks": {
    "metric": {
      "instance": "172.17.0.1:3033", 
      "job": "openethereum"
    }, 
    "values": [
      [
        1633474527, 
        "0"
      ], 
      [
        1633474542, 
        "0"
      ], 
      [
        1633474557, 
        "1.5"
      ], 
      [
        1633474572, 
        "0"
      ], 
      [
        1633474587, 
        "0"
      ], 
      [
        1633474602, 
        "1.5"
      ], 
      [
        1633474617, 
        "0"
      ], 
      [
        1633474632, 
        "1.5"
      ], 
      [
        1633474647, 
        "0"
      ], 
      [
        1633474662, 
        "0"
      ], 
      [
        1633474677, 
        "0"
      ], 
      [
        1633474692, 
        "3"
      ], 
      [
        1633474707, 
        "0"
      ], 
      [
        1633474722, 
        "1.5"
      ], 
      [
        1633474737, 
        "3"
      ], 
      [
        1633474752, 
        "1.5"
      ], 
      [
        1633474767, 
        "4.5"
      ], 
      [
        1633474782, 
        "1.5"
      ], 
      [
        1633474797, 
        "3"
      ], 
      [
        1633474812, 
        "3"
      ], 
      [
        1633474827, 
        "3"
      ]
    ]
  }, 
  "peer_stats": {
    "metric": {
      "__name__": "net_peers", 
      "job": "openethereum", 
      "instance": "172.17.0.1:3033"
    }, 
    "values": [
      [
        1633474527, 
        "29"
      ], 
      [
        1633474542, 
        "29"
      ], 
      [
        1633474557, 
        "29"
      ], 
      [
        1633474572, 
        "29"
      ], 
      [
        1633474587, 
        "29"
      ], 
      [
        1633474602, 
        "29"
      ], 
      [
        1633474617, 
        "30"
      ], 
      [
        1633474632, 
        "30"
      ], 
      [
        1633474647, 
        "30"
      ], 
      [
        1633474662, 
        "30"
      ], 
      [
        1633474677, 
        "30"
      ], 
      [
        1633474692, 
        "30"
      ], 
      [
        1633474707, 
        "30"
      ], 
      [
        1633474722, 
        "30"
      ], 
      [
        1633474737, 
        "30"
      ], 
      [
        1633474752, 
        "30"
      ], 
      [
        1633474767, 
        "30"
      ], 
      [
        1633474782, 
        "30"
      ], 
      [
        1633474797, 
        "30"
      ], 
      [
        1633474812, 
        "30"
      ], 
      [
        1633474827, 
        "30"
      ]
    ]
  }, 
  "sync_blocks_recieved": {
    "metric": {
      "instance": "172.17.0.1:3033", 
      "job": "openethereum"
    },