{
  "stat": {
    "blockchaincache_size": {
      "max": 6198312.0, 
      "mean": 5276759.619047619, 
      "variance": 209314669637.9501, 
      "pvalue": 9.833656093420796e-07, 
      "min": 4769688.0
    }, 
    "kvdb_bytes_read": {
      "max": 296584.6, 
      "mean": 143693.38571428572, 
      "variance": 6505950051.370748, 
      "pvalue": 0.2967327070669844, 
      "min": 59881.2
    }, 
    "sync_blocks_highest": {
      "max": 4.5, 
      "mean": 1.4285714285714286, 
      "variance": 2.4591836734693873, 
      "pvalue": 0.9920032809359466, 
      "min": 0.0
    }, 
    "import_blocks": {
      "max": 3.0, 
      "mean": 1.2142857142857142, 
      "variance": 1.8469387755102045, 
      "pvalue": 0.8034753657507565, 
      "min": 0.0
    }, 
    "peer_stats": {
      "max": 31.0, 
      "mean": 29.80952380952381, 
      "variance": 0.43990929705215365, 
      "pvalue": 6.966139637566585e-07, 
      "min": 29.0
    }, 
    "sync_blocks_recieved": {
      "max": 4.5, 
      "mean": 1.4285714285714286, 
      "variance": 2.4591836734693873, 
      "pvalue": 0.9910579322844855, 
      "min": 0.0
    }, 
    "kvdb_bytes_write": {
      "max": 854372.2, 
      "mean": 286460.14285714284, 
      "variance": 98840941002.15291, 
      "pvalue": 0.929611851555519, 
      "min": 0.0
    }
  }, 
  "blockchaincache_size": {
    "metric": {
      "__name__": "blockchaincache_size", 
      "job": "openethereum", 
      "instance": "172.17.0.1:3033"
    }, 
    "values": [
      [
        1633475732, 
        "4769688"
      ], 
      [
        1633475747, 
        "4769688"
      ], 
      [
        1633475762, 
        "4914608"
      ], 
      [
        1633475777, 
        "4914608"
      ], 
      [
        1633475792, 
        "4914840"
      ], 
      [
        1633475807, 
        "4915112"
      ], 
      [
        1633475822, 
        "4915400"
      ], 
      [
        1633475837, 
        "4915672"
      ], 
      [
        1633475852, 
        "5202664"
      ], 
      [
        1633475867, 
        "5202664"
      ], 
      [
        1633475882, 
        "5202664"
      ], 
      [
        1633475897, 
        "5202936"
      ], 
      [
        1633475912, 
        "5204160"
      ], 
      [
        1633475927, 
        "5204160"
      ], 
      [
        1633475942, 
        "5204432"
      ], 
      [
        1633475957, 
        "5204976"
      ], 
      [
        1633475972, 
        "5778688"
      ], 
      [
        1633475987, 
        "5779512"
      ], 
      [
        1633476002, 
        "6198312"
      ], 
      [
        1633476017, 
        "6198312"
      ], 
      [
        1633476032, 
        "6198856"
      ]
    ]
  }, 
  "kvdb_bytes_read": {
    "metric": {
      "instance": "172.17.0.1:3033", 
      "job": "openethereum"
    }, 
    "values": [
      [
        1633475732, 
        "128481.9"
      ], 
      [
        1633475747, 
        "62767.3"
      ], 
      [
        1633475762, 
        "296584.6"
      ], 
      [
        1633475777, 
        "324860.4"
      ], 
      [
        1633475792, 
        "81653.8"
      ], 
      [
        1633475807, 
        "163929.3"
      ], 
      [
        1633475822, 
        "104287"
      ], 
      [
        1633475837, 
        "130027.8"
      ], 
      [
        1633475852, 
        "171499.3"
      ], 
      [
        1633475867, 
        "60228.9"
      ], 
      [
        1633475882, 
        "44931.7"
      ], 
      [
        1633475897, 
        "92257.7"
      ], 
      [
        1633475912, 
        "133985.5"
      ], 
      [
        1633475927, 
        "145446"
      ], 
      [
        1633475942, 
        "87282.6"
      ], 
      [
        1633475957, 
        "113674.5"
      ], 
      [
        1633475972, 
        "152318.3"
      ], 
      [
        1633475987, 
        "260820.2"
      ], 
      [
        1633476002, 
        "112242.6"
      ], 
      [
        1633476017, 
        "59881.2"
      ], 
      [
        1633476032, 
        "290400.5"
      ]
    ]
  }, 
  "sync_blocks_highest": {
    "metric": {
      "instance": "172.17.0.1:3033", 
      "job": "openethereum"
    }, 
    "values": [
      [
        1633475732, 
        "1.5"
      ], 
      [
        1633475747, 
        "6"
      ], 
      [
        1633475762, 
        "0"
      ], 
      [
        1633475777, 
        "1.5"
      ], 
      [
        1633475792, 
        "0"
      ], 
      [
        1633475807, 
        "1.5"
      ], 
      [
        1633475822, 
        "3"
      ], 
      [
        1633475837, 
        "0"
      ], 
      [
        1633475852, 
        "0"
      ], 
      [
        1633475867, 
        "0"
      ], 
      [
        1633475882, 
        "0"
      ], 
      [
        1633475897, 
        "1.5"
      ], 
      [
        1633475912, 
        "1.5"
      ], 
      [
        1633475927, 
        "1.5"
      ], 
      [
        1633475942, 
        "1.5"
      ], 
      [
        1633475957, 
        "1.5"
      ], 
      [
        1633475972, 
        "0"
      ], 
      [
        1633475987, 
        "1.5"
      ], 
      [
        1633476002, 
        "4.5"
      ], 
      [
        1633476017, 
        "3"
      ], 
      [
        1633476032, 
        "0"
      ]
    ]
  }, 
  "import_blocks": {
    "metric": {
      "instance": "172.17.0.1:3033", 
      "job": "openethereum"
    }, 
    "values": [
      [
        1633475732, 
        "1.5"
      ], 
      [
        1633475747, 
        "0"
      ], 
      [
        1633475762, 
        "3"
      ], 
      [
        1633475777, 
        "0"
      ], 
      [
        1633475792, 
        "0"
      ], 
      [
        1633475807, 
        "1.5"
      ], 
      [
        1633475822, 
        "1.5"
      ], 
      [
        1633475837, 
        "1.5"
      ], 
      [
        1633475852, 
        "1.5"
      ], 
      [
        1633475867, 
        "0"
      ], 
      [
        1633475882, 
        "0"
      ], 
      [
        1633475897, 
        "1.5"
      ], 
      [
        1633475912, 
        "6"
      ], 
      [
        1633475927, 
        "0"
      ], 
      [
        1633475942, 
        "0"
      ], 
      [
        1633475957, 
        "1.5"
      ], 
      [
        1633475972, 
        "1.5"
      ], 
      [
        1633475987, 
        "1.5"
      ], 
      [
        1633476002, 
        "1.5"
      ], 
      [
        1633476017, 
        "0"
      ], 
      [
        1633476032, 
        "1.5"
      ]
    ]
  }, 
  "peer_stats": {
    "metric": {
      "__name__": "net_peers", 
      "job": "openethereum", 
      "instance": "172.17.0.1:3033"
    }, 
    "values": [
      [
        1633475732, 
        "28"
      ], 
      [
        1633475747, 
        "30"
      ], 
      [
        1633475762, 
        "31"
      ], 
      [
        1633475777, 
        "31"
      ], 
      [
        1633475792, 
        "29"
      ], 
      [
        1633475807, 
        "29"
      ], 
      [
        1633475822, 
        "29"
      ], 
      [
        1633475837, 
        "29"
      ], 
      [
        1633475852, 
        "30"
      ], 
      [
        1633475867, 
        "30"
      ], 
      [
        1633475882, 
        "30"
      ], 
      [
        1633475897, 
        "30"
      ], 
      [
        1633475912, 
        "30"
      ], 
      [
        1633475927, 
        "30"
      ], 
      [
        1633475942, 
        "30"
      ], 
      [
        1633475957, 
        "30"
      ], 
      [
        1633475972, 
        "30"
      ], 
      [
        1633475987, 
        "30"
      ], 
      [
        1633476002, 
        "30"
      ], 
      [
        1633476017, 
        "30"
      ], 
      [
        1633476032, 
        "30"
      ]
    ]
  }, 
  "sync_blocks_recieved": {
    "metric": {
      "instance": "172.17.0.1:3033", 
      "job": "openethereum"
    },