{
  "stat": {
    "blockchaincache_size": {
      "max": 8145304.0, 
      "mean": 5942413.333333333, 
      "variance": 2817141323710.9844, 
      "pvalue": 4.971141539342772e-05, 
      "min": 4193616.0
    }, 
    "kvdb_bytes_read": {
      "max": 372032.6, 
      "mean": 162129.4904761905, 
      "variance": 19990461774.737053, 
      "pvalue": 0.5184399503078755, 
      "min": 15396.6
    }, 
    "sync_blocks_highest": {
      "max": 3.0, 
      "mean": 0.8571428571428571, 
      "variance": 1.1938775510204078, 
      "pvalue": 0.9825597832015779, 
      "min": 0.0
    }, 
    "import_blocks": {
      "max": 1.5, 
      "mean": 0.7142857142857143, 
      "variance": 1.204081632653062, 
      "pvalue": 0.7173784600128592, 
      "min": 0.0
    }, 
    "peer_stats": {
      "max": 29.0, 
      "mean": 27.0, 
      "variance": 2.5714285714285716, 
      "pvalue": 0.20537492691112288, 
      "min": 25.0
    }, 
    "sync_blocks_recieved": {
      "max": 3.0, 
      "mean": 0.9285714285714286, 
      "variance": 1.1734693877551017, 
      "pvalue": 0.9999999971653222, 
      "min": 0.0
    }, 
    "kvdb_bytes_write": {
      "max": 2162055.2, 
      "mean": 800198.6904761905, 
      "variance": 3997624331058.487, 
      "pvalue": 0.9358656944093304, 
      "min": 0.0
    }
  }, 
  "blockchaincache_size": {
    "metric": {
      "__name__": "blockchaincache_size", 
      "job": "openethereum", 
      "instance": "172.17.0.1:3033"
    }, 
    "values": [
      [
        1633475428, 
        "8145304"
      ], 
      [
        1633475443, 
        "6040152"
      ], 
      [
        1633475458, 
        "6040712"
      ], 
      [
        1633475473, 
        "1160240"
      ], 
      [
        1633475488, 
        "9275520"
      ], 
      [
        1633475503, 
        "4648688"
      ], 
      [
        1633475518, 
        "6891048"
      ], 
      [
        1633475533, 
        "7609776"
      ], 
      [
        1633475548, 
        "5806536"
      ], 
      [
        1633475563, 
        "5806536"
      ], 
      [
        1633475578, 
        "5806536"
      ], 
      [
        1633475593, 
        "6548872"
      ], 
      [
        1633475608, 
        "6335776"
      ], 
      [
        1633475623, 
        "4193616"
      ], 
      [
        1633475638, 
        "4608808"
      ], 
      [
        1633475653, 
        "5126336"
      ], 
      [
        1633475668, 
        "6079616"
      ], 
      [
        1633475683, 
        "7131080"
      ], 
      [
        1633475698, 
        "8068104"
      ], 
      [
        1633475713, 
        "4697736"
      ], 
      [
        1633475728, 
        "4769688"
      ]
    ]
  }, 
  "kvdb_bytes_read": {
    "metric": {
      "instance": "172.17.0.1:3033", 
      "job": "openethereum"
    }, 
    "values": [
      [
        1633475428, 
        "318292.7"
      ], 
      [
        1633475443, 
        "352383.1"
      ], 
      [
        1633475458, 
        "352434.7"
      ], 
      [
        1633475473, 
        "527248.8"
      ], 
      [
        1633475488, 
        "15396.6"
      ], 
      [
        1633475503, 
        "8837.1"
      ], 
      [
        1633475518, 
        "178710"
      ], 
      [
        1633475533, 
        "109556.4"
      ], 
      [
        1633475548, 
        "38892.9"
      ], 
      [
        1633475563, 
        "40002.6"
      ], 
      [
        1633475578, 
        "40697.8"
      ], 
      [
        1633475593, 
        "372032.6"
      ], 
      [
        1633475608, 
        "236417.2"
      ], 
      [
        1633475623, 
        "51481.3"
      ], 
      [
        1633475638, 
        "47047.5"
      ], 
      [
        1633475653, 
        "121587.4"
      ], 
      [
        1633475668, 
        "86267.9"
      ], 
      [
        1633475683, 
        "99864.3"
      ], 
      [
        1633475698, 
        "203376.6"
      ], 
      [
        1633475713, 
        "74505.6"
      ], 
      [
        1633475728, 
        "129686.2"
      ]
    ]
  }, 
  "sync_blocks_highest": {
    "metric": {
      "instance": "172.17.0.1:3033", 
      "job": "openethereum"
    }, 
    "values": [
      [
        1633475428, 
        "0"
      ], 
      [
        1633475443, 
        "1.5"
      ], 
      [
        1633475458, 
        "1.5"
      ], 
      [
        1633475473, 
        "1.5"
      ], 
      [
        1633475488, 
        "0"
      ], 
      [
        1633475503, 
        "0"
      ], 
      [
        1633475518, 
        "3"
      ], 
      [
        1633475533, 
        "0"
      ], 
      [
        1633475548, 
        "0"
      ], 
      [
        1633475563, 
        "3"
      ], 
      [
        1633475578, 
        "0"
      ], 
      [
        1633475593, 
        "0"
      ], 
      [
        1633475608, 
        "0"
      ], 
      [
        1633475623, 
        "0"
      ], 
      [
        1633475638, 
        "1.5"
      ], 
      [
        1633475653, 
        "1.5"
      ], 
      [
        1633475668, 
        "0"
      ], 
      [
        1633475683, 
        "1.5"
      ], 
      [
        1633475698, 
        "0"
      ], 
      [
        1633475713, 
        "0"
      ], 
      [
        1633475728, 
        "3"
      ]
    ]
  }, 
  "import_blocks": {
    "metric": {
      "instance": "172.17.0.1:3033", 
      "job": "openethereum"
    }, 
    "values": [
      [
        1633475428, 
        "1.5"
      ], 
      [
        1633475443, 
        "4.5"
      ], 
      [
        1633475458, 
        "1.5"
      ], 
      [
        1633475473, 
        "1.5"
      ], 
      [
        1633475488, 
        "0"
      ], 
      [
        1633475503, 
        "0"
      ], 
      [
        1633475518, 
        "0"
      ], 
      [
        1633475533, 
        "0"
      ], 
      [
        1633475548, 
        "0"
      ], 
      [
        1633475563, 
        "0"
      ], 
      [
        1633475578, 
        "0"
      ], 
      [
        1633475593, 
        "1.5"
      ], 
      [
        1633475608, 
        "0"
      ], 
      [
        1633475623, 
        "0"
      ], 
      [
        1633475638, 
        "0"
      ], 
      [
        1633475653, 
        "0"
      ], 
      [
        1633475668, 
        "1.5"
      ], 
      [
        1633475683, 
        "0"
      ], 
      [
        1633475698, 
        "1.5"
      ], 
      [
        1633475713, 
        "0"
      ], 
      [
        1633475728, 
        "1.5"
      ]
    ]
  }, 
  "peer_stats": {
    "metric": {
      "__name__": "net_peers", 
      "job": "openethereum", 
      "instance": "172.17.0.1:3033"
    }, 
    "values": [
      [
        1633475428, 
        "29"
      ], 
      [
        1633475443, 
        "29"
      ], 
      [
        1633475458, 
        "28"
      ], 
      [
        1633475473, 
        "28"
      ], 
      [
        1633475488, 
        "28"
      ], 
      [
        1633475503, 
        "27"
      ], 
      [
        1633475518, 
        "26"
      ], 
      [
        1633475533, 
        "25"
      ], 
      [
        1633475548, 
        "31"
      ], 
      [
        1633475563, 
        "27"
      ], 
      [
        1633475578, 
        "25"
      ], 
      [
        1633475593, 
        "25"
      ], 
      [
        1633475608, 
        "24"
      ], 
      [
        1633475623, 
        "27"
      ], 
      [
        1633475638, 
        "27"
      ], 
      [
        1633475653, 
        "28"
      ], 
      [
        1633475668, 
        "26"
      ], 
      [
        1633475683, 
        "26"
      ], 
      [
        1633475698, 
        "26"
      ], 
      [
        1633475713, 
        "27"
      ], 
      [
        1633475728, 
        "28"
      ]
    ]
  }, 
  "sync_blocks_recieved": {
    "metric": {
      "instance": "172.17.0.1:3033", 
      "job": "openethereum"
    },