{
  "stat": {
    "blockchaincache_size": {
      "max": 6528016.0, 
      "mean": 5448742.095238095, 
      "variance": 2750485799953.7056, 
      "pvalue": 1.4424218621700634e-05, 
      "min": 1630088.0
    }, 
    "kvdb_bytes_read": {
      "max": 359984.3, 
      "mean": 172180.2714285714, 
      "variance": 11994351582.261087, 
      "pvalue": 0.32792491977575483, 
      "min": 75366.7
    }, 
    "sync_blocks_highest": {
      "max": 4.5, 
      "mean": 1.2142857142857142, 
      "variance": 2.0612244897959178, 
      "pvalue": 0.4476907098291644, 
      "min": 0.0
    }, 
    "import_blocks": {
      "max": 4.5, 
      "mean": 1.7142857142857142, 
      "variance": 2.6326530612244894, 
      "pvalue": 0.03253025989867058, 
      "min": 0.0
    }, 
    "peer_stats": {
      "max": 32.0, 
      "mean": 31.142857142857142, 
      "variance": 0.5986394557823128, 
      "pvalue": 1.3927875805623209e-12, 
      "min": 30.0
    }, 
    "sync_blocks_recieved": {
      "max": 4.5, 
      "mean": 1.2142857142857142, 
      "variance": 2.0612244897959178, 
      "pvalue": 0.4532614861242645, 
      "min": 0.0
    }, 
    "kvdb_bytes_write": {
      "max": 697589.0, 
      "mean": 353001.68095238094, 
      "variance": 94787290864.58727, 
      "pvalue": 0.29851807551488097, 
      "min": 0.0
    }
  }, 
  "blockchaincache_size": {
    "metric": {
      "__name__": "blockchaincache_size", 
      "job": "openethereum", 
      "instance": "172.17.0.1:3033"
    }, 
    "values": [
      [
        1633604075, 
        "6161064"
      ], 
      [
        1633604090, 
        "6161880"
      ], 
      [
        1633604105, 
        "6161880"
      ], 
      [
        1633604120, 
        "6162288"
      ], 
      [
        1633604135, 
        "6544408"
      ], 
      [
        1633604150, 
        "6528016"
      ], 
      [
        1633604165, 
        "5826248"
      ], 
      [
        1633604180, 
        "5846792"
      ], 
      [
        1633604195, 
        "5856264"
      ], 
      [
        1633604210, 
        "5871440"
      ], 
      [
        1633604225, 
        "5871440"
      ], 
      [
        1633604240, 
        "6470224"
      ], 
      [
        1633604255, 
        "5915976"
      ], 
      [
        1633604270, 
        "6489960"
      ], 
      [
        1633604285, 
        "6489920"
      ], 
      [
        1633604300, 
        "5915776"
      ], 
      [
        1633604315, 
        "5916184"
      ], 
      [
        1633604330, 
        "5916456"
      ], 
      [
        1633604345, 
        "1055816"
      ], 
      [
        1633604360, 
        "1630088"
      ], 
      [
        1633604375, 
        "1631464"
      ]
    ]
  }, 
  "kvdb_bytes_read": {
    "metric": {
      "instance": "172.17.0.1:3033", 
      "job": "openethereum"
    }, 
    "values": [
      [
        1633604075, 
        "112873.9"
      ], 
      [
        1633604090, 
        "82542"
      ], 
      [
        1633604105, 
        "75366.7"
      ], 
      [
        1633604120, 
        "176782.6"
      ], 
      [
        1633604135, 
        "415563.8"
      ], 
      [
        1633604150, 
        "77517.7"
      ], 
      [
        1633604165, 
        "128636.5"
      ], 
      [
        1633604180, 
        "84743.8"
      ], 
      [
        1633604195, 
        "152430.3"
      ], 
      [
        1633604210, 
        "109272.9"
      ], 
      [
        1633604225, 
        "82037.3"
      ], 
      [
        1633604240, 
        "166587.3"
      ], 
      [
        1633604255, 
        "313683.3"
      ], 
      [
        1633604270, 
        "142097.5"
      ], 
      [
        1633604285, 
        "79163.4"
      ], 
      [
        1633604300, 
        "36974.3"
      ], 
      [
        1633604315, 
        "105318.3"
      ], 
      [
        1633604330, 
        "319532.5"
      ], 
      [
        1633604345, 
        "302299.7"
      ], 
      [
        1633604360, 
        "292377.6"
      ], 
      [
        1633604375, 
        "359984.3"
      ]
    ]
  }, 
  "sync_blocks_highest": {
    "metric": {
      "instance": "172.17.0.1:3033", 
      "job": "openethereum"
    }, 
    "values": [
      [
        1633604075, 
        "1.5"
      ], 
      [
        1633604090, 
        "0"
      ], 
      [
        1633604105, 
        "1.5"
      ], 
      [
        1633604120, 
        "0"
      ], 
      [
        1633604135, 
        "1.5"
      ], 
      [
        1633604150, 
        "1.5"
      ], 
      [
        1633604165, 
        "1.5"
      ], 
      [
        1633604180, 
        "0"
      ], 
      [
        1633604195, 
        "4.5"
      ], 
      [
        1633604210, 
        "1.5"
      ], 
      [
        1633604225, 
        "4.5"
      ], 
      [
        1633604240, 
        "0"
      ], 
      [
        1633604255, 
        "0"
      ], 
      [
        1633604270, 
        "0"
      ], 
      [
        1633604285, 
        "3"
      ], 
      [
        1633604300, 
        "3"
      ], 
      [
        1633604315, 
        "0"
      ], 
      [
        1633604330, 
        "0"
      ], 
      [
        1633604345, 
        "1.5"
      ], 
      [
        1633604360, 
        "0"
      ], 
      [
        1633604375, 
        "0"
      ]
    ]
  }, 
  "import_blocks": {
    "metric": {
      "instance": "172.17.0.1:3033", 
      "job": "openethereum"
    }, 
    "values": [
      [
        1633604075, 
        "1.5"
      ], 
      [
        1633604090, 
        "3"
      ], 
      [
        1633604105, 
        "0"
      ], 
      [
        1633604120, 
        "1.5"
      ], 
      [
        1633604135, 
        "4.5"
      ], 
      [
        1633604150, 
        "0"
      ], 
      [
        1633604165, 
        "0"
      ], 
      [
        1633604180, 
        "0"
      ], 
      [
        1633604195, 
        "1.5"
      ], 
      [
        1633604210, 
        "1.5"
      ], 
      [
        1633604225, 
        "0"
      ], 
      [
        1633604240, 
        "3"
      ], 
      [
        1633604255, 
        "3"
      ], 
      [
        1633604270, 
        "3"
      ], 
      [
        1633604285, 
        "0"
      ], 
      [
        1633604300, 
        "0"
      ], 
      [
        1633604315, 
        "1.5"
      ], 
      [
        1633604330, 
        "1.5"
      ], 
      [
        1633604345, 
        "1.5"
      ], 
      [
        1633604360, 
        "3"
      ], 
      [
        1633604375, 
        "6"
      ]
    ]
  }, 
  "peer_stats": {
    "metric": {
      "__name__": "net_peers", 
      "job": "openethereum", 
      "instance": "172.17.0.1:3033"
    }, 
    "values": [
      [
        1633604075, 
        "31"
      ], 
      [
        1633604090, 
        "30"
      ], 
      [
        1633604105, 
        "31"
      ], 
      [
        1633604120, 
        "31"
      ], 
      [
        1633604135, 
        "31"
      ], 
      [
        1633604150, 
        "31"
      ], 
      [
        1633604165, 
        "30"
      ], 
      [
        1633604180, 
        "31"
      ], 
      [
        1633604195, 
        "31"
      ], 
      [
        1633604210, 
        "30"
      ], 
      [
        1633604225, 
        "30"
      ], 
      [
        1633604240, 
        "30"
      ], 
      [
        1633604255, 
        "32"
      ], 
      [
        1633604270, 
        "32"
      ], 
      [
        1633604285, 
        "32"
      ], 
      [
        1633604300, 
        "31"
      ], 
      [
        1633604315, 
        "32"
      ], 
      [
        1633604330, 
        "32"
      ], 
      [
        1633604345, 
        "32"
      ], 
      [
        1633604360, 
        "32"
      ], 
      [
        1633604375, 
        "32"
      ]
    ]
  }, 
  "sync_blocks_recieved": {
    "metric": {
      "instance": "172.17.0.1:3033", 
      "job": "openethereum"
    },