{
  "known_broadcasts": {
    "values": [
      [
        1633650645, 
        0.4442582264877859
      ], 
      [
        1633650660, 
        0.42714628492703
      ], 
      [
        1633650675, 
        0.463668270623787
      ], 
      [
        1633650690, 
        0.41385365837520427
      ], 
      [
        1633650705, 
        0.4125438974091487
      ], 
      [
        1633650720, 
        0.4263480056577742
      ], 
      [
        1633650735, 
        0.6852541699823015
      ], 
      [
        1633650750, 
        0.7441314330768569
      ], 
      [
        1633650765, 
        0.6650090295245751
      ], 
      [
        1633650780, 
        0.7004017723037846
      ], 
      [
        1633650795, 
        0.6280376790206031
      ], 
      [
        1633650810, 
        0.4908155395360057
      ], 
      [
        1633650825, 
        0.5728175126703816
      ], 
      [
        1633650840, 
        0.5946026555670376
      ], 
      [
        1633650855, 
        0.6362192759180205
      ], 
      [
        1633650870, 
        0.56405522116483
      ], 
      [
        1633650885, 
        0.49905384150447785
      ], 
      [
        1633650900, 
        0.5857518500980636
      ], 
      [
        1633650915, 
        0.634068769757667
      ], 
      [
        1633650930, 
        0.618958258764104
      ]
    ], 
    "name": "geth.eth/fetcher/block/broadcasts/drop.meter", 
    "columns": [
      "time", 
      "mean"
    ]
  }, 
  "memory_used": {
    "values": [
      [
        1633650645, 
        1850926168
      ], 
      [
        1633650660, 
        1548625732
      ], 
      [
        1633650675, 
        1741223600
      ], 
      [
        1633650690, 
        1706553132
      ], 
      [
        1633650705, 
        1636350512
      ], 
      [
        1633650720, 
        1851362300
      ], 
      [
        1633650735, 
        1509552048
      ], 
      [
        1633650750, 
        1762725816
      ], 
      [
        1633650765, 
        1975476296
      ], 
      [
        1633650780, 
        1697257472
      ], 
      [
        1633650795, 
        1886039728
      ], 
      [
        1633650810, 
        1576300156
      ], 
      [
        1633650825, 
        1772701720
      ], 
      [
        1633650840, 
        1778198540
      ], 
      [
        1633650855, 
        1713591664
      ], 
      [
        1633650870, 
        1677883708
      ], 
      [
        1633650885, 
        1604771064
      ], 
      [
        1633650900, 
        1862567460
      ], 
      [
        1633650915, 
        1532043112
      ], 
      [
        1633650930, 
        1805962824
      ]
    ], 
    "name": "geth.system/memory/used.gauge", 
    "columns": [
      "time", 
      "mean"
    ]
  }, 
  "stat": {
    "known_broadcasts": {
      "max": 0.7025882553424383, 
      "mean": 0.560349767618472, 
      "variance": 0.01057820006278262, 
      "pvalue": 2.707754258836775e-08, 
      "min": 0.41378817032690146
    }, 
    "memory_used": {
      "max": 1890511556.4, 
      "mean": 1724505652.6, 
      "variance": 1.577036716572721e+16, 
      "pvalue": 0.00044051662293986935, 
      "min": 1530918558.8
    }, 
    "disk_write": {
      "max": 32964.818549653195, 
      "mean": 16265.74288585551, 
      "variance": 66704611.24506231, 
      "pvalue": 0.0002046835416096857, 
      "min": 8626.68470412979
    }, 
    "disk_read": {
      "max": 19201168.128223427, 
      "mean": 18573120.526055645, 
      "variance": 193392098236.63986, 
      "pvalue": 0.0576826533641622, 
      "min": 17941272.30214935
    }, 
    "traffic_egress": {
      "max": 104468.77291047323, 
      "mean": 50278.244170648184, 
      "variance": 982462067.4303484, 
      "pvalue": 5.056591256941115e-14, 
      "min": 14121.51932843985
    }, 
    "peer_stats": {
      "max": 48.025, 
      "mean": 46.8, 
      "variance": 0.7599999999999998, 
      "pvalue": 6.386839686075977e-16, 
      "min": 45.475
    }, 
    "traffic_ingress": {
      "max": 158390.10802029655, 
      "mean": 148385.0040162831, 
      "variance": 29295875.23511256, 
      "pvalue": 1.772636966679018e-10, 
      "min": 141267.2087229544
    }, 
    "known_announcements": {
      "max": 1.9210657262808422, 
      "mean": 1.553915450303346, 
      "variance": 0.09007557402063372, 
      "pvalue": 8.74105603139761e-06, 
      "min": 1.1172529048961917
    }
  }, 
  "disk_write": {
    "values": [
      [
        1633650645, 
        12562.448319194562
      ], 
      [
        1633650660, 
        13340.402613592963
      ], 
      [
        1633650675, 
        14259.47836273593
      ], 
      [
        1633650690, 
        13440.36994311848
      ], 
      [
        1633650705, 
        13523.340520408361
      ], 
      [
        1633650720, 
        11951.656940232122
      ], 
      [
        1633650735, 
        10453.468446853665
      ], 
      [
        1633650750, 
        9466.149309654098
      ], 
      [
        1633650765, 
        8590.738470691726
      ], 
      [
        1633650780, 
        8848.739275317002
      ], 
      [
        1633650795, 
        8628.576611152845
      ], 
      [
        1633650810, 
        9656.244618131395
      ], 
      [
        1633650825, 
        11006.367179321673
      ], 
      [
        1633650840, 
        15843.10671757987
      ], 
      [
        1633650855, 
        20838.902416899706
      ], 
      [
        1633650870, 
        21650.805847848413
      ], 
      [
        1633650885, 
        24032.34445160327
      ], 
      [
        1633650900, 
        26872.024965393517
      ], 
      [
        1633650915, 
        37630.43280262043
      ], 
      [
        1633650930, 
        32719.259904760176
      ]
    ], 
    "name": "geth.eth/db/chaindata/disk/write.meter", 
    "columns": [
      "time", 
      "mean"
    ]
  }, 
  "disk_read": {
    "values": [
      [
        1633650645, 
        17959366.43659901
      ], 
      [
        1633650660, 
        17597483.747605845
      ], 
      [
        1633650675, 
        18234742.435663875
      ], 
      [
        1633650690, 
        18031084.81578862
      ], 
      [
        1633650705, 
        18704551.220175218
      ], 
      [
        1633650720, 
        18294677.664795734
      ], 
      [
        1633650735, 
        18777772.480189532
      ], 
      [
        1633650750, 
        18325841.55609657
      ], 
      [
        1633650765, 
        18705461.765997667
      ], 
      [
        1633650780, 
        18241180.803663038
      ], 
      [
        1633650795, 
        18659921.175324243
      ], 
      [
        1633650810, 
        18234152.437672853
      ], 
      [
        1633650825, 
        18871489.956574615
      ], 
      [
        1633650840, 
        18547641.464763813
      ], 
      [
        1633650855, 
        19126047.852427386
      ], 
      [
        1633650870, 
        18757025.08567033
      ], 
      [
        1633650885, 
        19193072.186417464
      ], 
      [
        1633650900, 
        18841214.931644723
      ], 
      [
        1633650915, 
        19354991.02253669
      ], 
      [
        1633650930, 
        19004691.481505647
      ]
    ], 
    "name": "geth.eth/db/chaindata/disk/read.meter", 
    "columns": [
      "time", 
      "mean"
    ]
  },