{
  "known_broadcasts": {
    "values": [
      [
        1633650345, 
        0.5283184759485621
      ], 
      [
        1633650360, 
        0.4745734662605456
      ], 
      [
        1633650375, 
        0.3750632246452259
      ], 
      [
        1633650390, 
        0.3772297611504648
      ], 
      [
        1633650405, 
        0.41658642599037693
      ], 
      [
        1633650420, 
        0.33914822333387556
      ], 
      [
        1633650435, 
        0.3431700192515103
      ], 
      [
        1633650450, 
        0.2761851652724081
      ], 
      [
        1633650465, 
        0.22167932653405756
      ], 
      [
        1633650480, 
        0.17324383853285102
      ], 
      [
        1633650495, 
        0.29180932065592063
      ], 
      [
        1633650510, 
        0.4130569328787985
      ], 
      [
        1633650525, 
        0.3683740798007334
      ], 
      [
        1633650540, 
        0.28788674432787537
      ], 
      [
        1633650555, 
        0.4543468758698487
      ], 
      [
        1633650570, 
        0.43775477864070145
      ], 
      [
        1633650585, 
        0.4452883408091727
      ], 
      [
        1633650600, 
        0.4518783696661498
      ], 
      [
        1633650615, 
        0.4889288237416421
      ], 
      [
        1633650630, 
        0.49269658401407357
      ]
    ], 
    "name": "geth.eth/fetcher/block/broadcasts/drop.meter", 
    "columns": [
      "time", 
      "mean"
    ]
  }, 
  "memory_used": {
    "values": [
      [
        1633650345, 
        1812194568
      ], 
      [
        1633650360, 
        1667413588
      ], 
      [
        1633650375, 
        1860780904
      ], 
      [
        1633650390, 
        1558151876
      ], 
      [
        1633650405, 
        1749536016
      ], 
      [
        1633650420, 
        1715999588
      ], 
      [
        1633650435, 
        1622969768
      ], 
      [
        1633650450, 
        1835518152
      ], 
      [
        1633650465, 
        1487470952
      ], 
      [
        1633650480, 
        1707949572
      ], 
      [
        1633650495, 
        1912881576
      ], 
      [
        1633650510, 
        1632720464
      ], 
      [
        1633650525, 
        1835300736
      ], 
      [
        1633650540, 
        1528554468
      ], 
      [
        1633650555, 
        1733938376
      ], 
      [
        1633650570, 
        1688258592
      ], 
      [
        1633650585, 
        1586335328
      ], 
      [
        1633650600, 
        1800397704
      ], 
      [
        1633650615, 
        1450165520
      ], 
      [
        1633650630, 
        1670919244
      ]
    ], 
    "name": "geth.system/memory/used.gauge", 
    "columns": [
      "time", 
      "mean"
    ]
  }, 
  "stat": {
    "known_broadcasts": {
      "max": 0.494477678610798, 
      "mean": 0.3828609388662397, 
      "variance": 0.008705716206971966, 
      "pvalue": 0.23569095141846264, 
      "min": 0.21925755213399722
    }, 
    "memory_used": {
      "max": 1863385937.6000001, 
      "mean": 1692872849.6, 
      "variance": 1.5797116522239888e+16, 
      "pvalue": 1.9357322118558214e-05, 
      "min": 1485605680.4
    }, 
    "disk_write": {
      "max": 110001.34049699543, 
      "mean": 34116.91379597705, 
      "variance": 1330894246.8296733, 
      "pvalue": 1.5880771008080087e-05, 
      "min": 9535.945696472401
    }, 
    "disk_read": {
      "max": 37450978.71995221, 
      "mean": 23332416.263816163, 
      "variance": 44565345555870.0, 
      "pvalue": 0.12357505360433135, 
      "min": 17802472.117254924
    }, 
    "traffic_egress": {
      "max": 20706.15405288226, 
      "mean": 15421.043561346582, 
      "variance": 12448192.109077044, 
      "pvalue": 2.637840360118171e-13, 
      "min": 10738.172967053786
    }, 
    "peer_stats": {
      "max": 46.575, 
      "mean": 45.675, 
      "variance": 0.5068749999999999, 
      "pvalue": 6.386827799208857e-16, 
      "min": 45.0
    }, 
    "traffic_ingress": {
      "max": 170301.11715941053, 
      "mean": 150854.3285392145, 
      "variance": 145267887.4770754, 
      "pvalue": 3.1563893818175787e-09, 
      "min": 134454.5669749426
    }, 
    "known_announcements": {
      "max": 1.491426150538518, 
      "mean": 1.1782330952803306, 
      "variance": 0.0724741762263301, 
      "pvalue": 3.783427871867023e-11, 
      "min": 0.7288333989068887
    }
  }, 
  "disk_write": {
    "values": [
      [
        1633650345, 
        138801.7016689514
      ], 
      [
        1633650360, 
        108485.53201426087
      ], 
      [
        1633650375, 
        84196.10049168296
      ], 
      [
        1633650390, 
        65806.25371762509
      ], 
      [
        1633650405, 
        51090.4602239646
      ], 
      [
        1633650420, 
        39927.52765896614
      ], 
      [
        1633650435, 
        31000.995287312882
      ], 
      [
        1633650450, 
        24244.82467247954
      ], 
      [
        1633650465, 
        18832.418234551835
      ], 
      [
        1633650480, 
        14938.975274692171
      ], 
      [
        1633650495, 
        12082.559119264115
      ], 
      [
        1633650510, 
        10162.57350483397
      ], 
      [
        1633650525, 
        9686.691448171468
      ], 
      [
        1633650540, 
        9148.156979348263
      ], 
      [
        1633650555, 
        9556.35562895262
      ], 
      [
        1633650570, 
        11456.828762931787
      ], 
      [
        1633650585, 
        10738.12307986461
      ], 
      [
        1633650600, 
        10243.25482052273
      ], 
      [
        1633650615, 
        10168.550165432376
      ], 
      [
        1633650630, 
        11770.393165731544
      ]
    ], 
    "name": "geth.eth/db/chaindata/disk/write.meter", 
    "columns": [
      "time", 
      "mean"
    ]
  }, 
  "disk_read": {
    "values": [
      [
        1633650345, 
        42151096.43017116
      ], 
      [
        1633650360, 
        37203604.103624895
      ], 
      [
        1633650375, 
        32759357.38314559
      ], 
      [
        1633650390, 
        28662800.882350914
      ], 
      [
        1633650405, 
        26520971.859081943
      ], 
      [
        1633650420, 
        24060456.710052453
      ], 
      [
        1633650435, 
        22757164.507270757
      ], 
      [
        1633650450, 
        21148401.12212209
      ], 
      [
        1633650465, 
        20978311.55904776
      ], 
      [
        1633650480, 
        20168185.73501204
      ], 
      [
        1633650495, 
        20699393.542761933
      ], 
      [
        1633650510, 
        19824228.568627022
      ], 
      [
        1633650525, 
        20256445.383891974
      ], 
      [
        1633650540, 
        19322026.478109684
      ], 
      [
        1633650555, 
        19487333.565342195
      ], 
      [
        1633650570, 
        18828416.663181998
      ], 
      [
        1633650585, 
        18581548.548191845
      ], 
      [
        1633650600, 
        17817188.255341075
      ], 
      [
        1633650615, 
        17898528.485377993
      ], 
      [
        1633650630, 
        17522865.49361802
      ]
    ], 
    "name": "geth.eth/db/chaindata/disk/read.meter", 
    "columns": [
      "time", 
      "mean"
    ]
  },