{
  "known_broadcasts": {
    "values": [
      [
        1633501605, 
        0.5346129451519313
      ], 
      [
        1633501620, 
        0.6776486762989644
      ], 
      [
        1633501635, 
        0.6835403005080123
      ], 
      [
        1633501650, 
        0.718755266021084
      ], 
      [
        1633501665, 
        0.9092040337065537
      ], 
      [
        1633501680, 
        0.8537736210261863
      ], 
      [
        1633501695, 
        0.7193628218800805
      ], 
      [
        1633501710, 
        0.6220905500413726
      ], 
      [
        1633501725, 
        0.6430232826475873
      ], 
      [
        1633501740, 
        0.5639090710291628
      ], 
      [
        1633501755, 
        0.535781127983029
      ], 
      [
        1633501770, 
        0.6614513397272082
      ], 
      [
        1633501785, 
        0.5452754021021311
      ], 
      [
        1633501800, 
        0.7167932390222035
      ], 
      [
        1633501815, 
        0.6217351556082666
      ], 
      [
        1633501830, 
        0.6851487920372655
      ], 
      [
        1633501845, 
        0.7187494009970647
      ], 
      [
        1633501860, 
        0.6458451229445205
      ], 
      [
        1633501875, 
        0.5789341523286038
      ], 
      [
        1633501890, 
        0.5173461073512768
      ]
    ], 
    "name": "geth.eth/fetcher/block/broadcasts/drop.meter", 
    "columns": [
      "time", 
      "mean"
    ]
  }, 
  "memory_used": {
    "values": [
      [
        1633501605, 
        1590060828
      ], 
      [
        1633501620, 
        1773343144
      ], 
      [
        1633501635, 
        1797741532
      ], 
      [
        1633501650, 
        1880239944
      ], 
      [
        1633501665, 
        1654505120
      ], 
      [
        1633501680, 
        1858497808
      ], 
      [
        1633501695, 
        1626448848
      ], 
      [
        1633501710, 
        1938158232
      ], 
      [
        1633501725, 
        1729549972
      ], 
      [
        1633501740, 
        1927513784
      ], 
      [
        1633501755, 
        1640659196
      ], 
      [
        1633501770, 
        1834579712
      ], 
      [
        1633501785, 
        1596518624
      ], 
      [
        1633501800, 
        1803914112
      ], 
      [
        1633501815, 
        1773587292
      ], 
      [
        1633501830, 
        1711389064
      ], 
      [
        1633501845, 
        1708586416
      ], 
      [
        1633501860, 
        1648646408
      ], 
      [
        1633501875, 
        1926786892
      ], 
      [
        1633501890, 
        1617965832
      ]
    ], 
    "name": "geth.system/memory/used.gauge", 
    "columns": [
      "time", 
      "mean"
    ]
  }, 
  "stat": {
    "known_broadcasts": {
      "max": 0.8565451416602046, 
      "mean": 0.6576490204206252, 
      "variance": 0.009927637240650405, 
      "pvalue": 0.030442606956017484, 
      "min": 0.5337496032618985
    }, 
    "memory_used": {
      "max": 1928046006.3999999, 
      "mean": 1751934638.0, 
      "variance": 1.2853745644006562e+16, 
      "pvalue": 0.001587198896282942, 
      "min": 1596195734.2
    }, 
    "disk_write": {
      "max": 24812.07850924294, 
      "mean": 18338.349954499223, 
      "variance": 20940455.082000397, 
      "pvalue": 0.00011457568794324857, 
      "min": 11005.381150239891
    }, 
    "disk_read": {
      "max": 19574908.729000818, 
      "mean": 19228370.00146968, 
      "variance": 35335116402.32677, 
      "pvalue": 6.796683164196324e-07, 
      "min": 18989714.479308072
    }, 
    "traffic_egress": {
      "max": 271295.92507176317, 
      "mean": 171067.64189241477, 
      "variance": 3207259662.6882563, 
      "pvalue": 2.1541696715695226e-17, 
      "min": 61972.64182438453
    }, 
    "peer_stats": {
      "max": 36.05, 
      "mean": 34.025, 
      "variance": 1.4618749999999996, 
      "pvalue": 1.2026467019345983e-18, 
      "min": 32.0
    }, 
    "traffic_ingress": {
      "max": 164949.7037094715, 
      "mean": 142664.83527082636, 
      "variance": 219700427.8576271, 
      "pvalue": 1.3867737650288364e-08, 
      "min": 121619.61053255037
    }, 
    "known_announcements": {
      "max": 2.3503654263839895, 
      "mean": 1.6385297131466576, 
      "variance": 0.17170603673268936, 
      "pvalue": 0.1937474465875471, 
      "min": 1.0834428183252003
    }
  }, 
  "disk_write": {
    "values": [
      [
        1633501605, 
        11013.242636494755
      ], 
      [
        1633501620, 
        10856.01291139747
      ], 
      [
        1633501635, 
        15181.732617245969
      ], 
      [
        1633501650, 
        14767.52240716693
      ], 
      [
        1633501665, 
        13658.341488885118
      ], 
      [
        1633501680, 
        14012.408693307627
      ], 
      [
        1633501695, 
        15689.35995763879
      ], 
      [
        1633501710, 
        16742.763582560496
      ], 
      [
        1633501725, 
        18344.15605190007
      ], 
      [
        1633501740, 
        18090.547954186102
      ], 
      [
        1633501755, 
        18092.054848709362
      ], 
      [
        1633501770, 
        17878.271104950854
      ], 
      [
        1633501785, 
        18566.940897171633
      ], 
      [
        1633501800, 
        18657.62134188435
      ], 
      [
        1633501815, 
        23949.494687160557
      ], 
      [
        1633501830, 
        28694.37564461774
      ], 
      [
        1633501845, 
        24607.747081065318
      ], 
      [
        1633501860, 
        23509.88068933439
      ], 
      [
        1633501875, 
        22841.54258835528
      ], 
      [
        1633501890, 
        21612.98190595162
      ]
    ], 
    "name": "geth.eth/db/chaindata/disk/write.meter", 
    "columns": [
      "time", 
      "mean"
    ]
  }, 
  "disk_read": {
    "values": [
      [
        1633501605, 
        19326545.339825116
      ], 
      [
        1633501620, 
        19096022.65204413
      ], 
      [
        1633501635, 
        18928390.080921434
      ], 
      [
        1633501650, 
        19291004.314450536
      ], 
      [
        1633501665, 
        19478374.326413028
      ], 
      [
        1633501680, 
        19163471.15930593
      ], 
      [
        1633501695, 
        18992942.079223156
      ], 
      [
        1633501710, 
        18998920.072505523
      ], 
      [
        1633501725, 
        19303396.813496582
      ], 
      [
        1633501740, 
        19187866.758380283
      ], 
      [
        1633501755, 
        19057367.274358824
      ], 
      [
        1633501770, 
        19078261.262549862
      ], 
      [
        1633501785, 
        19246061.195539534
      ], 
      [
        1633501800, 
        19401610.492567193
      ], 
      [
        1633501815, 
        19574891.53118138
      ], 
      [
        1633501830, 
        19575235.487570148
      ], 
      [
        1633501845, 
        19447441.42773304
      ], 
      [
        1633501860, 
        19207337.295942347
      ], 
      [
        1633501875, 
        19143329.23372127
      ], 
      [
        1633501890, 
        19068931.231664166
      ]
    ], 
    "name": "geth.eth/db/chaindata/disk/read.meter", 
    "columns": [
      "time", 
      "mean"
    ]
  },