{
  "stat": {
    "blockchaincache_size": {
      "max": 5551832.8, 
      "mean": 4853544.0, 
      "variance": 117650781339.42857, 
      "pvalue": 0.003964435910160952, 
      "min": 4688088.0
    }, 
    "kvdb_bytes_read": {
      "max": 653637.1899999998, 
      "mean": 275630.2801555556, 
      "variance": 54226429751.582924, 
      "pvalue": 0.2558425277706849, 
      "min": 27412.182404
    }, 
    "sync_blocks_highest": {
      "max": 2.449379999999999, 
      "mean": 0.7602888888888889, 
      "variance": 1.079425578765432, 
      "pvalue": 0.8589448616747823, 
      "min": 0.0
    }, 
    "import_blocks": {
      "max": 4.50648, 
      "mean": 1.1285999999999998, 
      "variance": 2.5346416400000003, 
      "pvalue": 0.9961522804374414, 
      "min": 0.0
    }, 
    "peer_stats": {
      "max": 26.0, 
      "mean": 22.642857142857142, 
      "variance": 7.801020408163267, 
      "pvalue": 3.442158221827563e-05, 
      "min": 18.299999999999997
    }, 
    "sync_blocks_recieved": {
      "max": 2.449379999999999, 
      "mean": 0.7602888888888889, 
      "variance": 1.079425578765432, 
      "pvalue": 0.8639526569413, 
      "min": 0.0
    }, 
    "kvdb_bytes_write": {
      "max": 679673.77512, 
      "mean": 219161.57620444446, 
      "variance": 79548603856.30096, 
      "pvalue": 0.49786061110080554, 
      "min": 0.0
    }
  }, 
  "blockchaincache_size": {
    "metric": {
      "__name__": "blockchaincache_size", 
      "job": "openethereum", 
      "instance": "172.17.0.1:3033"
    }, 
    "values": [
      [
        1633476972, 
        "4688088"
      ], 
      [
        1633476987, 
        "4688088"
      ], 
      [
        1633477002, 
        "4689720"
      ], 
      [
        1633477017, 
        "4690816"
      ], 
      [
        1633477032, 
        "4690816"
      ], 
      [
        1633477047, 
        "4691360"
      ], 
      [
        1633477062, 
        "4699312"
      ], 
      [
        1633477107, 
        "4764792"
      ], 
      [
        1633477137, 
        "4765064"
      ], 
      [
        1633477152, 
        "4765880"
      ], 
      [
        1633477167, 
        "4765880"
      ], 
      [
        1633477182, 
        "4765880"
      ], 
      [
        1633477197, 
        "5341536"
      ], 
      [
        1633477212, 
        "5942384"
      ]
    ]
  }, 
  "kvdb_bytes_read": {
    "metric": {
      "instance": "172.17.0.1:3033", 
      "job": "openethereum"
    }, 
    "values": [
      [
        1633476957, 
        "25671.3516"
      ], 
      [
        1633476972, 
        "573663"
      ], 
      [
        1633476987, 
        "40814.66805333333"
      ], 
      [
        1633477002, 
        "367141.5"
      ], 
      [
        1633477017, 
        "758170.7"
      ], 
      [
        1633477032, 
        "158699.2"
      ], 
      [
        1633477047, 
        "635190.1"
      ], 
      [
        1633477062, 
        "119137.1"
      ], 
      [
        1633477077, 
        "217576.57392000002"
      ], 
      [
        1633477092, 
        "233071.91472000003"
      ], 
      [
        1633477107, 
        "42264.910879999996"
      ], 
      [
        1633477122, 
        "459042.65640000004"
      ], 
      [
        1633477137, 
        "27719.38784"
      ], 
      [
        1633477152, 
        "559953.3"
      ], 
      [
        1633477167, 
        "71283.47938666666"
      ], 
      [
        1633477182, 
        "98341.3"
      ], 
      [
        1633477197, 
        "447969"
      ], 
      [
        1633477212, 
        "125634.9"
      ]
    ]
  }, 
  "sync_blocks_highest": {
    "metric": {
      "instance": "172.17.0.1:3033", 
      "job": "openethereum"
    }, 
    "values": [
      [
        1633476957, 
        "0"
      ], 
      [
        1633476972, 
        "0"
      ], 
      [
        1633476987, 
        "1.7284"
      ], 
      [
        1633477002, 
        "1.5"
      ], 
      [
        1633477017, 
        "0"
      ], 
      [
        1633477032, 
        "0"
      ], 
      [
        1633477047, 
        "1.5"
      ], 
      [
        1633477062, 
        "0"
      ], 
      [
        1633477077, 
        "2.2716000000000003"
      ], 
      [
        1633477092, 
        "0"
      ], 
      [
        1633477107, 
        "0"
      ], 
      [
        1633477122, 
        "0"
      ], 
      [
        1633477137, 
        "3.4568"
      ], 
      [
        1633477152, 
        "0"
      ], 
      [
        1633477167, 
        "1.7284"
      ], 
      [
        1633477182, 
        "0"
      ], 
      [
        1633477197, 
        "1.5"
      ], 
      [
        1633477212, 
        "0"
      ]
    ]
  }, 
  "import_blocks": {
    "metric": {
      "instance": "172.17.0.1:3033", 
      "job": "openethereum"
    }, 
    "values": [
      [
        1633476957, 
        "0"
      ], 
      [
        1633476972, 
        "3"
      ], 
      [
        1633476987, 
        "0"
      ], 
      [
        1633477002, 
        "1.5"
      ], 
      [
        1633477017, 
        "3"
      ], 
      [
        1633477032, 
        "0"
      ], 
      [
        1633477047, 
        "0"
      ], 
      [
        1633477062, 
        "0"
      ], 
      [
        1633477077, 
        "2.2716000000000003"
      ], 
      [
        1633477092, 
        "4.543200000000001"
      ], 
      [
        1633477107, 
        "0"
      ], 
      [
        1633477122, 
        "0"
      ], 
      [
        1633477137, 
        "0"
      ], 
      [
        1633477152, 
        "4.5"
      ], 
      [
        1633477167, 
        "0"
      ], 
      [
        1633477182, 
        "0"
      ], 
      [
        1633477197, 
        "1.5"
      ], 
      [
        1633477212, 
        "0"
      ]
    ]
  }, 
  "peer_stats": {
    "metric": {
      "__name__": "net_peers", 
      "job": "openethereum", 
      "instance": "172.17.0.1:3033"
    }, 
    "values": [
      [
        1633476972, 
        "20"
      ], 
      [
        1633476987, 
        "20"
      ], 
      [
        1633477002, 
        "17"
      ], 
      [
        1633477017, 
        "19"
      ], 
      [
        1633477032, 
        "21"
      ], 
      [
        1633477047, 
        "21"
      ], 
      [
        1633477062, 
        "25"
      ], 
      [
        1633477107, 
        "25"
      ], 
      [
        1633477137, 
        "24"
      ], 
      [
        1633477152, 
        "26"
      ], 
      [
        1633477167, 
        "26"
      ], 
      [
        1633477182, 
        "24"
      ], 
      [
        1633477197, 
        "25"
      ], 
      [
        1633477212, 
        "24"
      ]
    ]
  }, 
  "sync_blocks_recieved": {
    "metric": {
      "instance": "172.17.0.1:3033", 
      "job": "openethereum"
    }, 
    "values": [
      [
        1633476957, 
        "0"
      ], 
      [
        1633476972, 
        "0"
      ], 
      [
        1633476987, 
        "1.7284"
      ], 
      [
        1633477002, 
        "1.5"
      ], 
      [
        1633477017, 
        "0"
      ], 
      [
        1633477032, 
        "0"
      ], 
      [
        1633477047, 
        "1.5"
      ], 
      [
        1633477062, 
        "0"
      ], 
      [
        1633477077, 
        "2.2716000000000003"
      ], 
      [
        1633477092, 
        "0"
      ], 
      [
        1633477107, 
        "0"
      ], 
      [
        1633477122, 
        "0"
      ], 
      [
        1633477137, 
        "3.4568"
      ], 
      [
        1633477152, 
        "0"
      ], 
      [
        1633477167, 
        "1.7284"
      ], 
      [
        1633477182, 
        "0"
      ], 
      [
        1633477197, 
        "1.5"
      ], 
      [
        1633477212, 
        "0"
      ]
    ]
  }, 
  "kvdb_bytes_write": {
    "metric": {
      "instance": "172.17.0.1:3033", 
      "job": "openethereum"
    },