{
  "stat": {
    "blockchaincache_size": {
      "max": 5376076.0, 
      "mean": 5257134.315789473, 
      "variance": 72248247549.16344, 
      "pvalue": 0.0037730401138705762, 
      "min": 4636603.2
    }, 
    "kvdb_bytes_read": {
      "max": 530379.17, 
      "mean": 245911.09887199997, 
      "variance": 23011098869.646595, 
      "pvalue": 0.01884931784312158, 
      "min": 53224.26737466667
    }, 
    "sync_blocks_highest": {
      "max": 3.0, 
      "mean": 1.1314199999999999, 
      "variance": 1.4855417675999996, 
      "pvalue": 0.37000752732168424, 
      "min": 0.0
    }, 
    "import_blocks": {
      "max": 2.1719800000000005, 
      "mean": 0.85642, 
      "variance": 0.8430491116000001, 
      "pvalue": 0.3538153288499647, 
      "min": 0.0
    }, 
    "peer_stats": {
      "max": 29.0, 
      "mean": 26.736842105263158, 
      "variance": 3.6675900277008306, 
      "pvalue": 0.2107632661439755, 
      "min": 24.0
    }, 
    "sync_blocks_recieved": {
      "max": 3.0, 
      "mean": 1.1314199999999999, 
      "variance": 1.4855417675999996, 
      "pvalue": 0.3776908600491311, 
      "min": 0.0
    }, 
    "kvdb_bytes_write": {
      "max": 513555.7338946668, 
      "mean": 196424.18389466667, 
      "variance": 45989354354.925285, 
      "pvalue": 0.07914915653574961, 
      "min": 0.0
    }
  }, 
  "blockchaincache_size": {
    "metric": {
      "__name__": "blockchaincache_size", 
      "job": "openethereum", 
      "instance": "172.17.0.1:3033"
    }, 
    "values": [
      [
        1633609214, 
        "5370072"
      ], 
      [
        1633609244, 
        "5370360"
      ], 
      [
        1633609259, 
        "5371224"
      ], 
      [
        1633609274, 
        "5371224"
      ], 
      [
        1633609289, 
        "5371800"
      ], 
      [
        1633609304, 
        "5371800"
      ], 
      [
        1633609334, 
        "5373360"
      ], 
      [
        1633609349, 
        "5373648"
      ], 
      [
        1633609364, 
        "5374368"
      ], 
      [
        1633609379, 
        "5374640"
      ], 
      [
        1633609394, 
        "5375072"
      ], 
      [
        1633609409, 
        "5375344"
      ], 
      [
        1633609424, 
        "5375632"
      ], 
      [
        1633609439, 
        "5375160"
      ], 
      [
        1633609454, 
        "5376016"
      ], 
      [
        1633609469, 
        "5376616"
      ], 
      [
        1633609484, 
        "4635840"
      ], 
      [
        1633609499, 
        "4636688"
      ], 
      [
        1633609514, 
        "4636688"
      ]
    ]
  }, 
  "kvdb_bytes_read": {
    "metric": {
      "instance": "172.17.0.1:3033", 
      "job": "openethereum"
    }, 
    "values": [
      [
        1633609214, 
        "529042.9"
      ], 
      [
        1633609229, 
        "83864.02530666668"
      ], 
      [
        1633609244, 
        "135267.4"
      ], 
      [
        1633609259, 
        "348715.4"
      ], 
      [
        1633609274, 
        "143394.8"
      ], 
      [
        1633609289, 
        "10826.177546666668"
      ], 
      [
        1633609304, 
        "148675.97656"
      ], 
      [
        1633609319, 
        "217030.86077333335"
      ], 
      [
        1633609334, 
        "353076"
      ], 
      [
        1633609349, 
        "555768.3"
      ], 
      [
        1633609364, 
        "397798.6"
      ], 
      [
        1633609379, 
        "172757.9"
      ], 
      [
        1633609394, 
        "110929.9"
      ], 
      [
        1633609409, 
        "55455.74578666667"
      ], 
      [
        1633609424, 
        "207840.5"
      ], 
      [
        1633609439, 
        "272451.9434133333"
      ], 
      [
        1633609454, 
        "101075.8"
      ], 
      [
        1633609469, 
        "357246.54805333336"
      ], 
      [
        1633609484, 
        "401134.1"
      ], 
      [
        1633609499, 
        "315869.1"
      ]
    ]
  }, 
  "sync_blocks_highest": {
    "metric": {
      "instance": "172.17.0.1:3033", 
      "job": "openethereum"
    }, 
    "values": [
      [
        1633609214, 
        "0"
      ], 
      [
        1633609229, 
        "1.8716000000000002"
      ], 
      [
        1633609244, 
        "3"
      ], 
      [
        1633609259, 
        "0"
      ], 
      [
        1633609274, 
        "3"
      ], 
      [
        1633609289, 
        "0"
      ], 
      [
        1633609304, 
        "0"
      ], 
      [
        1633609319, 
        "0"
      ], 
      [
        1633609334, 
        "1.5"
      ], 
      [
        1633609349, 
        "3"
      ], 
      [
        1633609364, 
        "0"
      ], 
      [
        1633609379, 
        "0"
      ], 
      [
        1633609394, 
        "0"
      ], 
      [
        1633609409, 
        "2.1284"
      ], 
      [
        1633609424, 
        "3"
      ], 
      [
        1633609439, 
        "0"
      ], 
      [
        1633609454, 
        "1.5"
      ], 
      [
        1633609469, 
        "2.1284"
      ], 
      [
        1633609484, 
        "0"
      ], 
      [
        1633609499, 
        "1.5"
      ]
    ]
  }, 
  "import_blocks": {
    "metric": {
      "instance": "172.17.0.1:3033", 
      "job": "openethereum"
    }, 
    "values": [
      [
        1633609214, 
        "1.5"
      ], 
      [
        1633609229, 
        "0"
      ], 
      [
        1633609244, 
        "0"
      ], 
      [
        1633609259, 
        "0"
      ], 
      [
        1633609274, 
        "0"
      ], 
      [
        1633609289, 
        "0"
      ], 
      [
        1633609304, 
        "0"
      ], 
      [
        1633609319, 
        "0"
      ], 
      [
        1633609334, 
        "1.5"
      ], 
      [
        1633609349, 
        "1.5"
      ], 
      [
        1633609364, 
        "1.5"
      ], 
      [
        1633609379, 
        "1.5"
      ], 
      [
        1633609394, 
        "1.5"
      ], 
      [
        1633609409, 
        "0"
      ], 
      [
        1633609424, 
        "0"
      ], 
      [
        1633609439, 
        "0"
      ], 
      [
        1633609454, 
        "1.5"
      ], 
      [
        1633609469, 
        "2.1284"
      ], 
      [
        1633609484, 
        "1.5"
      ], 
      [
        1633609499, 
        "3"
      ]
    ]
  }, 
  "peer_stats": {
    "metric": {
      "__name__": "net_peers", 
      "job": "openethereum", 
      "instance": "172.17.0.1:3033"
    }, 
    "values": [
      [
        1633609214, 
        "29"
      ], 
      [
        1633609244, 
        "29"
      ], 
      [
        1633609259, 
        "28"
      ], 
      [
        1633609274, 
        "29"
      ], 
      [
        1633609289, 
        "28"
      ], 
      [
        1633609304, 
        "27"
      ], 
      [
        1633609334, 
        "29"
      ], 
      [
        1633609349, 
        "28"
      ], 
      [
        1633609364, 
        "28"
      ], 
      [
        1633609379, 
        "25"
      ], 
      [
        1633609394, 
        "29"
      ], 
      [
        1633609409, 
        "26"
      ], 
      [
        1633609424, 
        "26"
      ], 
      [
        1633609439, 
        "26"
      ], 
      [
        1633609454, 
        "24"
      ], 
      [
        1633609469, 
        "24"
      ], 
      [
        1633609484, 
        "25"
      ], 
      [
        1633609499, 
        "24"
      ], 
      [
        1633609514, 
        "24"
      ]
    ]
  }, 
  "sync_blocks_recieved": {
    "metric": {
      "instance": "172.17.0.1:3033", 
      "job": "openethereum"
    },