{
  "stat": {
    "blockchaincache_size": {
      "max": 12989044.0, 
      "mean": 6176536.5, 
      "variance": 13837297241331.75, 
      "pvalue": 0.01453374574983475, 
      "min": 4142112.0
    }, 
    "kvdb_bytes_read": {
      "max": 537710.548932, 
      "mean": 325708.9396653493, 
      "variance": 28868888514.71873, 
      "pvalue": 0.00026354993204489707, 
      "min": 27214.643484000004
    }, 
    "sync_blocks_highest": {
      "max": 3.6132799999999983, 
      "mean": 0.9420444444444445, 
      "variance": 1.901411500246913, 
      "pvalue": 0.8589448616747823, 
      "min": 0.0
    }, 
    "import_blocks": {
      "max": 2.3808599999999993, 
      "mean": 0.3761666799946688, 
      "variance": 0.7700746088298045, 
      "pvalue": 0.01082632182735387, 
      "min": 0.0
    }, 
    "peer_stats": {
      "max": 27.0, 
      "mean": 21.375, 
      "variance": 27.359375, 
      "pvalue": 0.0002345331860929656, 
      "min": 12.0
    }, 
    "sync_blocks_recieved": {
      "max": 3.6132799999999983, 
      "mean": 0.9420444444444445, 
      "variance": 1.901411500246913, 
      "pvalue": 0.8639526569413, 
      "min": 0.0
    }, 
    "kvdb_bytes_write": {
      "max": 4563003.121425428, 
      "mean": 1104560.1306032308, 
      "variance": 2929810138988.1865, 
      "pvalue": 0.2798016260704008, 
      "min": 0.0
    }
  }, 
  "blockchaincache_size": {
    "metric": {
      "__name__": "blockchaincache_size", 
      "job": "openethereum", 
      "instance": "172.17.0.1:3033"
    }, 
    "values": [
      [
        1633476642, 
        "4142112"
      ], 
      [
        1633476657, 
        "4142112"
      ], 
      [
        1633476672, 
        "11115168"
      ], 
      [
        1633476687, 
        "4676808"
      ], 
      [
        1633476717, 
        "18610672"
      ], 
      [
        1633476732, 
        "9281816"
      ], 
      [
        1633476747, 
        "4683744"
      ], 
      [
        1633476792, 
        "4684560"
      ], 
      [
        1633476807, 
        "4684560"
      ], 
      [
        1633476837, 
        "4685104"
      ], 
      [
        1633476852, 
        "4685648"
      ], 
      [
        1633476867, 
        "4686184"
      ], 
      [
        1633476882, 
        "4686184"
      ], 
      [
        1633476897, 
        "4686184"
      ], 
      [
        1633476912, 
        "4686728"
      ], 
      [
        1633476942, 
        "4687000"
      ]
    ]
  }, 
  "kvdb_bytes_read": {
    "metric": {
      "instance": "172.17.0.1:3033", 
      "job": "openethereum"
    }, 
    "values": [
      [
        1633476642, 
        "61168.1"
      ], 
      [
        1633476657, 
        "231029.2"
      ], 
      [
        1633476672, 
        "359185.12594962015"
      ], 
      [
        1633476687, 
        "442629.6"
      ], 
      [
        1633476702, 
        "28280.057040000003"
      ], 
      [
        1633476717, 
        "21177.3"
      ], 
      [
        1633476732, 
        "369290.1"
      ], 
      [
        1633476747, 
        "422485.1"
      ], 
      [
        1633476792, 
        "231334.6"
      ], 
      [
        1633476807, 
        "440691.7"
      ], 
      [
        1633476822, 
        "455095.8271200001"
      ], 
      [
        1633476837, 
        "482571.7"
      ], 
      [
        1633476852, 
        "444307.2"
      ], 
      [
        1633476867, 
        "310074.5"
      ], 
      [
        1633476882, 
        "91241.6"
      ], 
      [
        1633476897, 
        "533943"
      ], 
      [
        1633476912, 
        "379196.2109866666"
      ], 
      [
        1633476927, 
        "559059.99288"
      ]
    ]
  }, 
  "sync_blocks_highest": {
    "metric": {
      "instance": "172.17.0.1:3033", 
      "job": "openethereum"
    }, 
    "values": [
      [
        1633476642, 
        "1.5"
      ], 
      [
        1633476657, 
        "0"
      ], 
      [
        1633476672, 
        "0"
      ], 
      [
        1633476687, 
        "0"
      ], 
      [
        1633476702, 
        "0"
      ], 
      [
        1633476717, 
        "0"
      ], 
      [
        1633476732, 
        "0"
      ], 
      [
        1633476747, 
        "3"
      ], 
      [
        1633476792, 
        "1.5"
      ], 
      [
        1633476807, 
        "4.5"
      ], 
      [
        1633476822, 
        "0"
      ], 
      [
        1633476837, 
        "0"
      ], 
      [
        1633476852, 
        "1.5"
      ], 
      [
        1633476867, 
        "0"
      ], 
      [
        1633476882, 
        "0"
      ], 
      [
        1633476897, 
        "1.5"
      ], 
      [
        1633476912, 
        "3.4568"
      ], 
      [
        1633476927, 
        "0"
      ]
    ]
  }, 
  "import_blocks": {
    "metric": {
      "instance": "172.17.0.1:3033", 
      "job": "openethereum"
    }, 
    "values": [
      [
        1633476642, 
        "0"
      ], 
      [
        1633476657, 
        "0"
      ], 
      [
        1633476672, 
        "1.4994002399040385"
      ], 
      [
        1633476687, 
        "0"
      ], 
      [
        1633476702, 
        "0"
      ], 
      [
        1633476717, 
        "0"
      ], 
      [
        1633476732, 
        "0"
      ], 
      [
        1633476747, 
        "0"
      ], 
      [
        1633476792, 
        "0"
      ], 
      [
        1633476807, 
        "0"
      ], 
      [
        1633476822, 
        "2.2716000000000003"
      ], 
      [
        1633476837, 
        "0"
      ], 
      [
        1633476852, 
        "3"
      ], 
      [
        1633476867, 
        "0"
      ], 
      [
        1633476882, 
        "0"
      ], 
      [
        1633476897, 
        "0"
      ], 
      [
        1633476912, 
        "0"
      ], 
      [
        1633476927, 
        "0"
      ]
    ]
  }, 
  "peer_stats": {
    "metric": {
      "__name__": "net_peers", 
      "job": "openethereum", 
      "instance": "172.17.0.1:3033"
    }, 
    "values": [
      [
        1633476642, 
        "24"
      ], 
      [
        1633476657, 
        "24"
      ], 
      [
        1633476672, 
        "23"
      ], 
      [
        1633476687, 
        "22"
      ], 
      [
        1633476717, 
        "25"
      ], 
      [
        1633476732, 
        "25"
      ], 
      [
        1633476747, 
        "21"
      ], 
      [
        1633476792, 
        "14"
      ], 
      [
        1633476807, 
        "12"
      ], 
      [
        1633476837, 
        "12"
      ], 
      [
        1633476852, 
        "13"
      ], 
      [
        1633476867, 
        "26"
      ], 
      [
        1633476882, 
        "27"
      ], 
      [
        1633476897, 
        "27"
      ], 
      [
        1633476912, 
        "24"
      ], 
      [
        1633476942, 
        "23"
      ]
    ]
  }, 
  "sync_blocks_recieved": {
    "metric": {
      "instance": "172.17.0.1:3033", 
      "job": "openethereum"
    }, 
    "values": [
      [
        1633476642, 
        "1.5"
      ], 
      [
        1633476657, 
        "0"
      ], 
      [
        1633476672, 
        "0"
      ], 
      [
        1633476687, 
        "0"
      ], 
      [
        1633476702, 
        "0"
      ], 
      [
        1633476717, 
        "0"
      ], 
      [
        1633476732, 
        "0"
      ], 
      [
        1633476747, 
        "3"
      ], 
      [
        1633476792, 
        "1.5"
      ], 
      [
        1633476807, 
        "4.5"
      ], 
      [
        1633476822, 
        "0"
      ], 
      [
        1633476837, 
        "0"
      ], 
      [
        1633476852, 
        "1.5"
      ], 
      [
        1633476867, 
        "0"
      ], 
      [
        1633476882, 
        "0"
      ], 
      [
        1633476897, 
        "1.5"
      ], 
      [
        1633476912, 
        "3.4568"
      ], 
      [
        1633476927, 
        "0"
      ]
    ]
  }, 
  "kvdb_bytes_write": {
    "metric": {
      "instance": "172.17.0.1:3033",