{
  "stat": {
    "blockchaincache_size": {
      "max": 6097315.999999997, 
      "mean": 2730082.5263157897, 
      "variance": 4330794744926.6704, 
      "pvalue": 0.00957427664324233, 
      "min": 220560.0
    }, 
    "kvdb_bytes_read": {
      "max": 622183.0700000002, 
      "mean": 303251.0197186667, 
      "variance": 48393892469.37627, 
      "pvalue": 0.002488636947339375, 
      "min": 67793.67169733334
    }, 
    "sync_blocks_highest": {
      "max": 3.0, 
      "mean": 0.9864200000000001, 
      "variance": 0.9763439116000004, 
      "pvalue": 0.9999591653641372, 
      "min": 0.0
    }, 
    "import_blocks": {
      "max": 3.150000000000002, 
      "mean": 0.825, 
      "variance": 2.131874999999999, 
      "pvalue": 0.8534740305155397, 
      "min": 0.0
    }, 
    "peer_stats": {
      "max": 22.0, 
      "mean": 13.368421052631579, 
      "variance": 27.18005540166205, 
      "pvalue": 8.502160373636976e-15, 
      "min": 6.8999999999999995
    }, 
    "sync_blocks_recieved": {
      "max": 3.0, 
      "mean": 0.91142, 
      "variance": 1.0061819115999997, 
      "pvalue": 0.9998476008338548, 
      "min": 0.0
    }, 
    "kvdb_bytes_write": {
      "max": 3817378.2000000007, 
      "mean": 736491.49, 
      "variance": 1757139031091.4, 
      "pvalue": 0.9207182398525693, 
      "min": 0.0
    }
  }, 
  "blockchaincache_size": {
    "metric": {
      "__name__": "blockchaincache_size", 
      "job": "openethereum", 
      "instance": "172.17.0.1:3033"
    }, 
    "values": [
      [
        1633477847, 
        "220560"
      ], 
      [
        1633477862, 
        "220560"
      ], 
      [
        1633477877, 
        "364192"
      ], 
      [
        1633477892, 
        "933712"
      ], 
      [
        1633477907, 
        "933712"
      ], 
      [
        1633477922, 
        "1221704"
      ], 
      [
        1633477937, 
        "1221704"
      ], 
      [
        1633477967, 
        "1328088"
      ], 
      [
        1633477997, 
        "1638312"
      ], 
      [
        1633478012, 
        "1639408"
      ], 
      [
        1633478027, 
        "2571488"
      ], 
      [
        1633478042, 
        "3606336"
      ], 
      [
        1633478057, 
        "3606336"
      ], 
      [
        1633478072, 
        "7066184"
      ], 
      [
        1633478087, 
        "4762864"
      ], 
      [
        1633478102, 
        "4689312"
      ], 
      [
        1633478117, 
        "4689312"
      ], 
      [
        1633478132, 
        "5168120"
      ], 
      [
        1633478147, 
        "5989664"
      ]
    ]
  }, 
  "kvdb_bytes_read": {
    "metric": {
      "instance": "172.17.0.1:3033", 
      "job": "openethereum"
    }, 
    "values": [
      [
        1633477847, 
        "396019.2"
      ], 
      [
        1633477862, 
        "97492.3"
      ], 
      [
        1633477877, 
        "393948.3"
      ], 
      [
        1633477892, 
        "541764.6"
      ], 
      [
        1633477907, 
        "83817.6"
      ], 
      [
        1633477922, 
        "438846.6"
      ], 
      [
        1633477937, 
        "68742.7"
      ], 
      [
        1633477952, 
        "72789.48456000001"
      ], 
      [
        1633477967, 
        "70483.57586666667"
      ], 
      [
        1633477997, 
        "450680.6"
      ], 
      [
        1633478012, 
        "780349.9"
      ], 
      [
        1633478027, 
        "77205.6"
      ], 
      [
        1633478042, 
        "446347.7"
      ], 
      [
        1633478057, 
        "78112"
      ], 
      [
        1633478072, 
        "459932.1"
      ], 
      [
        1633478087, 
        "613858.5"
      ], 
      [
        1633478102, 
        "393420.9"
      ], 
      [
        1633478117, 
        "49762.13394666666"
      ], 
      [
        1633478132, 
        "443722.8"
      ], 
      [
        1633478147, 
        "107723.8"
      ]
    ]
  }, 
  "sync_blocks_highest": {
    "metric": {
      "instance": "172.17.0.1:3033", 
      "job": "openethereum"
    }, 
    "values": [
      [
        1633477847, 
        "1.5"
      ], 
      [
        1633477862, 
        "1.5"
      ], 
      [
        1633477877, 
        "1.5"
      ], 
      [
        1633477892, 
        "0"
      ], 
      [
        1633477907, 
        "3"
      ], 
      [
        1633477922, 
        "0"
      ], 
      [
        1633477937, 
        "0"
      ], 
      [
        1633477952, 
        "0"
      ], 
      [
        1633477967, 
        "1.7284"
      ], 
      [
        1633477997, 
        "1.5"
      ], 
      [
        1633478012, 
        "1.5"
      ], 
      [
        1633478027, 
        "3"
      ], 
      [
        1633478042, 
        "0"
      ], 
      [
        1633478057, 
        "0"
      ], 
      [
        1633478072, 
        "1.5"
      ], 
      [
        1633478087, 
        "0"
      ], 
      [
        1633478102, 
        "0"
      ], 
      [
        1633478117, 
        "0"
      ], 
      [
        1633478132, 
        "1.5"
      ], 
      [
        1633478147, 
        "1.5"
      ]
    ]
  }, 
  "import_blocks": {
    "metric": {
      "instance": "172.17.0.1:3033", 
      "job": "openethereum"
    }, 
    "values": [
      [
        1633477847, 
        "0"
      ], 
      [
        1633477862, 
        "0"
      ], 
      [
        1633477877, 
        "1.5"
      ], 
      [
        1633477892, 
        "6"
      ], 
      [
        1633477907, 
        "0"
      ], 
      [
        1633477922, 
        "1.5"
      ], 
      [
        1633477937, 
        "0"
      ], 
      [
        1633477952, 
        "0"
      ], 
      [
        1633477967, 
        "0"
      ], 
      [
        1633477997, 
        "1.5"
      ], 
      [
        1633478012, 
        "3"
      ], 
      [
        1633478027, 
        "0"
      ], 
      [
        1633478042, 
        "1.5"
      ], 
      [
        1633478057, 
        "0"
      ], 
      [
        1633478072, 
        "1.5"
      ], 
      [
        1633478087, 
        "0"
      ], 
      [
        1633478102, 
        "0"
      ], 
      [
        1633478117, 
        "0"
      ], 
      [
        1633478132, 
        "0"
      ], 
      [
        1633478147, 
        "0"
      ]
    ]
  }, 
  "peer_stats": {
    "metric": {
      "__name__": "net_peers", 
      "job": "openethereum", 
      "instance": "172.17.0.1:3033"
    }, 
    "values": [
      [
        1633477847, 
        "6"
      ], 
      [
        1633477862, 
        "11"
      ], 
      [
        1633477877, 
        "12"
      ], 
      [
        1633477892, 
        "20"
      ], 
      [
        1633477907, 
        "22"
      ], 
      [
        1633477922, 
        "22"
      ], 
      [
        1633477937, 
        "22"
      ], 
      [
        1633477967, 
        "17"
      ], 
      [
        1633477997, 
        "18"
      ], 
      [
        1633478012, 
        "16"
      ], 
      [
        1633478027, 
        "8"
      ], 
      [
        1633478042, 
        "10"
      ], 
      [
        1633478057, 
        "11"
      ], 
      [
        1633478072, 
        "9"
      ], 
      [
        1633478087, 
        "7"
      ], 
      [
        1633478102, 
        "9"
      ], 
      [
        1633478117, 
        "9"
      ], 
      [
        1633478132, 
        "12"
      ], 
      [
        1633478147, 
        "13"
      ]
    ]
  }, 
  "sync_blocks_recieved": {
    "metric": {
      "instance": "172.17.0.1:3033", 
      "job": "openethereum"
    },