{
  "stat": {
    "blockchaincache_size": {
      "max": 10701362.399999987, 
      "mean": 2750425.6, 
      "variance": 24040306669023.58, 
      "pvalue": 6.1266472850838065e-06, 
      "min": 5224.0
    }, 
    "kvdb_bytes_read": {
      "max": 1007959.1300000001, 
      "mean": 311406.90874370374, 
      "variance": 132084600308.0905, 
      "pvalue": 0.010313152262302039, 
      "min": 0.0
    }, 
    "sync_blocks_highest": {
      "max": 5.546719999999986, 
      "mean": 1.4762, 
      "variance": 9.801116111111108, 
      "pvalue": 0.8589448616747823, 
      "min": 0.0
    }, 
    "import_blocks": {
      "max": 4.5, 
      "mean": 1.0952666666666666, 
      "variance": 2.867481640000001, 
      "pvalue": 0.7903565621984335, 
      "min": 0.0
    }, 
    "peer_stats": {
      "max": 7.0, 
      "mean": 2.2666666666666666, 
      "variance": 6.86222222222222, 
      "pvalue": 2.6690101783246335e-14, 
      "min": 0.0
    }, 
    "sync_blocks_recieved": {
      "max": 5.771719999999984, 
      "mean": 1.4524, 
      "variance": 12.03922087111111, 
      "pvalue": 0.4771448062625182, 
      "min": 0.0
    }, 
    "kvdb_bytes_write": {
      "max": 1524719.6087719975, 
      "mean": 456628.2768311111, 
      "variance": 554499458566.279, 
      "pvalue": 0.6773719604679546, 
      "min": 0.0
    }
  }, 
  "blockchaincache_size": {
    "metric": {
      "__name__": "blockchaincache_size", 
      "job": "openethereum", 
      "instance": "172.17.0.1:3033"
    }, 
    "values": [
      [
        1633477543, 
        "7267680"
      ], 
      [
        1633477558, 
        "4969664"
      ], 
      [
        1633477603, 
        "4972960"
      ], 
      [
        1633477633, 
        "4636568"
      ], 
      [
        1633477648, 
        "18713288"
      ], 
      [
        1633477678, 
        "5224"
      ], 
      [
        1633477693, 
        "5224"
      ], 
      [
        1633477708, 
        "5224"
      ], 
      [
        1633477723, 
        "5224"
      ], 
      [
        1633477738, 
        "5224"
      ], 
      [
        1633477783, 
        "5224"
      ], 
      [
        1633477798, 
        "5224"
      ], 
      [
        1633477813, 
        "219616"
      ], 
      [
        1633477828, 
        "219616"
      ], 
      [
        1633477843, 
        "220424"
      ]
    ]
  }, 
  "kvdb_bytes_read": {
    "metric": {
      "instance": "172.17.0.1:3033", 
      "job": "openethereum"
    }, 
    "values": [
      [
        1633477543, 
        "1013440.1"
      ], 
      [
        1633477558, 
        "1006991.9"
      ], 
      [
        1633477573, 
        "579488.9442133333"
      ], 
      [
        1633477588, 
        "516375.1642933333"
      ], 
      [
        1633477603, 
        "1006481.9"
      ], 
      [
        1633477633, 
        "141924.96904"
      ], 
      [
        1633477648, 
        "384546.22936"
      ], 
      [
        1633477678, 
        "424885.27191999997"
      ], 
      [
        1633477693, 
        "17155.4"
      ], 
      [
        1633477708, 
        "0"
      ], 
      [
        1633477723, 
        "0"
      ], 
      [
        1633477738, 
        "0"
      ], 
      [
        1633477753, 
        "0"
      ], 
      [
        1633477783, 
        "0"
      ], 
      [
        1633477798, 
        "0"
      ], 
      [
        1633477813, 
        "47364.2"
      ], 
      [
        1633477828, 
        "290498.1"
      ], 
      [
        1633477843, 
        "176172.17856"
      ]
    ]
  }, 
  "sync_blocks_highest": {
    "metric": {
      "instance": "172.17.0.1:3033", 
      "job": "openethereum"
    }, 
    "values": [
      [
        1633477543, 
        "1.5"
      ], 
      [
        1633477558, 
        "1.5"
      ], 
      [
        1633477573, 
        "2.0716"
      ], 
      [
        1633477588, 
        "4.1432"
      ], 
      [
        1633477603, 
        "0"
      ], 
      [
        1633477633, 
        "0"
      ], 
      [
        1633477648, 
        "1.9284"
      ], 
      [
        1633477678, 
        "1.9284"
      ], 
      [
        1633477693, 
        "0"
      ], 
      [
        1633477708, 
        "0"
      ], 
      [
        1633477723, 
        "0"
      ], 
      [
        1633477738, 
        "0"
      ], 
      [
        1633477753, 
        "0"
      ], 
      [
        1633477783, 
        "0"
      ], 
      [
        1633477798, 
        "0"
      ], 
      [
        1633477813, 
        "13.5"
      ], 
      [
        1633477828, 
        "0"
      ], 
      [
        1633477843, 
        "0"
      ]
    ]
  }, 
  "import_blocks": {
    "metric": {
      "instance": "172.17.0.1:3033", 
      "job": "openethereum"
    }, 
    "values": [
      [
        1633477543, 
        "4.5"
      ], 
      [
        1633477558, 
        "3"
      ], 
      [
        1633477573, 
        "0"
      ], 
      [
        1633477588, 
        "4.1432"
      ], 
      [
        1633477603, 
        "4.5"
      ], 
      [
        1633477633, 
        "0"
      ], 
      [
        1633477648, 
        "0"
      ], 
      [
        1633477678, 
        "0"
      ], 
      [
        1633477693, 
        "0"
      ], 
      [
        1633477708, 
        "0"
      ], 
      [
        1633477723, 
        "0"
      ], 
      [
        1633477738, 
        "0"
      ], 
      [
        1633477753, 
        "0"
      ], 
      [
        1633477783, 
        "0"
      ], 
      [
        1633477798, 
        "0"
      ], 
      [
        1633477813, 
        "1.5"
      ], 
      [
        1633477828, 
        "0"
      ], 
      [
        1633477843, 
        "2.0716"
      ]
    ]
  }, 
  "peer_stats": {
    "metric": {
      "__name__": "net_peers", 
      "job": "openethereum", 
      "instance": "172.17.0.1:3033"
    }, 
    "values": [
      [
        1633477543, 
        "7"
      ], 
      [
        1633477558, 
        "7"
      ], 
      [
        1633477603, 
        "2"
      ], 
      [
        1633477633, 
        "2"
      ], 
      [
        1633477648, 
        "2"
      ], 
      [
        1633477678, 
        "0"
      ], 
      [
        1633477693, 
        "0"
      ], 
      [
        1633477708, 
        "0"
      ], 
      [
        1633477723, 
        "0"
      ], 
      [
        1633477738, 
        "0"
      ], 
      [
        1633477783, 
        "0"
      ], 
      [
        1633477798, 
        "0"
      ], 
      [
        1633477813, 
        "5"
      ], 
      [
        1633477828, 
        "3"
      ], 
      [
        1633477843, 
        "6"
      ]
    ]
  }, 
  "sync_blocks_recieved": {
    "metric": {
      "instance": "172.17.0.1:3033", 
      "job": "openethereum"
    }, 
    "values": [
      [
        1633477543, 
        "1.5"
      ], 
      [
        1633477558, 
        "1.5"
      ], 
      [
        1633477573, 
        "2.0716"
      ], 
      [
        1633477588, 
        "4.1432"
      ], 
      [
        1633477603, 
        "0"
      ], 
      [
        1633477633, 
        "0"
      ], 
      [
        1633477648, 
        "1.9284"
      ], 
      [
        1633477678, 
        "0"
      ], 
      [
        1633477693, 
        "0"
      ], 
      [
        1633477708, 
        "0"
      ], 
      [
        1633477723, 
        "0"
      ], 
      [
        1633477738, 
        "0"
      ], 
      [
        1633477753, 
        "0"
      ], 
      [
        1633477783, 
        "0"
      ], 
      [
        1633477798, 
        "0"
      ], 
      [
        1633477813, 
        "15"
      ], 
      [
        1633477828, 
        "0"
      ], 
      [
        1633477843, 
        "0"
      ]
    ]
  }, 
  "kvdb_bytes_write": {
    "metric": {
      "instance": "172.17.0.1:3033", 
      "job": "openethereum"
    },