{
  "stat": {
    "blockchaincache_size": {
      "max": 5890622.400000001, 
      "mean": 5825992.8, 
      "variance": 298878946757.76, 
      "pvalue": 8.968156059378674e-07, 
      "min": 5348198.0
    }, 
    "kvdb_bytes_read": {
      "max": 529042.9, 
      "mean": 312615.1043606349, 
      "variance": 20253729716.13642, 
      "pvalue": 6.263989419572176e-05, 
      "min": 93361.4
    }, 
    "sync_blocks_highest": {
      "max": 1.7284, 
      "mean": 0.8680190476190477, 
      "variance": 0.7816556263038548, 
      "pvalue": 0.3233675286135951, 
      "min": 0.0
    }, 
    "import_blocks": {
      "max": 1.5, 
      "mean": 0.8571428571428571, 
      "variance": 0.5510204081632654, 
      "pvalue": 0.42178054952299815, 
      "min": 0.0
    }, 
    "peer_stats": {
      "max": 32.0, 
      "mean": 29.85, 
      "variance": 2.227500000000001, 
      "pvalue": 1.494205981957714e-06, 
      "min": 27.95
    }, 
    "sync_blocks_recieved": {
      "max": 1.7284, 
      "mean": 0.9394476190476191, 
      "variance": 0.7596937215419505, 
      "pvalue": 0.44481641102505265, 
      "min": 0.0
    }, 
    "kvdb_bytes_write": {
      "max": 604440.2, 
      "mean": 227479.50476190474, 
      "variance": 54272127019.46903, 
      "pvalue": 0.18763374615552064, 
      "min": 0.0
    }
  }, 
  "blockchaincache_size": {
    "metric": {
      "__name__": "blockchaincache_size", 
      "job": "openethereum", 
      "instance": "172.17.0.1:3033"
    }, 
    "values": [
      [
        1633608912, 
        "5347400"
      ], 
      [
        1633608927, 
        "5348240"
      ], 
      [
        1633608942, 
        "5768240"
      ], 
      [
        1633608957, 
        "5768816"
      ], 
      [
        1633608972, 
        "5769104"
      ], 
      [
        1633608987, 
        "5769408"
      ], 
      [
        1633609002, 
        "5769408"
      ], 
      [
        1633609017, 
        "5769696"
      ], 
      [
        1633609032, 
        "5770272"
      ], 
      [
        1633609047, 
        "5770560"
      ], 
      [
        1633609062, 
        "5771120"
      ], 
      [
        1633609077, 
        "5771848"
      ], 
      [
        1633609092, 
        "5771848"
      ], 
      [
        1633609107, 
        "5772136"
      ], 
      [
        1633609122, 
        "5772424"
      ], 
      [
        1633609137, 
        "5772712"
      ], 
      [
        1633609152, 
        "5773000"
      ], 
      [
        1633609167, 
        "5773272"
      ], 
      [
        1633609197, 
        "8120280"
      ], 
      [
        1633609212, 
        "5370072"
      ]
    ]
  }, 
  "kvdb_bytes_read": {
    "metric": {
      "instance": "172.17.0.1:3033", 
      "job": "openethereum"
    }, 
    "values": [
      [
        1633608912, 
        "219528.3"
      ], 
      [
        1633608927, 
        "425507.6"
      ], 
      [
        1633608942, 
        "109489.6"
      ], 
      [
        1633608957, 
        "575272.7"
      ], 
      [
        1633608972, 
        "89430.1"
      ], 
      [
        1633608987, 
        "319835.6"
      ], 
      [
        1633609002, 
        "322967.1"
      ], 
      [
        1633609017, 
        "201050.13821333332"
      ], 
      [
        1633609032, 
        "391310.4"
      ], 
      [
        1633609047, 
        "436882.5"
      ], 
      [
        1633609062, 
        "523187.6"
      ], 
      [
        1633609077, 
        "190348.1"
      ], 
      [
        1633609092, 
        "93361.4"
      ], 
      [
        1633609107, 
        "375188.3"
      ], 
      [
        1633609122, 
        "339683.9"
      ], 
      [
        1633609137, 
        "346210.8"
      ], 
      [
        1633609152, 
        "207776.5"
      ], 
      [
        1633609167, 
        "408047.3"
      ], 
      [
        1633609182, 
        "140902.65336"
      ], 
      [
        1633609197, 
        "319893.7"
      ], 
      [
        1633609212, 
        "529042.9"
      ]
    ]
  }, 
  "sync_blocks_highest": {
    "metric": {
      "instance": "172.17.0.1:3033", 
      "job": "openethereum"
    }, 
    "values": [
      [
        1633608912, 
        "1.5"
      ], 
      [
        1633608927, 
        "0"
      ], 
      [
        1633608942, 
        "0"
      ], 
      [
        1633608957, 
        "0"
      ], 
      [
        1633608972, 
        "3"
      ], 
      [
        1633608987, 
        "1.5"
      ], 
      [
        1633609002, 
        "0"
      ], 
      [
        1633609017, 
        "1.7284"
      ], 
      [
        1633609032, 
        "1.5"
      ], 
      [
        1633609047, 
        "0"
      ], 
      [
        1633609062, 
        "1.5"
      ], 
      [
        1633609077, 
        "1.5"
      ], 
      [
        1633609092, 
        "0"
      ], 
      [
        1633609107, 
        "0"
      ], 
      [
        1633609122, 
        "1.5"
      ], 
      [
        1633609137, 
        "1.5"
      ], 
      [
        1633609152, 
        "0"
      ], 
      [
        1633609167, 
        "1.5"
      ], 
      [
        1633609182, 
        "0"
      ], 
      [
        1633609197, 
        "1.5"
      ], 
      [
        1633609212, 
        "0"
      ]
    ]
  }, 
  "import_blocks": {
    "metric": {
      "instance": "172.17.0.1:3033", 
      "job": "openethereum"
    }, 
    "values": [
      [
        1633608912, 
        "0"
      ], 
      [
        1633608927, 
        "1.5"
      ], 
      [
        1633608942, 
        "0"
      ], 
      [
        1633608957, 
        "1.5"
      ], 
      [
        1633608972, 
        "0"
      ], 
      [
        1633608987, 
        "1.5"
      ], 
      [
        1633609002, 
        "0"
      ], 
      [
        1633609017, 
        "0"
      ], 
      [
        1633609032, 
        "1.5"
      ], 
      [
        1633609047, 
        "1.5"
      ], 
      [
        1633609062, 
        "1.5"
      ], 
      [
        1633609077, 
        "1.5"
      ], 
      [
        1633609092, 
        "0"
      ], 
      [
        1633609107, 
        "1.5"
      ], 
      [
        1633609122, 
        "1.5"
      ], 
      [
        1633609137, 
        "1.5"
      ], 
      [
        1633609152, 
        "0"
      ], 
      [
        1633609167, 
        "1.5"
      ], 
      [
        1633609182, 
        "0"
      ], 
      [
        1633609197, 
        "0"
      ], 
      [
        1633609212, 
        "1.5"
      ]
    ]
  }, 
  "peer_stats": {
    "metric": {
      "__name__": "net_peers", 
      "job": "openethereum", 
      "instance": "172.17.0.1:3033"
    }, 
    "values": [
      [
        1633608912, 
        "29"
      ], 
      [
        1633608927, 
        "30"
      ], 
      [
        1633608942, 
        "31"
      ], 
      [
        1633608957, 
        "32"
      ], 
      [
        1633608972, 
        "32"
      ], 
      [
        1633608987, 
        "32"
      ], 
      [
        1633609002, 
        "31"
      ], 
      [
        1633609017, 
        "30"
      ], 
      [
        1633609032, 
        "30"
      ], 
      [
        1633609047, 
        "29"
      ], 
      [
        1633609062, 
        "27"
      ], 
      [
        1633609077, 
        "28"
      ], 
      [
        1633609092, 
        "28"
      ], 
      [
        1633609107, 
        "28"
      ], 
      [
        1633609122, 
        "28"
      ], 
      [
        1633609137, 
        "30"
      ], 
      [
        1633609152, 
        "31"
      ], 
      [
        1633609167, 
        "31"
      ], 
      [
        1633609197, 
        "31"
      ], 
      [
        1633609212, 
        "29"
      ]
    ]
  }, 
  "sync_blocks_recieved": {
    "metric": {
      "instance": "172.17.0.1:3033", 
      "job": "openethereum"
    },