{
  "known_broadcasts": {
    "values": [
      [
        1633641000, 
        0.2994322145390544
      ], 
      [
        1633641015, 
        0.3654017169697826
      ], 
      [
        1633641030, 
        0.5263694257136988
      ], 
      [
        1633641045, 
        0.5909763521744321
      ], 
      [
        1633641060, 
        0.7066625650397645
      ], 
      [
        1633641075, 
        0.6830573726730023
      ], 
      [
        1633641090, 
        0.5933032300831489
      ], 
      [
        1633641105, 
        0.545712343751315
      ], 
      [
        1633641120, 
        0.5673035888422964
      ], 
      [
        1633641135, 
        0.5717569591431014
      ], 
      [
        1633641150, 
        0.5733714008962641
      ], 
      [
        1633641165, 
        0.6539956876247949
      ], 
      [
        1633641180, 
        0.6318456371918855
      ], 
      [
        1633641195, 
        0.497122851052732
      ], 
      [
        1633641210, 
        0.38850474821132464
      ], 
      [
        1633641225, 
        0.39746695325205095
      ], 
      [
        1633641240, 
        0.32538666726862675
      ], 
      [
        1633641255, 
        0.3408092571310571
      ], 
      [
        1633641270, 
        0.2743402142884587
      ], 
      [
        1633641285, 
        0.32451379668830077
      ], 
      [
        1633641300, 
        0.38663281789046233
      ]
    ], 
    "name": "geth.eth/fetcher/block/broadcasts/drop.meter", 
    "columns": [
      "time", 
      "mean"
    ]
  }, 
  "memory_used": {
    "values": [
      [
        1633641000, 
        2072214472
      ], 
      [
        1633641015, 
        1716117720
      ], 
      [
        1633641030, 
        1920189800
      ], 
      [
        1633641045, 
        1584170808
      ], 
      [
        1633641060, 
        1752528340
      ], 
      [
        1633641075, 
        1966898336
      ], 
      [
        1633641090, 
        1616174196
      ], 
      [
        1633641105, 
        1932026416
      ], 
      [
        1633641120, 
        1646289724
      ], 
      [
        1633641135, 
        1971577440
      ], 
      [
        1633641150, 
        1664239232
      ], 
      [
        1633641165, 
        1967122912
      ], 
      [
        1633641180, 
        1679120720
      ], 
      [
        1633641195, 
        1956960272
      ], 
      [
        1633641210, 
        1652146608
      ], 
      [
        1633641225, 
        1974705280
      ], 
      [
        1633641240, 
        1690213544
      ], 
      [
        1633641255, 
        2032911128
      ], 
      [
        1633641270, 
        1735290628
      ], 
      [
        1633641285, 
        2026444320
      ], 
      [
        1633641300, 
        1597908424
      ]
    ], 
    "name": "geth.system/memory/used.gauge", 
    "columns": [
      "time", 
      "mean"
    ]
  }, 
  "stat": {
    "known_broadcasts": {
      "max": 0.6830573726730023, 
      "mean": 0.4878078952583597, 
      "variance": 0.018129672326519037, 
      "pvalue": 0.000279762485149048, 
      "min": 0.2994322145390544
    }, 
    "memory_used": {
      "max": 2032911128.0, 
      "mean": 1816916681.9047618, 
      "variance": 2.719763080021094e+16, 
      "pvalue": 0.2677728644697969, 
      "min": 1597908424.0
    }, 
    "disk_write": {
      "max": 1270.2327686397311, 
      "mean": 664.6725945564934, 
      "variance": 113574.25301177634, 
      "pvalue": 5.875458891187047e-11, 
      "min": 234.15876965330975
    }, 
    "disk_read": {
      "max": 27485360.058433775, 
      "mean": 23906801.672864676, 
      "variance": 8030392874772.346, 
      "pvalue": 0.002967439091052852, 
      "min": 19322932.574900027
    }, 
    "traffic_egress": {
      "max": 54640.439889534944, 
      "mean": 41720.169447632165, 
      "variance": 62339645.358049266, 
      "pvalue": 9.311680850921672e-15, 
      "min": 32012.292339815784
    }, 
    "peer_stats": {
      "max": 53.0, 
      "mean": 50.785714285714285, 
      "variance": 0.9421768707482993, 
      "pvalue": 0.4235225791630818, 
      "min": 50.0
    }, 
    "traffic_ingress": {
      "max": 176796.6553233706, 
      "mean": 129252.48236392523, 
      "variance": 497521915.4027167, 
      "pvalue": 4.167468674471278e-12, 
      "min": 109304.61205092393
    }, 
    "known_announcements": {
      "max": 1.557052190252831, 
      "mean": 1.2056788212371974, 
      "variance": 0.07602981306068968, 
      "pvalue": 3.5762262487944914e-11, 
      "min": 0.7723272258478815
    }
  }, 
  "disk_write": {
    "values": [
      [
        1633641000, 
        276.62590079374564
      ], 
      [
        1633641015, 
        234.15876965330975
      ], 
      [
        1633641030, 
        233.9616553165832
      ], 
      [
        1633641045, 
        390.4106098783535
      ], 
      [
        1633641060, 
        388.0256808549774
      ], 
      [
        1633641075, 
        571.0001993614978
      ], 
      [
        1633641090, 
        535.2811904165458
      ], 
      [
        1633641105, 
        486.35008941411525
      ], 
      [
        1633641120, 
        483.08686448289257
      ], 
      [
        1633641135, 
        540.0074636436755
      ], 
      [
        1633641150, 
        476.29487280011574
      ], 
      [
        1633641165, 
        453.918465763993
      ], 
      [
        1633641180, 
        614.9813856407741
      ], 
      [
        1633641195, 
        700.0394023916408
      ], 
      [
        1633641210, 
        703.5781543088705
      ], 
      [
        1633641225, 
        852.8897469239282
      ], 
      [
        1633641240, 
        1056.106594357065
      ], 
      [
        1633641255, 
        1180.0017123819778
      ], 
      [
        1633641270, 
        1270.2327686397311
      ], 
      [
        1633641285, 
        1284.1560773199549
      ], 
      [
        1633641300, 
        1227.016881342615
      ]
    ], 
    "name": "geth.eth/db/chaindata/disk/write.meter", 
    "columns": [
      "time", 
      "mean"
    ]
  }, 
  "disk_read": {
    "values": [
      [
        1633641000, 
        23302252.855023336
      ], 
      [
        1633641015, 
        22328771.762387972
      ], 
      [
        1633641030, 
        21093555.57548084
      ], 
      [
        1633641045, 
        19869423.300502364
      ], 
      [
        1633641060, 
        19322932.574900027
      ], 
      [
        1633641075, 
        19104362.511906493
      ], 
      [
        1633641090, 
        19506643.737371795
      ], 
      [
        1633641105, 
        21291849.92006918
      ], 
      [
        1633641120, 
        23110164.636239618
      ], 
      [
        1633641135, 
        24414436.345552545
      ], 
      [
        1633641150, 
        24900592.589925256
      ], 
      [
        1633641165, 
        25443268.930700302
      ], 
      [
        1633641180, 
        25541157.36452309
      ], 
      [
        1633641195, 
        25216843.221835803
      ], 
      [
        1633641210, 
        25832884.055444483
      ], 
      [
        1633641225, 
        26491087.603051372
      ], 
      [
        1633641240, 
        26959551.270265535
      ], 
      [
        1633641255, 
        27485360.058433775
      ], 
      [
        1633641270, 
        27798782.764417775
      ], 
      [
        1633641285, 
        27352381.4471284
      ], 
      [
        1633641300, 
        25676532.604998235
      ]
    ], 
    "name": "geth.eth/db/chaindata/disk/read.meter", 
    "columns": [
      "time", 
      "mean"
    ]
  },