{
  "known_broadcasts": {
    "values": [
      [
        1633489185, 
        0.11393965668885393
      ], 
      [
        1633489200, 
        0.1565765680447863
      ], 
      [
        1633489215, 
        0.153708553036214
      ], 
      [
        1633489230, 
        0.17873460372467007
      ], 
      [
        1633489245, 
        0.21521393095465807
      ], 
      [
        1633489260, 
        0.22274419077441046
      ], 
      [
        1633489275, 
        0.23004494663666045
      ], 
      [
        1633489290, 
        0.22985449952445275
      ], 
      [
        1633489305, 
        0.24109121432343422
      ], 
      [
        1633489320, 
        0.22992447976356625
      ], 
      [
        1633489335, 
        0.19327069574504524
      ], 
      [
        1633489350, 
        0.149998240492642
      ], 
      [
        1633489365, 
        0.1639193746893745
      ], 
      [
        1633489380, 
        0.2621420392817815
      ], 
      [
        1633489395, 
        0.39752245598849667
      ], 
      [
        1633489410, 
        0.7151962016203208
      ], 
      [
        1633489425, 
        0.6903554340687107
      ], 
      [
        1633489440, 
        0.6377868245301689
      ], 
      [
        1633489455, 
        0.6646926406390626
      ], 
      [
        1633489470, 
        0.690799857444359
      ], 
      [
        1633489485, 
        0.7101212332239871
      ]
    ], 
    "name": "geth.eth/fetcher/block/broadcasts/drop.meter", 
    "columns": [
      "time", 
      "mean"
    ]
  }, 
  "memory_used": {
    "values": [
      [
        1633489185, 
        1936601320
      ], 
      [
        1633489200, 
        1506452672
      ], 
      [
        1633489215, 
        1706553532
      ], 
      [
        1633489230, 
        1938367536
      ], 
      [
        1633489245, 
        1624825492
      ], 
      [
        1633489260, 
        1862852264
      ], 
      [
        1633489275, 
        1545860428
      ], 
      [
        1633489290, 
        1762719544
      ], 
      [
        1633489305, 
        1696950860
      ], 
      [
        1633489320, 
        1642716528
      ], 
      [
        1633489335, 
        1843912308
      ], 
      [
        1633489350, 
        1513010608
      ], 
      [
        1633489365, 
        1714669484
      ], 
      [
        1633489380, 
        1943371296
      ], 
      [
        1633489395, 
        1502814672
      ], 
      [
        1633489410, 
        1613576840
      ], 
      [
        1633489425, 
        1818571580
      ], 
      [
        1633489440, 
        1542071864
      ], 
      [
        1633489455, 
        1824319752
      ], 
      [
        1633489470, 
        1600475768
      ], 
      [
        1633489485, 
        1810990160
      ]
    ], 
    "name": "geth.system/memory/used.gauge", 
    "columns": [
      "time", 
      "mean"
    ]
  }, 
  "stat": {
    "known_broadcasts": {
      "max": 0.7101212332239871, 
      "mean": 0.34512560196169784, 
      "variance": 0.049334661357159235, 
      "pvalue": 1.022163942409464e-08, 
      "min": 0.149998240492642
    }, 
    "memory_used": {
      "max": 1938367536.0, 
      "mean": 1711984976.5714285, 
      "variance": 2.1361583203647308e+16, 
      "pvalue": 0.00039499231964106653, 
      "min": 1506452672.0
    }, 
    "disk_write": {
      "max": 12819.062105876601, 
      "mean": 6903.9123128882475, 
      "variance": 13664557.50470368, 
      "pvalue": 0.00040793260332205807, 
      "min": 2038.3057635344908
    }, 
    "disk_read": {
      "max": 26409990.405358244, 
      "mean": 22322689.803244423, 
      "variance": 4982619312567.386, 
      "pvalue": 2.4569793238858242e-09, 
      "min": 20280566.897863314
    }, 
    "traffic_egress": {
      "max": 33441.413820897054, 
      "mean": 9680.044040881627, 
      "variance": 127367322.31278226, 
      "pvalue": 0.39574229376156517, 
      "min": 2547.013750749554
    }, 
    "peer_stats": {
      "max": 28.0, 
      "mean": 24.642857142857142, 
      "variance": 6.884353741496601, 
      "pvalue": 1.6526653304976648e-19, 
      "min": 21.0
    }, 
    "traffic_ingress": {
      "max": 257257.08705629816, 
      "mean": 130088.63204269728, 
      "variance": 4655525171.652906, 
      "pvalue": 2.3019154702092387e-08, 
      "min": 70522.5450584387
    }, 
    "known_announcements": {
      "max": 1.1881225655851537, 
      "mean": 0.5404925136824378, 
      "variance": 0.12738967843244503, 
      "pvalue": 2.1218183947659794e-15, 
      "min": 0.16943907177432885
    }
  }, 
  "disk_write": {
    "values": [
      [
        1633489185, 
        12819.062105876601
      ], 
      [
        1633489200, 
        10851.101802862333
      ], 
      [
        1633489215, 
        9053.599807820472
      ], 
      [
        1633489230, 
        7375.179629604479
      ], 
      [
        1633489245, 
        6488.81878431905
      ], 
      [
        1633489260, 
        5296.920391906736
      ], 
      [
        1633489275, 
        4501.542626579323
      ], 
      [
        1633489290, 
        3820.368884887838
      ], 
      [
        1633489305, 
        3365.7002181610387
      ], 
      [
        1633489320, 
        2918.403446597454
      ], 
      [
        1633489335, 
        2459.190383578996
      ], 
      [
        1633489350, 
        2038.3057635344908
      ], 
      [
        1633489365, 
        1951.8208749085557
      ], 
      [
        1633489380, 
        4307.561663595371
      ], 
      [
        1633489395, 
        4836.58490009014
      ], 
      [
        1633489410, 
        9612.810579179564
      ], 
      [
        1633489425, 
        8478.710048178982
      ], 
      [
        1633489440, 
        9417.36899913925
      ], 
      [
        1633489455, 
        9885.25192033139
      ], 
      [
        1633489470, 
        10230.492188991766
      ], 
      [
        1633489485, 
        15273.363550509386
      ]
    ], 
    "name": "geth.eth/db/chaindata/disk/write.meter", 
    "columns": [
      "time", 
      "mean"
    ]
  }, 
  "disk_read": {
    "values": [
      [
        1633489185, 
        28890546.984393295
      ], 
      [
        1633489200, 
        26409990.405358244
      ], 
      [
        1633489215, 
        25216808.73966702
      ], 
      [
        1633489230, 
        24363263.346506618
      ], 
      [
        1633489245, 
        23722883.452577144
      ], 
      [
        1633489260, 
        23136508.14258281
      ], 
      [
        1633489275, 
        22768224.867239453
      ], 
      [
        1633489290, 
        22081839.677157003
      ], 
      [
        1633489305, 
        22029179.620520703
      ], 
      [
        1633489320, 
        21265671.698042117
      ], 
      [
        1633489335, 
        21589318.93917474
      ], 
      [
        1633489350, 
        20513154.388774756
      ], 
      [
        1633489365, 
        21066542.68926623
      ], 
      [
        1633489380, 
        20569600.933524825
      ], 
      [
        1633489395, 
        20754908.357474163
      ], 
      [
        1633489410, 
        20544992.023143686
      ], 
      [
        1633489425, 
        20280566.897863314
      ], 
      [
        1633489440, 
        20083626.754651513
      ], 
      [
        1633489455, 
        21078723.896027587
      ], 
      [
        1633489470, 
        20549830.046350345
      ], 
      [
        1633489485, 
        21860304.007837284
      ]
    ], 
    "name": "geth.eth/db/chaindata/disk/read.meter", 
    "columns": [
      "time", 
      "mean"
    ]
  },