{
  "known_broadcasts": {
    "values": [
      [
        1633488885, 
        0.46188277947784834
      ], 
      [
        1633488900, 
        0.3909753318696802
      ], 
      [
        1633488915, 
        0.44067311422486943
      ], 
      [
        1633488930, 
        0.5615374225546996
      ], 
      [
        1633488945, 
        0.5076087346946645
      ], 
      [
        1633488960, 
        0.7365421103155115
      ], 
      [
        1633488975, 
        0.6435285409139649
      ], 
      [
        1633488990, 
        0.49944534256361284
      ], 
      [
        1633489005, 
        0.3903197904644557
      ], 
      [
        1633489020, 
        0.3029289131155104
      ], 
      [
        1633489035, 
        0.3298241132340247
      ], 
      [
        1633489050, 
        0.27797035107442447
      ], 
      [
        1633489065, 
        0.3346973994667708
      ], 
      [
        1633489080, 
        0.4849852305348477
      ], 
      [
        1633489095, 
        0.4084441945623216
      ], 
      [
        1633489110, 
        0.43224921751172835
      ], 
      [
        1633489125, 
        0.33780558077005984
      ], 
      [
        1633489140, 
        0.2621724030576582
      ], 
      [
        1633489155, 
        0.2048894417590737
      ], 
      [
        1633489170, 
        0.1590156005850079
      ], 
      [
        1633489185, 
        0.13460379986771442
      ]
    ], 
    "name": "geth.eth/fetcher/block/broadcasts/drop.meter", 
    "columns": [
      "time", 
      "mean"
    ]
  }, 
  "memory_used": {
    "values": [
      [
        1633488885, 
        1574241824
      ], 
      [
        1633488900, 
        1689577592
      ], 
      [
        1633488915, 
        1666780764
      ], 
      [
        1633488930, 
        1629565224
      ], 
      [
        1633488945, 
        1698826376
      ], 
      [
        1633488960, 
        1703356472
      ], 
      [
        1633488975, 
        1658574016
      ], 
      [
        1633488990, 
        1597603832
      ], 
      [
        1633489005, 
        1792274592
      ], 
      [
        1633489020, 
        1976528160
      ], 
      [
        1633489035, 
        1789443308
      ], 
      [
        1633489050, 
        1468447528
      ], 
      [
        1633489065, 
        1705168016
      ], 
      [
        1633489080, 
        1862872752
      ], 
      [
        1633489095, 
        1680818420
      ], 
      [
        1633489110, 
        1481552280
      ], 
      [
        1633489125, 
        1789302328
      ], 
      [
        1633489140, 
        1586567328
      ], 
      [
        1633489155, 
        1650137876
      ], 
      [
        1633489170, 
        1687257992
      ], 
      [
        1633489185, 
        1788034456
      ]
    ], 
    "name": "geth.system/memory/used.gauge", 
    "columns": [
      "time", 
      "mean"
    ]
  }, 
  "stat": {
    "known_broadcasts": {
      "max": 0.6435285409139649, 
      "mean": 0.3953380672675452, 
      "variance": 0.02174337574040182, 
      "pvalue": 9.943435102271502e-09, 
      "min": 0.1590156005850079
    }, 
    "memory_used": {
      "max": 1862872752.0, 
      "mean": 1689377673.142857, 
      "variance": 1.353874908824101e+16, 
      "pvalue": 2.122674827492008e-08, 
      "min": 1481552280.0
    }, 
    "disk_write": {
      "max": 130950.19968723223, 
      "mean": 39441.348664522884, 
      "variance": 1932451098.0156457, 
      "pvalue": 0.003052859770051326, 
      "min": 9729.506724675117
    }, 
    "disk_read": {
      "max": 44699634.348178074, 
      "mean": 28781077.086524744, 
      "variance": 77299889148864.72, 
      "pvalue": 8.885311597797035e-08, 
      "min": 19759384.2206223
    }, 
    "traffic_egress": {
      "max": 117812.38249857746, 
      "mean": 35882.01121334194, 
      "variance": 1481028297.925288, 
      "pvalue": 6.964936140648492e-12, 
      "min": 5549.87551508389
    }, 
    "peer_stats": {
      "max": 21.0, 
      "mean": 17.61904761904762, 
      "variance": 5.878684807256234, 
      "pvalue": 1.6526653304976648e-19, 
      "min": 14.0
    }, 
    "traffic_ingress": {
      "max": 117893.71953184728, 
      "mean": 90978.9836407732, 
      "variance": 240945682.81048992, 
      "pvalue": 1.476680561918346e-17, 
      "min": 70032.59109331056
    }, 
    "known_announcements": {
      "max": 0.7631991711341228, 
      "mean": 0.4814366606623847, 
      "variance": 0.031076452422468745, 
      "pvalue": 7.589975483045396e-19, 
      "min": 0.1802222840783644
    }
  }, 
  "disk_write": {
    "values": [
      [
        1633488885, 
        13160.761199324794
      ], 
      [
        1633488900, 
        11713.603169473732
      ], 
      [
        1633488915, 
        14459.420832128151
      ], 
      [
        1633488930, 
        12441.901240817873
      ], 
      [
        1633488945, 
        11148.717935513692
      ], 
      [
        1633488960, 
        9923.990503795905
      ], 
      [
        1633488975, 
        9493.532335277723
      ], 
      [
        1633488990, 
        9729.506724675117
      ], 
      [
        1633489005, 
        10826.580666320144
      ], 
      [
        1633489020, 
        10746.40050449078
      ], 
      [
        1633489035, 
        168719.93123065474
      ], 
      [
        1633489050, 
        130950.19968723223
      ], 
      [
        1633489065, 
        102350.89704139638
      ], 
      [
        1633489080, 
        79458.4296851171
      ], 
      [
        1633489095, 
        62114.91054666438
      ], 
      [
        1633489110, 
        48225.665795218265
      ], 
      [
        1633489125, 
        37688.672140937975
      ], 
      [
        1633489140, 
        29250.34488985472
      ], 
      [
        1633489155, 
        22877.129190589225
      ], 
      [
        1633489170, 
        17865.17905421025
      ], 
      [
        1633489185, 
        15122.547581287561
      ]
    ], 
    "name": "geth.eth/db/chaindata/disk/write.meter", 
    "columns": [
      "time", 
      "mean"
    ]
  }, 
  "disk_read": {
    "values": [
      [
        1633488885, 
        21509522.43707699
      ], 
      [
        1633488900, 
        20649427.73096601
      ], 
      [
        1633488915, 
        21309727.2071615
      ], 
      [
        1633488930, 
        20529623.586033143
      ], 
      [
        1633488945, 
        21161691.111659706
      ], 
      [
        1633488960, 
        20370420.21136926
      ], 
      [
        1633488975, 
        20642776.117619768
      ], 
      [
        1633488990, 
        19767666.744001634
      ], 
      [
        1633489005, 
        19759384.2206223
      ], 
      [
        1633489020, 
        18863410.40949308
      ], 
      [
        1633489035, 
        28881702.060988944
      ], 
      [
        1633489050, 
        46112745.6773377
      ], 
      [
        1633489065, 
        44699634.348178074
      ], 
      [
        1633489080, 
        40049833.756999075
      ], 
      [
        1633489095, 
        38070392.298365586
      ], 
      [
        1633489110, 
        35589202.76503112
      ], 
      [
        1633489125, 
        35107518.720260754
      ], 
      [
        1633489140, 
        33513304.898855545
      ], 
      [
        1633489155, 
        34076905.13399997
      ], 
      [
        1633489170, 
        32710136.331672676
      ], 
      [
        1633489185, 
        31027593.049326736
      ]
    ], 
    "name": "geth.eth/db/chaindata/disk/read.meter", 
    "columns": [
      "time", 
      "mean"
    ]
  },