{
  "known_broadcasts": {
    "values": [
      [
        1633489785, 
        0.27716111232075147
      ], 
      [
        1633489800, 
        0.23461181642987097
      ], 
      [
        1633489815, 
        0.23132401489934107
      ], 
      [
        1633489830, 
        0.23822892792638173
      ], 
      [
        1633489845, 
        0.3191706400457135
      ], 
      [
        1633489860, 
        0.2949223748998559
      ], 
      [
        1633489875, 
        0.3600889731958604
      ], 
      [
        1633489890, 
        0.40519018669793605
      ], 
      [
        1633489905, 
        0.34500564076818574
      ], 
      [
        1633489920, 
        0.4040089803280725
      ], 
      [
        1633489935, 
        0.547922415545389
      ], 
      [
        1633489950, 
        0.7315341171821755
      ], 
      [
        1633489965, 
        0.6892241577268546
      ], 
      [
        1633489980, 
        1.00697381610261
      ], 
      [
        1633489995, 
        0.96867248711958
      ], 
      [
        1633490010, 
        0.9822610860906813
      ], 
      [
        1633490025, 
        1.0846322667029664
      ], 
      [
        1633490040, 
        0.981383147056783
      ], 
      [
        1633490055, 
        0.7743135947912867
      ], 
      [
        1633490070, 
        0.6076928621147342
      ], 
      [
        1633490085, 
        0.5144009021265944
      ]
    ], 
    "name": "geth.eth/fetcher/block/broadcasts/drop.meter", 
    "columns": [
      "time", 
      "mean"
    ]
  }, 
  "memory_used": {
    "values": [
      [
        1633489785, 
        1678282144
      ], 
      [
        1633489800, 
        1793381024
      ], 
      [
        1633489815, 
        1734367964
      ], 
      [
        1633489830, 
        1686800976
      ], 
      [
        1633489845, 
        1921383764
      ], 
      [
        1633489860, 
        1588291088
      ], 
      [
        1633489875, 
        1805839652
      ], 
      [
        1633489890, 
        2020755816
      ], 
      [
        1633489905, 
        1669106024
      ], 
      [
        1633489920, 
        1876732144
      ], 
      [
        1633489935, 
        1756483312
      ], 
      [
        1633489950, 
        1637914480
      ], 
      [
        1633489965, 
        1803867628
      ], 
      [
        1633489980, 
        1871287728
      ], 
      [
        1633489995, 
        1658757776
      ], 
      [
        1633490010, 
        1992631760
      ], 
      [
        1633490025, 
        1842850924
      ], 
      [
        1633490040, 
        1533944360
      ], 
      [
        1633490055, 
        1765601444
      ], 
      [
        1633490070, 
        1994012736
      ], 
      [
        1633490085, 
        1765169520
      ]
    ], 
    "name": "geth.system/memory/used.gauge", 
    "columns": [
      "time", 
      "mean"
    ]
  }, 
  "stat": {
    "known_broadcasts": {
      "max": 1.00697381610261, 
      "mean": 0.5713677866700774, 
      "variance": 0.08342553194044108, 
      "pvalue": 0.0013385894485748915, 
      "min": 0.23461181642987097
    }, 
    "memory_used": {
      "max": 1994012736.0, 
      "mean": 1780831536.3809524, 
      "variance": 1.7075496012652078e+16, 
      "pvalue": 0.004144812629024892, 
      "min": 1588291088.0
    }, 
    "disk_write": {
      "max": 106647.42886008724, 
      "mean": 42601.005045432204, 
      "variance": 1087093656.7351615, 
      "pvalue": 6.332593951171217e-09, 
      "min": 18507.55028746015
    }, 
    "disk_read": {
      "max": 45950618.167661995, 
      "mean": 30115309.99078211, 
      "variance": 129848677329362.0, 
      "pvalue": 5.269162381109075e-06, 
      "min": 18889905.499082796
    }, 
    "traffic_egress": {
      "max": 8199.855243141856, 
      "mean": 6136.064323599722, 
      "variance": 3685497.9298585514, 
      "pvalue": 6.758952078317142e-05, 
      "min": 3192.753178106518
    }, 
    "peer_stats": {
      "max": 38.0, 
      "mean": 33.04761904761905, 
      "variance": 19.640589569161, 
      "pvalue": 1.6526653304976648e-19, 
      "min": 26.0
    }, 
    "traffic_ingress": {
      "max": 207414.0446313453, 
      "mean": 140412.92485211982, 
      "variance": 1921124215.1986654, 
      "pvalue": 0.00012729951894279343, 
      "min": 95480.17845769465
    }, 
    "known_announcements": {
      "max": 1.6318833800660382, 
      "mean": 0.868374462296632, 
      "variance": 0.2077493244400081, 
      "pvalue": 2.0800310788328042e-08, 
      "min": 0.35704604678121643
    }
  }, 
  "disk_write": {
    "values": [
      [
        1633489785, 
        28745.086931541402
      ], 
      [
        1633489800, 
        28461.810023065133
      ], 
      [
        1633489815, 
        27664.374971319357
      ], 
      [
        1633489830, 
        24556.894731364828
      ], 
      [
        1633489845, 
        24203.25857448391
      ], 
      [
        1633489860, 
        22153.28155270593
      ], 
      [
        1633489875, 
        22515.359136162893
      ], 
      [
        1633489890, 
        20401.981277016308
      ], 
      [
        1633489905, 
        18920.793887110223
      ], 
      [
        1633489920, 
        18630.429532155424
      ], 
      [
        1633489935, 
        89594.11309173748
      ], 
      [
        1633489950, 
        136449.70189355928
      ], 
      [
        1633489965, 
        106647.42886008724
      ], 
      [
        1633489980, 
        82830.32445684409
      ], 
      [
        1633489995, 
        64745.007446916905
      ], 
      [
        1633490010, 
        50272.592206549816
      ], 
      [
        1633490025, 
        39294.294981773695
      ], 
      [
        1633490040, 
        30513.791827487814
      ], 
      [
        1633490055, 
        23846.727193905317
      ], 
      [
        1633490070, 
        18507.55028746015
      ], 
      [
        1633490085, 
        15666.303090829051
      ]
    ], 
    "name": "geth.eth/db/chaindata/disk/write.meter", 
    "columns": [
      "time", 
      "mean"
    ]
  }, 
  "disk_read": {
    "values": [
      [
        1633489785, 
        19789129.06773713
      ], 
      [
        1633489800, 
        19295264.055094052
      ], 
      [
        1633489815, 
        19884487.654434405
      ], 
      [
        1633489830, 
        19390449.966145452
      ], 
      [
        1633489845, 
        19973059.959981374
      ], 
      [
        1633489860, 
        19245185.1936861
      ], 
      [
        1633489875, 
        19466326.243201077
      ], 
      [
        1633489890, 
        18889905.499082796
      ], 
      [
        1633489905, 
        18988241.80750879
      ], 
      [
        1633489920, 
        18241038.570015777
      ], 
      [
        1633489935, 
        22884897.998748332
      ], 
      [
        1633489950, 
        40540629.23697654
      ], 
      [
        1633489965, 
        39043619.79049547
      ], 
      [
        1633489980, 
        35142417.81899049
      ], 
      [
        1633489995, 
        34841757.70481673
      ], 
      [
        1633490010, 
        39479408.45887725
      ], 
      [
        1633490025, 
        45950618.167661995
      ], 
      [
        1633490040, 
        44141839.44983059
      ], 
      [
        1633490055, 
        45824210.22344405
      ], 
      [
        1633490070, 
        44733349.90139915
      ], 
      [
        1633490085, 
        46675673.03829674
      ]
    ], 
    "name": "geth.eth/db/chaindata/disk/read.meter", 
    "columns": [
      "time", 
      "mean"
    ]
  },