{
  "known_broadcasts": {
    "values": [
      [
        1633490085, 
        0.5863920797740064
      ], 
      [
        1633490100, 
        0.512361296223431
      ], 
      [
        1633490115, 
        0.4004136924323307
      ], 
      [
        1633490130, 
        0.3107628350096177
      ], 
      [
        1633490145, 
        0.3394406558799523
      ], 
      [
        1633490160, 
        0.4466744799598969
      ], 
      [
        1633490175, 
        0.5246926870528894
      ], 
      [
        1633490190, 
        0.5854458119658609
      ], 
      [
        1633490205, 
        0.7563539840187696
      ], 
      [
        1633490220, 
        0.7469278683371747
      ], 
      [
        1633490235, 
        0.7166018718522191
      ], 
      [
        1633490250, 
        0.5561578774123196
      ], 
      [
        1633490265, 
        0.498605474382376
      ], 
      [
        1633490280, 
        0.6151257033855281
      ], 
      [
        1633490295, 
        0.6466843119608384
      ], 
      [
        1633490310, 
        0.8658526827103126
      ], 
      [
        1633490325, 
        0.9037549043537495
      ], 
      [
        1633490340, 
        0.9767566521002187
      ], 
      [
        1633490355, 
        1.106201340343766
      ], 
      [
        1633490370, 
        1.0711800252547228
      ], 
      [
        1633490385, 
        1.129979542914904
      ]
    ], 
    "name": "geth.eth/fetcher/block/broadcasts/drop.meter", 
    "columns": [
      "time", 
      "mean"
    ]
  }, 
  "memory_used": {
    "values": [
      [
        1633490085, 
        1499412288
      ], 
      [
        1633490100, 
        1691370968
      ], 
      [
        1633490115, 
        1700326700
      ], 
      [
        1633490130, 
        1728274552
      ], 
      [
        1633490145, 
        1758079648
      ], 
      [
        1633490160, 
        1804738368
      ], 
      [
        1633490175, 
        1852387048
      ], 
      [
        1633490190, 
        1907032872
      ], 
      [
        1633490205, 
        1701792364
      ], 
      [
        1633490220, 
        1496988688
      ], 
      [
        1633490235, 
        1836171104
      ], 
      [
        1633490250, 
        1635981336
      ], 
      [
        1633490265, 
        1671212604
      ], 
      [
        1633490280, 
        1699668880
      ], 
      [
        1633490295, 
        1710440312
      ], 
      [
        1633490310, 
        1656126128
      ], 
      [
        1633490325, 
        1888007264
      ], 
      [
        1633490340, 
        1578634680
      ], 
      [
        1633490355, 
        1812119952
      ], 
      [
        1633490370, 
        2016019856
      ], 
      [
        1633490385, 
        1588347880
      ]
    ], 
    "name": "geth.system/memory/used.gauge", 
    "columns": [
      "time", 
      "mean"
    ]
  }, 
  "stat": {
    "known_broadcasts": {
      "max": 1.106201340343766, 
      "mean": 0.6807793227297565, 
      "variance": 0.058565272633787864, 
      "pvalue": 0.7227926040800702, 
      "min": 0.3394406558799523
    }, 
    "memory_used": {
      "max": 1907032872.0, 
      "mean": 1725387309.142857, 
      "variance": 1.6652610588404846e+16, 
      "pvalue": 0.00014526320465811074, 
      "min": 1499412288.0
    }, 
    "disk_write": {
      "max": 22156.44947296054, 
      "mean": 14148.624989518112, 
      "variance": 27140850.999206346, 
      "pvalue": 0.10255836291258535, 
      "min": 6805.491585073903
    }, 
    "disk_read": {
      "max": 40886308.196960405, 
      "mean": 31723962.59025474, 
      "variance": 32209034556785.215, 
      "pvalue": 1.5201282546012358e-11, 
      "min": 22280425.863482483
    }, 
    "traffic_egress": {
      "max": 4802.51042033633, 
      "mean": 3668.555554323216, 
      "variance": 647328.8626160088, 
      "pvalue": 0.12367844407387149, 
      "min": 2625.750140375594
    }, 
    "peer_stats": {
      "max": 40.0, 
      "mean": 36.833333333333336, 
      "variance": 3.746031746031746, 
      "pvalue": 1.6526653304976648e-19, 
      "min": 34.0
    }, 
    "traffic_ingress": {
      "max": 142349.89156588365, 
      "mean": 127242.906171825, 
      "variance": 84414971.08712646, 
      "pvalue": 2.3887625073377908e-14, 
      "min": 115088.32585682964
    }, 
    "known_announcements": {
      "max": 1.3628322772136472, 
      "mean": 0.9270779435736229, 
      "variance": 0.060730251056682547, 
      "pvalue": 2.764552653829242e-12, 
      "min": 0.5344499572403935
    }
  }, 
  "disk_write": {
    "values": [
      [
        1633490085, 
        13287.870892368208
      ], 
      [
        1633490100, 
        11247.939873095625
      ], 
      [
        1633490115, 
        8790.338321884145
      ], 
      [
        1633490130, 
        7229.3846687716505
      ], 
      [
        1633490145, 
        6805.491585073903
      ], 
      [
        1633490160, 
        6101.617027262453
      ], 
      [
        1633490175, 
        7817.50453841407
      ], 
      [
        1633490190, 
        11280.159171834388
      ], 
      [
        1633490205, 
        13469.98928846905
      ], 
      [
        1633490220, 
        17394.144686386804
      ], 
      [
        1633490235, 
        20765.229344612464
      ], 
      [
        1633490250, 
        22111.15863437318
      ], 
      [
        1633490265, 
        22394.769168593702
      ], 
      [
        1633490280, 
        22156.44947296054
      ], 
      [
        1633490295, 
        19811.617130445542
      ], 
      [
        1633490310, 
        16002.920266692372
      ], 
      [
        1633490325, 
        18083.78000043727
      ], 
      [
        1633490340, 
        15532.133928004716
      ], 
      [
        1633490355, 
        13646.838364557385
      ], 
      [
        1633490370, 
        12203.006551347173
      ], 
      [
        1633490385, 
        10988.781864295699
      ]
    ], 
    "name": "geth.eth/db/chaindata/disk/write.meter", 
    "columns": [
      "time", 
      "mean"
    ]
  }, 
  "disk_read": {
    "values": [
      [
        1633490085, 
        43458274.05566744
      ], 
      [
        1633490100, 
        40886308.196960405
      ], 
      [
        1633490115, 
        38481114.36837768
      ], 
      [
        1633490130, 
        36118363.17227615
      ], 
      [
        1633490145, 
        35405900.70277994
      ], 
      [
        1633490160, 
        33935784.44432883
      ], 
      [
        1633490175, 
        33929440.17708504
      ], 
      [
        1633490190, 
        32533959.84379378
      ], 
      [
        1633490205, 
        32918672.60445676
      ], 
      [
        1633490220, 
        32402283.21524749
      ], 
      [
        1633490235, 
        33270251.969982624
      ], 
      [
        1633490250, 
        33035351.912332818
      ], 
      [
        1633490265, 
        32980098.49059876
      ], 
      [
        1633490280, 
        31051994.524937335
      ], 
      [
        1633490295, 
        30108227.576609977
      ], 
      [
        1633490310, 
        27149181.115791775
      ], 
      [
        1633490325, 
        26271147.628542956
      ], 
      [
        1633490340, 
        24331874.704811566
      ], 
      [
        1633490355, 
        23918806.941090338
      ], 
      [
        1633490370, 
        22280425.863482483
      ], 
      [
        1633490385, 
        21735752.88619548
      ]
    ], 
    "name": "geth.eth/db/chaindata/disk/read.meter", 
    "columns": [
      "time", 
      "mean"
    ]
  },