{
  "known_broadcasts": {
    "values": [
      [
        1633640700, 
        0.9214179089323025
      ], 
      [
        1633640715, 
        0.8989423036064463
      ], 
      [
        1633640730, 
        0.8152389448381441
      ], 
      [
        1633640745, 
        0.854763179379448
      ], 
      [
        1633640760, 
        0.8945223734872725
      ], 
      [
        1633640775, 
        0.9216005518281731
      ], 
      [
        1633640790, 
        0.7689820452072762
      ], 
      [
        1633640805, 
        0.6188536992961388
      ], 
      [
        1633640820, 
        0.5815371944483438
      ], 
      [
        1633640835, 
        0.5173617232641188
      ], 
      [
        1633640850, 
        0.5519539990345022
      ], 
      [
        1633640865, 
        0.6701718656951733
      ], 
      [
        1633640880, 
        0.5509101134887926
      ], 
      [
        1633640895, 
        0.7557057558145451
      ], 
      [
        1633640910, 
        0.6189358425994278
      ], 
      [
        1633640925, 
        0.612771682324738
      ], 
      [
        1633640940, 
        0.6117579380894063
      ], 
      [
        1633640955, 
        0.6174295119464902
      ], 
      [
        1633640970, 
        0.5096916202736594
      ], 
      [
        1633640985, 
        0.39557391740207826
      ], 
      [
        1633641000, 
        0.3348460919242485
      ]
    ], 
    "name": "geth.eth/fetcher/block/broadcasts/drop.meter", 
    "columns": [
      "time", 
      "mean"
    ]
  }, 
  "memory_used": {
    "values": [
      [
        1633640700, 
        1758772552
      ], 
      [
        1633640715, 
        2037709264
      ], 
      [
        1633640730, 
        1856593336
      ], 
      [
        1633640745, 
        1783036272
      ], 
      [
        1633640760, 
        1891638276
      ], 
      [
        1633640775, 
        2009997328
      ], 
      [
        1633640790, 
        1703575536
      ], 
      [
        1633640805, 
        2052472216
      ], 
      [
        1633640820, 
        1819681212
      ], 
      [
        1633640835, 
        1645792632
      ], 
      [
        1633640850, 
        1973412492
      ], 
      [
        1633640865, 
        1806000224
      ], 
      [
        1633640880, 
        1781711224
      ], 
      [
        1633640895, 
        1817092920
      ], 
      [
        1633640910, 
        1811835800
      ], 
      [
        1633640925, 
        1926156160
      ], 
      [
        1633640940, 
        1671457160
      ], 
      [
        1633640955, 
        1963389672
      ], 
      [
        1633640970, 
        1587870972
      ], 
      [
        1633640985, 
        1817328688
      ], 
      [
        1633641000, 
        1935902296
      ]
    ], 
    "name": "geth.system/memory/used.gauge", 
    "columns": [
      "time", 
      "mean"
    ]
  }, 
  "stat": {
    "known_broadcasts": {
      "max": 0.9214179089323025, 
      "mean": 0.6677603934705107, 
      "variance": 0.02804001955001105, 
      "pvalue": 7.010094858306914e-11, 
      "min": 0.39557391740207826
    }, 
    "memory_used": {
      "max": 2037709264.0, 
      "mean": 1840544106.2857144, 
      "variance": 1.574557902550264e+16, 
      "pvalue": 0.4608396885121657, 
      "min": 1645792632.0
    }, 
    "disk_write": {
      "max": 26888.141228575278, 
      "mean": 7318.444689531029, 
      "variance": 82416304.61420204, 
      "pvalue": 0.070136157026372, 
      "min": 375.30555663878255
    }, 
    "disk_read": {
      "max": 44431818.55535146, 
      "mean": 32744109.933734156, 
      "variance": 41951993283397.86, 
      "pvalue": 2.2548248788113762e-07, 
      "min": 24463304.568623662
    }, 
    "traffic_egress": {
      "max": 138802.7291085122, 
      "mean": 95974.13017222598, 
      "variance": 918464723.5748765, 
      "pvalue": 3.858048640945312e-15, 
      "min": 55806.811352402
    }, 
    "peer_stats": {
      "max": 52.0, 
      "mean": 50.595238095238095, 
      "variance": 0.7528344671201813, 
      "pvalue": 0.4972725160595888, 
      "min": 49.0
    }, 
    "traffic_ingress": {
      "max": 222768.13467366353, 
      "mean": 175289.4466584932, 
      "variance": 723567517.0041927, 
      "pvalue": 0.01365645131609174, 
      "min": 133094.59915769374
    }, 
    "known_announcements": {
      "max": 2.10116676367363, 
      "mean": 1.545750760026586, 
      "variance": 0.10469174065645043, 
      "pvalue": 4.294970608785035e-06, 
      "min": 1.1994188410764086
    }
  }, 
  "disk_write": {
    "values": [
      [
        1633640700, 
        31749.151453209008
      ], 
      [
        1633640715, 
        26888.141228575278
      ], 
      [
        1633640730, 
        21013.25761983551
      ], 
      [
        1633640745, 
        16321.546780463794
      ], 
      [
        1633640760, 
        12783.200420046453
      ], 
      [
        1633640775, 
        9927.014255016304
      ], 
      [
        1633640790, 
        7779.664405359966
      ], 
      [
        1633640805, 
        6037.831901669173
      ], 
      [
        1633640820, 
        4718.604984125874
      ], 
      [
        1633640835, 
        3674.0031846772167
      ], 
      [
        1633640850, 
        2877.2675067457635
      ], 
      [
        1633640865, 
        2251.635149844268
      ], 
      [
        1633640880, 
        1770.7650328129266
      ], 
      [
        1633640895, 
        1400.1082250025615
      ], 
      [
        1633640910, 
        1144.7810027602025
      ], 
      [
        1633640925, 
        901.3744233198595
      ], 
      [
        1633640940, 
        713.2869345861154
      ], 
      [
        1633640955, 
        568.6353179751012
      ], 
      [
        1633640970, 
        474.0738025428012
      ], 
      [
        1633640985, 
        375.30555663878255
      ], 
      [
        1633641000, 
        317.6892949446287
      ]
    ], 
    "name": "geth.eth/db/chaindata/disk/write.meter", 
    "columns": [
      "time", 
      "mean"
    ]
  }, 
  "disk_read": {
    "values": [
      [
        1633640700, 
        49800120.42127856
      ], 
      [
        1633640715, 
        44431818.55535146
      ], 
      [
        1633640730, 
        41034787.78533143
      ], 
      [
        1633640745, 
        39498689.95609277
      ], 
      [
        1633640760, 
        37933688.5485311
      ], 
      [
        1633640775, 
        35454926.78857333
      ], 
      [
        1633640790, 
        33262944.885417264
      ], 
      [
        1633640805, 
        32460009.573515322
      ], 
      [
        1633640820, 
        32155842.79775949
      ], 
      [
        1633640835, 
        31919846.6104556
      ], 
      [
        1633640850, 
        31935092.74469468
      ], 
      [
        1633640865, 
        31656049.195647947
      ], 
      [
        1633640880, 
        30033971.971576974
      ], 
      [
        1633640895, 
        28505960.50089929
      ], 
      [
        1633640910, 
        28307238.099354938
      ], 
      [
        1633640925, 
        28645329.46464983
      ], 
      [
        1633640940, 
        28900746.793782637
      ], 
      [
        1633640955, 
        27667249.71133316
      ], 
      [
        1633640970, 
        26165506.090094194
      ], 
      [
        1633640985, 
        24463304.568623662
      ], 
      [
        1633641000, 
        23393183.54545362
      ]
    ], 
    "name": "geth.eth/db/chaindata/disk/read.meter", 
    "columns": [
      "time", 
      "mean"
    ]
  },