{
  "stat": {
    "blockchaincache_size": {
      "max": 4852196.8, 
      "mean": 3494111.0588235296, 
      "variance": 864923692949.7025, 
      "pvalue": 0.00013752586110879548, 
      "min": 2377777.6
    }, 
    "kvdb_bytes_read": {
      "max": 757432.145, 
      "mean": 385669.89828740736, 
      "variance": 42769928348.20033, 
      "pvalue": 7.064756740759656e-05, 
      "min": 79933.66832
    }, 
    "sync_blocks_highest": {
      "max": 3.224999999999998, 
      "mean": 1.275377777777778, 
      "variance": 1.5803411417283952, 
      "pvalue": 0.9793053053599728, 
      "min": 0.0
    }, 
    "import_blocks": {
      "max": 3.224999999999998, 
      "mean": 1.1920444444444445, 
      "variance": 1.4109596602469137, 
      "pvalue": 0.9094329390102389, 
      "min": 0.0
    }, 
    "peer_stats": {
      "max": 26.0, 
      "mean": 19.823529411764707, 
      "variance": 18.733564013840834, 
      "pvalue": 5.321785241135034e-07, 
      "min": 14.0
    }, 
    "sync_blocks_recieved": {
      "max": 4.724999999999998, 
      "mean": 1.4420444444444445, 
      "variance": 2.627437438024691, 
      "pvalue": 0.9865156660458665, 
      "min": 0.0
    }, 
    "kvdb_bytes_write": {
      "max": 986780.569999997, 
      "mean": 423890.08715407405, 
      "variance": 371886291593.6578, 
      "pvalue": 0.7851652971606264, 
      "min": 0.0
    }
  }, 
  "blockchaincache_size": {
    "metric": {
      "__name__": "blockchaincache_size", 
      "job": "openethereum", 
      "instance": "172.17.0.1:3033"
    }, 
    "values": [
      [
        1633500627, 
        "2377560"
      ], 
      [
        1633500642, 
        "2377832"
      ], 
      [
        1633500657, 
        "2817392"
      ], 
      [
        1633500672, 
        "2817664"
      ], 
      [
        1633500687, 
        "2818768"
      ], 
      [
        1633500702, 
        "2873464"
      ], 
      [
        1633500717, 
        "2945016"
      ], 
      [
        1633500732, 
        "3222392"
      ], 
      [
        1633500747, 
        "3220984"
      ], 
      [
        1633500762, 
        "3223528"
      ], 
      [
        1633500777, 
        "3223744"
      ], 
      [
        1633500807, 
        "3224368"
      ], 
      [
        1633500822, 
        "5528760"
      ], 
      [
        1633500837, 
        "4681152"
      ], 
      [
        1633500867, 
        "4681696"
      ], 
      [
        1633500897, 
        "4682512"
      ], 
      [
        1633500927, 
        "4683056"
      ]
    ]
  }, 
  "kvdb_bytes_read": {
    "metric": {
      "instance": "172.17.0.1:3033", 
      "job": "openethereum"
    }, 
    "values": [
      [
        1633500627, 
        "210879.43378666666"
      ], 
      [
        1633500642, 
        "394809.9"
      ], 
      [
        1633500657, 
        "807993.8"
      ], 
      [
        1633500672, 
        "34248.822133333335"
      ], 
      [
        1633500687, 
        "381352.1"
      ], 
      [
        1633500702, 
        "173483.6"
      ], 
      [
        1633500717, 
        "390497"
      ], 
      [
        1633500732, 
        "252971.5"
      ], 
      [
        1633500747, 
        "557773.6"
      ], 
      [
        1633500762, 
        "556411.4"
      ], 
      [
        1633500777, 
        "507823.6"
      ], 
      [
        1633500807, 
        "87995.7"
      ], 
      [
        1633500822, 
        "221126.54125333333"
      ], 
      [
        1633500837, 
        "748509.5"
      ], 
      [
        1633500867, 
        "458612.1"
      ], 
      [
        1633500897, 
        "473740.9"
      ], 
      [
        1633500912, 
        "206344.57200000004"
      ], 
      [
        1633500927, 
        "477484.1"
      ]
    ]
  }, 
  "sync_blocks_highest": {
    "metric": {
      "instance": "172.17.0.1:3033", 
      "job": "openethereum"
    }, 
    "values": [
      [
        1633500627, 
        "1.7284"
      ], 
      [
        1633500642, 
        "1.5"
      ], 
      [
        1633500657, 
        "1.5"
      ], 
      [
        1633500672, 
        "1.7284"
      ], 
      [
        1633500687, 
        "1.5"
      ], 
      [
        1633500702, 
        "3"
      ], 
      [
        1633500717, 
        "1.5"
      ], 
      [
        1633500732, 
        "0"
      ], 
      [
        1633500747, 
        "1.5"
      ], 
      [
        1633500762, 
        "0"
      ], 
      [
        1633500777, 
        "0"
      ], 
      [
        1633500807, 
        "1.5"
      ], 
      [
        1633500822, 
        "0"
      ], 
      [
        1633500837, 
        "0"
      ], 
      [
        1633500867, 
        "0"
      ], 
      [
        1633500897, 
        "3"
      ], 
      [
        1633500912, 
        "0"
      ], 
      [
        1633500927, 
        "4.5"
      ]
    ]
  }, 
  "import_blocks": {
    "metric": {
      "instance": "172.17.0.1:3033", 
      "job": "openethereum"
    }, 
    "values": [
      [
        1633500627, 
        "1.7284"
      ], 
      [
        1633500642, 
        "1.5"
      ], 
      [
        1633500657, 
        "4.5"
      ], 
      [
        1633500672, 
        "0"
      ], 
      [
        1633500687, 
        "1.5"
      ], 
      [
        1633500702, 
        "1.5"
      ], 
      [
        1633500717, 
        "0"
      ], 
      [
        1633500732, 
        "1.5"
      ], 
      [
        1633500747, 
        "1.5"
      ], 
      [
        1633500762, 
        "1.5"
      ], 
      [
        1633500777, 
        "0"
      ], 
      [
        1633500807, 
        "0"
      ], 
      [
        1633500822, 
        "1.7284"
      ], 
      [
        1633500837, 
        "1.5"
      ], 
      [
        1633500867, 
        "0"
      ], 
      [
        1633500897, 
        "3"
      ], 
      [
        1633500912, 
        "0"
      ], 
      [
        1633500927, 
        "0"
      ]
    ]
  }, 
  "peer_stats": {
    "metric": {
      "__name__": "net_peers", 
      "job": "openethereum", 
      "instance": "172.17.0.1:3033"
    }, 
    "values": [
      [
        1633500627, 
        "20"
      ], 
      [
        1633500642, 
        "17"
      ], 
      [
        1633500657, 
        "17"
      ], 
      [
        1633500672, 
        "16"
      ], 
      [
        1633500687, 
        "15"
      ], 
      [
        1633500702, 
        "17"
      ], 
      [
        1633500717, 
        "25"
      ], 
      [
        1633500732, 
        "26"
      ], 
      [
        1633500747, 
        "26"
      ], 
      [
        1633500762, 
        "23"
      ], 
      [
        1633500777, 
        "25"
      ], 
      [
        1633500807, 
        "21"
      ], 
      [
        1633500822, 
        "21"
      ], 
      [
        1633500837, 
        "21"
      ], 
      [
        1633500867, 
        "21"
      ], 
      [
        1633500897, 
        "16"
      ], 
      [
        1633500927, 
        "10"
      ]
    ]
  }, 
  "sync_blocks_recieved": {
    "metric": {
      "instance": "172.17.0.1:3033", 
      "job": "openethereum"
    },