{
  "stat": {
    "blockchaincache_size": {
      "max": 4133622.3999999966, 
      "mean": 2877418.222222222, 
      "variance": 864280369811.9507, 
      "pvalue": 0.0007903560528306136, 
      "min": 2386383.2
    }, 
    "kvdb_bytes_read": {
      "max": 617008.3, 
      "mean": 260849.5753346032, 
      "variance": 48318728890.01163, 
      "pvalue": 0.16951847949095245, 
      "min": 26526.2
    }, 
    "sync_blocks_highest": {
      "max": 4.6568, 
      "mean": 1.6652571428571428, 
      "variance": 3.363660194829932, 
      "pvalue": 0.0775747037282586, 
      "min": 0.0
    }, 
    "import_blocks": {
      "max": 1.5, 
      "mean": 0.2857142857142857, 
      "variance": 0.5612244897959181, 
      "pvalue": 0.0013659840702071782, 
      "min": 0.0
    }, 
    "peer_stats": {
      "max": 20.599999999999994, 
      "mean": 14.777777777777779, 
      "variance": 17.17283950617284, 
      "pvalue": 5.347049809556744e-13, 
      "min": 8.0
    }, 
    "sync_blocks_recieved": {
      "max": 4.6568, 
      "mean": 1.6652571428571428, 
      "variance": 3.363660194829932, 
      "pvalue": 0.08154628425938215, 
      "min": 0.0
    }, 
    "kvdb_bytes_write": {
      "max": 3317042.9863466667, 
      "mean": 367380.3564926984, 
      "variance": 1020043658985.3877, 
      "pvalue": 0.0015763981404085829, 
      "min": 0.0
    }
  }, 
  "blockchaincache_size": {
    "metric": {
      "__name__": "blockchaincache_size", 
      "job": "openethereum", 
      "instance": "172.17.0.1:3033"
    }, 
    "values": [
      [
        1633665795, 
        "2386400"
      ], 
      [
        1633665810, 
        "2386672"
      ], 
      [
        1633665825, 
        "2386944"
      ], 
      [
        1633665840, 
        "2387216"
      ], 
      [
        1633665855, 
        "2387488"
      ], 
      [
        1633665870, 
        "2388032"
      ], 
      [
        1633665885, 
        "2745128"
      ], 
      [
        1633665900, 
        "3637264"
      ], 
      [
        1633665915, 
        "3776048"
      ], 
      [
        1633665930, 
        "3776320"
      ], 
      [
        1633665945, 
        "6158336"
      ], 
      [
        1633665960, 
        "2386288"
      ], 
      [
        1633665975, 
        "2386576"
      ], 
      [
        1633665990, 
        "2386984"
      ], 
      [
        1633666005, 
        "2553880"
      ], 
      [
        1633666020, 
        "2554288"
      ], 
      [
        1633666050, 
        "2554832"
      ], 
      [
        1633666065, 
        "2554832"
      ]
    ]
  }, 
  "kvdb_bytes_read": {
    "metric": {
      "instance": "172.17.0.1:3033", 
      "job": "openethereum"
    }, 
    "values": [
      [
        1633665765, 
        "237153.45808000004"
      ], 
      [
        1633665780, 
        "34211.188480000004"
      ], 
      [
        1633665795, 
        "44181.7"
      ], 
      [
        1633665810, 
        "22840.206959999996"
      ], 
      [
        1633665825, 
        "190087.4"
      ], 
      [
        1633665840, 
        "510392.6"
      ], 
      [
        1633665855, 
        "47029.178426666665"
      ], 
      [
        1633665870, 
        "617008.3"
      ], 
      [
        1633665885, 
        "125234.3"
      ], 
      [
        1633665900, 
        "300110.3"
      ], 
      [
        1633665915, 
        "98062.1"
      ], 
      [
        1633665930, 
        "48002.13917333333"
      ], 
      [
        1633665945, 
        "827707.3"
      ], 
      [
        1633665960, 
        "505570.7697066666"
      ], 
      [
        1633665975, 
        "269815.45768"
      ], 
      [
        1633665990, 
        "453605.8"
      ], 
      [
        1633666005, 
        "306827.4"
      ], 
      [
        1633666020, 
        "339953.5"
      ], 
      [
        1633666035, 
        "87263.98352000001"
      ], 
      [
        1633666050, 
        "386257.8"
      ], 
      [
        1633666065, 
        "26526.2"
      ]
    ]
  }, 
  "sync_blocks_highest": {
    "metric": {
      "instance": "172.17.0.1:3033", 
      "job": "openethereum"
    }, 
    "values": [
      [
        1633665765, 
        "0"
      ], 
      [
        1633665780, 
        "0"
      ], 
      [
        1633665795, 
        "3"
      ], 
      [
        1633665810, 
        "2.3284"
      ], 
      [
        1633665825, 
        "7.5"
      ], 
      [
        1633665840, 
        "1.5"
      ], 
      [
        1633665855, 
        "2.3284"
      ], 
      [
        1633665870, 
        "1.5"
      ], 
      [
        1633665885, 
        "0"
      ], 
      [
        1633665900, 
        "1.5"
      ], 
      [
        1633665915, 
        "0"
      ], 
      [
        1633665930, 
        "2.3284"
      ], 
      [
        1633665945, 
        "0"
      ], 
      [
        1633665960, 
        "2.3284"
      ], 
      [
        1633665975, 
        "4.6568"
      ], 
      [
        1633665990, 
        "1.5"
      ], 
      [
        1633666005, 
        "1.5"
      ], 
      [
        1633666020, 
        "3"
      ], 
      [
        1633666035, 
        "0"
      ], 
      [
        1633666050, 
        "0"
      ], 
      [
        1633666065, 
        "0"
      ]
    ]
  }, 
  "import_blocks": {
    "metric": {
      "instance": "172.17.0.1:3033", 
      "job": "openethereum"
    }, 
    "values": [
      [
        1633665765, 
        "0"
      ], 
      [
        1633665780, 
        "0"
      ], 
      [
        1633665795, 
        "0"
      ], 
      [
        1633665810, 
        "0"
      ], 
      [
        1633665825, 
        "0"
      ], 
      [
        1633665840, 
        "0"
      ], 
      [
        1633665855, 
        "0"
      ], 
      [
        1633665870, 
        "3"
      ], 
      [
        1633665885, 
        "0"
      ], 
      [
        1633665900, 
        "1.5"
      ], 
      [
        1633665915, 
        "0"
      ], 
      [
        1633665930, 
        "0"
      ], 
      [
        1633665945, 
        "1.5"
      ], 
      [
        1633665960, 
        "0"
      ], 
      [
        1633665975, 
        "0"
      ], 
      [
        1633665990, 
        "0"
      ], 
      [
        1633666005, 
        "0"
      ], 
      [
        1633666020, 
        "0"
      ], 
      [
        1633666035, 
        "0"
      ], 
      [
        1633666050, 
        "0"
      ], 
      [
        1633666065, 
        "0"
      ]
    ]
  }, 
  "peer_stats": {
    "metric": {
      "__name__": "net_peers", 
      "job": "openethereum", 
      "instance": "172.17.0.1:3033"
    }, 
    "values": [
      [
        1633665795, 
        "8"
      ], 
      [
        1633665810, 
        "8"
      ], 
      [
        1633665825, 
        "11"
      ], 
      [
        1633665840, 
        "11"
      ], 
      [
        1633665855, 
        "10"
      ], 
      [
        1633665870, 
        "12"
      ], 
      [
        1633665885, 
        "16"
      ], 
      [
        1633665900, 
        "18"
      ], 
      [
        1633665915, 
        "20"
      ], 
      [
        1633665930, 
        "24"
      ], 
      [
        1633665945, 
        "17"
      ], 
      [
        1633665960, 
        "19"
      ], 
      [
        1633665975, 
        "16"
      ], 
      [
        1633665990, 
        "16"
      ], 
      [
        1633666005, 
        "15"
      ], 
      [
        1633666020, 
        "13"
      ], 
      [
        1633666050, 
        "17"
      ], 
      [
        1633666065, 
        "15"
      ]
    ]
  }, 
  "sync_blocks_recieved": {
    "metric": {
      "instance": "172.17.0.1:3033", 
      "job": "openethereum"
    },