{
  "known_broadcasts": {
    "values": [
      [
        1633604295, 
        0.5942017815480665
      ], 
      [
        1633604310, 
        0.5114078260748516
      ], 
      [
        1633604325, 
        0.46053879931980385
      ], 
      [
        1633604340, 
        0.4744384855582213
      ], 
      [
        1633604355, 
        0.38554042144573364
      ], 
      [
        1633604370, 
        0.2992196237133599
      ], 
      [
        1633604385, 
        0.30888781411545735
      ], 
      [
        1633604400, 
        0.2703819138703256
      ], 
      [
        1633604415, 
        0.26236019339399674
      ], 
      [
        1633604430, 
        0.22443902812925226
      ], 
      [
        1633604445, 
        0.3169041989761972
      ], 
      [
        1633604460, 
        0.4291439897743831
      ], 
      [
        1633604475, 
        0.33537882505428174
      ], 
      [
        1633604490, 
        0.30570518019918724
      ], 
      [
        1633604505, 
        0.3164112474905453
      ], 
      [
        1633604520, 
        0.3695085523268485
      ], 
      [
        1633604535, 
        0.3773041435439072
      ], 
      [
        1633604550, 
        0.3542900866070613
      ], 
      [
        1633604565, 
        0.3531020893853144
      ], 
      [
        1633604580, 
        0.3968121999338555
      ]
    ], 
    "name": "geth.eth/fetcher/block/broadcasts/drop.meter", 
    "columns": [
      "time", 
      "mean"
    ]
  }, 
  "memory_used": {
    "values": [
      [
        1633604295, 
        1659596768
      ], 
      [
        1633604310, 
        1847107736
      ], 
      [
        1633604325, 
        1814444068
      ], 
      [
        1633604340, 
        1784246416
      ], 
      [
        1633604355, 
        1999680492
      ], 
      [
        1633604370, 
        1607487232
      ], 
      [
        1633604385, 
        1839963592
      ], 
      [
        1633604400, 
        2016326208
      ], 
      [
        1633604415, 
        1704501436
      ], 
      [
        1633604430, 
        1909051224
      ], 
      [
        1633604445, 
        1889952804
      ], 
      [
        1633604460, 
        1867273376
      ], 
      [
        1633604475, 
        1805103708
      ], 
      [
        1633604490, 
        1697130072
      ], 
      [
        1633604505, 
        1960853028
      ], 
      [
        1633604520, 
        1566640128
      ], 
      [
        1633604535, 
        1837794164
      ], 
      [
        1633604550, 
        2015977608
      ], 
      [
        1633604565, 
        1671085128
      ], 
      [
        1633604580, 
        1828232632
      ]
    ], 
    "name": "geth.system/memory/used.gauge", 
    "columns": [
      "time", 
      "mean"
    ]
  }, 
  "stat": {
    "known_broadcasts": {
      "max": 0.5155475238485123, 
      "mean": 0.3672988200230325, 
      "variance": 0.007836585789806281, 
      "pvalue": 0.49068268854402414, 
      "min": 0.26046413513075956
    }, 
    "memory_used": {
      "max": 2015995038.0, 
      "mean": 1816122391.0, 
      "variance": 1.662884860378086e+16, 
      "pvalue": 0.27236152394275415, 
      "min": 1605444876.8
    }, 
    "disk_write": {
      "max": 7997.528817041965, 
      "mean": 2486.3656608104184, 
      "variance": 7189972.545372988, 
      "pvalue": 0.0001092915978022746, 
      "min": 400.05601977560207
    }, 
    "disk_read": {
      "max": 22443773.286610037, 
      "mean": 19670521.037226796, 
      "variance": 2258827369201.214, 
      "pvalue": 0.4045564422390341, 
      "min": 18415372.432935335
    }, 
    "traffic_egress": {
      "max": 2433.5330904519237, 
      "mean": 1916.9481404339615, 
      "variance": 119924.45756772987, 
      "pvalue": 1.130072026424953e-11, 
      "min": 1368.6411733591788
    }, 
    "peer_stats": {
      "max": 51.0, 
      "mean": 50.175, 
      "variance": 0.131875, 
      "pvalue": 0.0005460070682413316, 
      "min": 50.0
    }, 
    "traffic_ingress": {
      "max": 271292.8138059714, 
      "mean": 209166.545824049, 
      "variance": 1516111286.1828709, 
      "pvalue": 0.046592018254326524, 
      "min": 155854.85099668588
    }, 
    "known_announcements": {
      "max": 3.0770426794265395, 
      "mean": 2.3072247655424385, 
      "variance": 0.2545854748437164, 
      "pvalue": 0.06894962488783905, 
      "min": 1.6310776103780822
    }
  }, 
  "disk_write": {
    "values": [
      [
        1633604295, 
        10158.182383175406
      ], 
      [
        1633604310, 
        7883.810208298099
      ], 
      [
        1633604325, 
        6179.420014563422
      ], 
      [
        1633604340, 
        4812.535364635602
      ], 
      [
        1633604355, 
        3767.037826031093
      ], 
      [
        1633604370, 
        2929.1250814089212
      ], 
      [
        1633604385, 
        2305.8856395066105
      ], 
      [
        1633604400, 
        1805.9313512536596
      ], 
      [
        1633604415, 
        1428.318848825781
      ], 
      [
        1633604430, 
        1114.034954914453
      ], 
      [
        1633604445, 
        895.2443140491641
      ], 
      [
        1633604460, 
        706.3159101465782
      ], 
      [
        1633604475, 
        560.5377394336283
      ], 
      [
        1633604490, 
        455.77727178650747
      ], 
      [
        1633604505, 
        403.6267339778893
      ], 
      [
        1633604520, 
        332.2124499321446
      ], 
      [
        1633604535, 
        829.0950798695083
      ], 
      [
        1633604550, 
        1129.931248358267
      ], 
      [
        1633604565, 
        1022.8111845793185
      ], 
      [
        1633604580, 
        1007.4796114623222
      ]
    ], 
    "name": "geth.eth/db/chaindata/disk/write.meter", 
    "columns": [
      "time", 
      "mean"
    ]
  }, 
  "disk_read": {
    "values": [
      [
        1633604295, 
        24094778.982619204
      ], 
      [
        1633604310, 
        22356878.249977972
      ], 
      [
        1633604325, 
        21794315.747964203
      ], 
      [
        1633604340, 
        20576250.751836322
      ], 
      [
        1633604355, 
        20629609.204422943
      ], 
      [
        1633604370, 
        19542609.715806298
      ], 
      [
        1633604385, 
        20020287.69559604
      ], 
      [
        1633604400, 
        19083548.223150767
      ], 
      [
        1633604415, 
        19222386.675840393
      ], 
      [
        1633604430, 
        19494592.60015073
      ], 
      [
        1633604445, 
        19252998.24013548
      ], 
      [
        1633604460, 
        19014751.221433204
      ], 
      [
        1633604475, 
        19046471.528760925
      ], 
      [
        1633604490, 
        18715685.732360315
      ], 
      [
        1633604505, 
        18604531.71727012
      ], 
      [
        1633604520, 
        18455311.412923988
      ], 
      [
        1633604535, 
        18520846.559920467
      ], 
      [
        1633604550, 
        18553170.501016572
      ], 
      [
        1633604565, 
        18437558.481964264
      ], 
      [
        1633604580, 
        17993837.50138568
      ]
    ], 
    "name": "geth.eth/db/chaindata/disk/read.meter", 
    "columns": [
      "time", 
      "mean"
    ]
  },