{
  "known_broadcasts": {
    "values": [
      [
        1633474980, 
        0.4599799386795228
      ], 
      [
        1633474995, 
        0.7068880467150072
      ], 
      [
        1633475010, 
        0.6611033456038229
      ], 
      [
        1633475025, 
        0.6570052797647428
      ], 
      [
        1633475040, 
        0.5406203407678801
      ], 
      [
        1633475055, 
        0.5692603716957223
      ], 
      [
        1633475070, 
        0.4448806907668628
      ], 
      [
        1633475085, 
        0.34527386879286553
      ], 
      [
        1633475100, 
        0.4326687892513217
      ], 
      [
        1633475115, 
        0.8387390354368601
      ], 
      [
        1633475130, 
        0.8393956020342858
      ], 
      [
        1633475145, 
        0.9729356917777855
      ], 
      [
        1633475160, 
        0.7824755061514874
      ], 
      [
        1633475175, 
        0.61402735756614
      ], 
      [
        1633475190, 
        0.7933179852375951
      ], 
      [
        1633475205, 
        0.6977168473392606
      ], 
      [
        1633475220, 
        0.6890243690122079
      ], 
      [
        1633475235, 
        0.6700943282874406
      ], 
      [
        1633475250, 
        0.5236830850520166
      ], 
      [
        1633475265, 
        0.40643275500587545
      ]
    ], 
    "name": "geth.eth/fetcher/block/broadcasts/drop.meter", 
    "columns": [
      "time", 
      "mean"
    ]
  }, 
  "memory_used": {
    "values": [
      [
        1633474980, 
        1726010772
      ], 
      [
        1633474995, 
        1949213648
      ], 
      [
        1633475010, 
        1883252640
      ], 
      [
        1633475025, 
        1773515240
      ], 
      [
        1633475040, 
        1933239804
      ], 
      [
        1633475055, 
        2127525736
      ], 
      [
        1633475070, 
        1731123968
      ], 
      [
        1633475085, 
        1920717264
      ], 
      [
        1633475100, 
        1844831860
      ], 
      [
        1633475115, 
        1800751952
      ], 
      [
        1633475130, 
        2024183960
      ], 
      [
        1633475145, 
        1666605912
      ], 
      [
        1633475160, 
        1859712600
      ], 
      [
        1633475175, 
        2061836024
      ], 
      [
        1633475190, 
        1696066264
      ], 
      [
        1633475205, 
        1892278904
      ], 
      [
        1633475220, 
        1793254332
      ], 
      [
        1633475235, 
        1700688744
      ], 
      [
        1633475250, 
        1879332668
      ], 
      [
        1633475265, 
        2054755800
      ]
    ], 
    "name": "geth.system/memory/used.gauge", 
    "columns": [
      "time", 
      "mean"
    ]
  }, 
  "stat": {
    "known_broadcasts": {
      "max": 0.8460726065214608, 
      "mean": 0.6322761617469351, 
      "variance": 0.026426505129087608, 
      "pvalue": 0.4022927695651978, 
      "min": 0.40337481069522496
    }, 
    "memory_used": {
      "max": 2065120509.6000001, 
      "mean": 1865944904.6, 
      "variance": 1.676730499560663e+16, 
      "pvalue": 0.7327219816784973, 
      "min": 1694593246.4
    }, 
    "disk_write": {
      "max": 7404.321482688266, 
      "mean": 4896.167076424156, 
      "variance": 4765370.975373138, 
      "pvalue": 6.016333828455466e-08, 
      "min": 1789.1282063797062
    }, 
    "disk_read": {
      "max": 21787396.229472123, 
      "mean": 18685467.435596015, 
      "variance": 1961658440663.9312, 
      "pvalue": 0.009861629683505796, 
      "min": 17453234.143579043
    }, 
    "traffic_egress": {
      "max": 2687.489281586306, 
      "mean": 2245.779889370275, 
      "variance": 74412.44181311247, 
      "pvalue": 4.708981261886058e-13, 
      "min": 1874.5634486253455
    }, 
    "peer_stats": {
      "max": 51.0, 
      "mean": 50.1, 
      "variance": 0.08999999999999994, 
      "pvalue": 0.003574940981027639, 
      "min": 50.0
    }, 
    "traffic_ingress": {
      "max": 208259.4167768662, 
      "mean": 190751.9143035753, 
      "variance": 260326404.61800623, 
      "pvalue": 0.08703443477669297, 
      "min": 167475.2546433839
    }, 
    "known_announcements": {
      "max": 2.7151240521533744, 
      "mean": 1.9366126368556795, 
      "variance": 0.26304867844820007, 
      "pvalue": 0.5416672914135644, 
      "min": 1.1937852289939037
    }
  }, 
  "disk_write": {
    "values": [
      [
        1633474980, 
        9373.374735228372
      ], 
      [
        1633474995, 
        7300.687100975628
      ], 
      [
        1633475010, 
        5774.474455175974
      ], 
      [
        1633475025, 
        4583.205750128895
      ], 
      [
        1633475040, 
        3649.8437409385815
      ], 
      [
        1633475055, 
        2900.837321912386
      ], 
      [
        1633475070, 
        2301.011882772733
      ], 
      [
        1633475085, 
        1796.8876612930508
      ], 
      [
        1633475100, 
        1641.6985630261593
      ], 
      [
        1633475115, 
        1943.4527842851828
      ], 
      [
        1633475130, 
        2546.459708972654
      ], 
      [
        1633475145, 
        3163.154598554153
      ], 
      [
        1633475160, 
        5370.062264669536
      ], 
      [
        1633475175, 
        6351.165330682353
      ], 
      [
        1633475190, 
        6147.547202249289
      ], 
      [
        1633475205, 
        6660.25213957945
      ], 
      [
        1633475220, 
        6847.541144266223
      ], 
      [
        1633475235, 
        6812.887838513653
      ], 
      [
        1633475250, 
        6369.400344651514
      ], 
      [
        1633475265, 
        6389.3969606073315
      ]
    ], 
    "name": "geth.eth/db/chaindata/disk/write.meter", 
    "columns": [
      "time", 
      "mean"
    ]
  }, 
  "disk_read": {
    "values": [
      [
        1633474980, 
        22375452.304944836
      ], 
      [
        1633474995, 
        21756445.9097104
      ], 
      [
        1633475010, 
        20812493.83906337
      ], 
      [
        1633475025, 
        20034470.93314222
      ], 
      [
        1633475040, 
        18872649.92319771
      ], 
      [
        1633475055, 
        17871008.186811037
      ], 
      [
        1633475070, 
        17697942.909145243
      ], 
      [
        1633475085, 
        17675824.405273873
      ], 
      [
        1633475100, 
        17761171.90123603
      ], 
      [
        1633475115, 
        18097640.24735623
      ], 
      [
        1633475130, 
        18436486.21986953
      ], 
      [
        1633475145, 
        18420867.5781861
      ], 
      [
        1633475160, 
        18491370.438742466
      ], 
      [
        1633475175, 
        18782804.74377762
      ], 
      [
        1633475190, 
        18367049.837954327
      ], 
      [
        1633475205, 
        18081241.277844965
      ], 
      [
        1633475220, 
        17716435.14923683
      ], 
      [
        1633475235, 
        17653576.998475753
      ], 
      [
        1633475250, 
        17458903.720201615
      ], 
      [
        1633475265, 
        17345512.187750176
      ]
    ], 
    "name": "geth.eth/db/chaindata/disk/read.meter", 
    "columns": [
      "time", 
      "mean"
    ]
  },