{
  "known_broadcasts": {
    "values": [
      [
        1633474680, 
        0.9870217064486655
      ], 
      [
        1633474695, 
        0.9580223871868845
      ], 
      [
        1633474710, 
        0.7758671721671782
      ], 
      [
        1633474725, 
        0.73008287530814
      ], 
      [
        1633474740, 
        0.8854391973947005
      ], 
      [
        1633474755, 
        0.7919819023878023
      ], 
      [
        1633474770, 
        0.7068901625497603
      ], 
      [
        1633474785, 
        0.7335257224985868
      ], 
      [
        1633474800, 
        0.7021474429918542
      ], 
      [
        1633474815, 
        0.6631158100610594
      ], 
      [
        1633474830, 
        0.7320722755287108
      ], 
      [
        1633474845, 
        0.7567954175776935
      ], 
      [
        1633474860, 
        0.6529500910130788
      ], 
      [
        1633474875, 
        0.5962093804129629
      ], 
      [
        1633474890, 
        0.6545628318855446
      ], 
      [
        1633474905, 
        0.5813171052476498
      ], 
      [
        1633474920, 
        0.45430310662025464
      ], 
      [
        1633474935, 
        0.3525866473480955
      ], 
      [
        1633474950, 
        0.275548762967882
      ], 
      [
        1633474965, 
        0.44349273492278807
      ]
    ], 
    "name": "geth.eth/fetcher/block/broadcasts/drop.meter", 
    "columns": [
      "time", 
      "mean"
    ]
  }, 
  "memory_used": {
    "values": [
      [
        1633474680, 
        1716906716
      ], 
      [
        1633474695, 
        1900164456
      ], 
      [
        1633474710, 
        2111448532
      ], 
      [
        1633474725, 
        1702637072
      ], 
      [
        1633474740, 
        1922834740
      ], 
      [
        1633474755, 
        2113752288
      ], 
      [
        1633474770, 
        1708058856
      ], 
      [
        1633474785, 
        1908194848
      ], 
      [
        1633474800, 
        1843805172
      ], 
      [
        1633474815, 
        1618355304
      ], 
      [
        1633474830, 
        1807346792
      ], 
      [
        1633474845, 
        1697795008
      ], 
      [
        1633474860, 
        1992677604
      ], 
      [
        1633474875, 
        1730881992
      ], 
      [
        1633474890, 
        2027425776
      ], 
      [
        1633474905, 
        1735411432
      ], 
      [
        1633474920, 
        1962381288
      ], 
      [
        1633474935, 
        1576499920
      ], 
      [
        1633474950, 
        1813406160
      ], 
      [
        1633474965, 
        2055403984
      ]
    ], 
    "name": "geth.system/memory/used.gauge", 
    "columns": [
      "time", 
      "mean"
    ]
  }, 
  "stat": {
    "known_broadcasts": {
      "max": 0.9594723531499735, 
      "mean": 0.6716966366259646, 
      "variance": 0.03226948074862248, 
      "pvalue": 0.6175440485932986, 
      "min": 0.34873475312908486
    }, 
    "memory_used": {
      "max": 2111563719.8, 
      "mean": 1847269397.0, 
      "variance": 2.486789653008946e+16, 
      "pvalue": 0.18132506180063754, 
      "min": 1616262534.8000002
    }, 
    "disk_write": {
      "max": 115091.48270480872, 
      "mean": 39064.14771769745, 
      "variance": 1591720443.029923, 
      "pvalue": 0.029123855485678286, 
      "min": 7831.898909561827
    }, 
    "disk_read": {
      "max": 39043343.6889612, 
      "mean": 24205667.004078645, 
      "variance": 55331470193945.734, 
      "pvalue": 0.011159952286597394, 
      "min": 16953386.91482716
    }, 
    "traffic_egress": {
      "max": 4334.466872873489, 
      "mean": 3528.920108616444, 
      "variance": 358475.85995918134, 
      "pvalue": 0.014229563868155477, 
      "min": 2637.2046613048997
    }, 
    "peer_stats": {
      "max": 51.0, 
      "mean": 50.525, 
      "variance": 0.18687499999999996, 
      "pvalue": 0.6432536188365767, 
      "min": 50.0
    }, 
    "traffic_ingress": {
      "max": 251861.2346952742, 
      "mean": 212424.5256674874, 
      "variance": 677605300.2806532, 
      "pvalue": 3.301651031475743e-06, 
      "min": 179267.19189902942
    }, 
    "known_announcements": {
      "max": 2.794326304217151, 
      "mean": 2.131132666627166, 
      "variance": 0.277154090774838, 
      "pvalue": 0.0016335993900745117, 
      "min": 1.1925255754332018
    }
  }, 
  "disk_write": {
    "values": [
      [
        1633474680, 
        11825.701175968195
      ], 
      [
        1633474695, 
        10863.099927202391
      ], 
      [
        1633474710, 
        11449.22619564249
      ], 
      [
        1633474725, 
        9713.994796329182
      ], 
      [
        1633474740, 
        8156.128689392011
      ], 
      [
        1633474755, 
        7584.745609376829
      ], 
      [
        1633474770, 
        7844.906977992617
      ], 
      [
        1633474785, 
        8219.557450384551
      ], 
      [
        1633474800, 
        89849.21292912477
      ], 
      [
        1633474815, 
        145215.6426086
      ], 
      [
        1633474830, 
        113506.00060460916
      ], 
      [
        1633474845, 
        88109.95564029412
      ], 
      [
        1633474860, 
        68869.4662654775
      ], 
      [
        1633474875, 
        53462.961653644765
      ], 
      [
        1633474890, 
        41793.71489386158
      ], 
      [
        1633474905, 
        32448.306842652713
      ], 
      [
        1633474920, 
        25358.563286907494
      ], 
      [
        1633474935, 
        19680.89295583211
      ], 
      [
        1633474950, 
        15380.746119772572
      ], 
      [
        1633474965, 
        11950.12973088414
      ]
    ], 
    "name": "geth.eth/db/chaindata/disk/write.meter", 
    "columns": [
      "time", 
      "mean"
    ]
  }, 
  "disk_read": {
    "values": [
      [
        1633474680, 
        18679168.700843833
      ], 
      [
        1633474695, 
        18224220.23384428
      ], 
      [
        1633474710, 
        17997216.73470497
      ], 
      [
        1633474725, 
        17576919.05685809
      ], 
      [
        1633474740, 
        17196566.026447743
      ], 
      [
        1633474755, 
        17077277.212949432
      ], 
      [
        1633474770, 
        16957871.039040882
      ], 
      [
        1633474785, 
        16868188.554766495
      ], 
      [
        1633474800, 
        17323187.94445526
      ], 
      [
        1633474815, 
        28418104.65002889
      ], 
      [
        1633474830, 
        41369671.4523484
      ], 
      [
        1633474845, 
        38920905.38562503
      ], 
      [
        1633474860, 
        34268484.590550974
      ], 
      [
        1633474875, 
        30783424.64599349
      ], 
      [
        1633474890, 
        28630469.183699
      ], 
      [
        1633474905, 
        27047111.22075019
      ], 
      [
        1633474920, 
        25598456.155439377
      ], 
      [
        1633474935, 
        24247568.160759833
      ], 
      [
        1633474950, 
        23603014.844954714
      ], 
      [
        1633474965, 
        23325514.28751198
      ]
    ], 
    "name": "geth.eth/db/chaindata/disk/read.meter", 
    "columns": [
      "time", 
      "mean"
    ]
  },