{
  "known_broadcasts": {
    "values": [
      [
        1633475880, 
        0.5097128248956343
      ], 
      [
        1633475895, 
        0.5145692571111652
      ], 
      [
        1633475910, 
        0.6194706878351123
      ], 
      [
        1633475925, 
        0.6144653572005376
      ], 
      [
        1633475940, 
        0.5835542506057858
      ], 
      [
        1633475955, 
        0.7624927394676435
      ], 
      [
        1633475970, 
        0.6094762618410776
      ], 
      [
        1633475985, 
        0.6278140726287446
      ], 
      [
        1633476000, 
        1.050297541475816
      ], 
      [
        1633476015, 
        1.0360253441782663
      ], 
      [
        1633476030, 
        0.9244796205615036
      ], 
      [
        1633476045, 
        0.9123194168393745
      ], 
      [
        1633476060, 
        1.1283406455172622
      ], 
      [
        1633476075, 
        1.150552235176248
      ], 
      [
        1633476090, 
        0.9722367283593875
      ], 
      [
        1633476105, 
        1.0547298903683782
      ], 
      [
        1633476120, 
        1.0475119258247583
      ], 
      [
        1633476135, 
        0.9306789352522289
      ], 
      [
        1633476150, 
        0.7556785227583038
      ], 
      [
        1633476165, 
        0.9056773686651435
      ]
    ], 
    "name": "geth.eth/fetcher/block/broadcasts/drop.meter", 
    "columns": [
      "time", 
      "mean"
    ]
  }, 
  "memory_used": {
    "values": [
      [
        1633475880, 
        1779549608
      ], 
      [
        1633475895, 
        2016138664
      ], 
      [
        1633475910, 
        1963208308
      ], 
      [
        1633475925, 
        1920163976
      ], 
      [
        1633475940, 
        1863795376
      ], 
      [
        1633475955, 
        1798565824
      ], 
      [
        1633475970, 
        2024353700
      ], 
      [
        1633475985, 
        1693932616
      ], 
      [
        1633476000, 
        1960921156
      ], 
      [
        1633476015, 
        1644292144
      ], 
      [
        1633476030, 
        1874104380
      ], 
      [
        1633476045, 
        2107888432
      ], 
      [
        1633476060, 
        1768971652
      ], 
      [
        1633476075, 
        2018485672
      ], 
      [
        1633476090, 
        1985731348
      ], 
      [
        1633476105, 
        1946807384
      ], 
      [
        1633476120, 
        1878878028
      ], 
      [
        1633476135, 
        1821644424
      ], 
      [
        1633476150, 
        2053382936
      ], 
      [
        1633476165, 
        1704153280
      ]
    ], 
    "name": "geth.system/memory/used.gauge", 
    "columns": [
      "time", 
      "mean"
    ]
  }, 
  "stat": {
    "known_broadcasts": {
      "max": 1.1294512250002116, 
      "mean": 0.8355041813281184, 
      "variance": 0.044246467019179544, 
      "pvalue": 0.004203113807608305, 
      "min": 0.5143264355003886
    }, 
    "memory_used": {
      "max": 2056108210.8000002, 
      "mean": 1891248445.4, 
      "variance": 1.612979985558823e+16, 
      "pvalue": 0.9561471524135524, 
      "min": 1691450592.3999999
    }, 
    "disk_write": {
      "max": 21715.10373026391, 
      "mean": 11868.277135029408, 
      "variance": 46705513.39471762, 
      "pvalue": 0.2276883676216262, 
      "min": 3303.9953639587256
    }, 
    "disk_read": {
      "max": 24353030.77806086, 
      "mean": 21908414.186390378, 
      "variance": 1887379185918.929, 
      "pvalue": 1.3233405116243263e-08, 
      "min": 19938284.82655385
    }, 
    "traffic_egress": {
      "max": 5049.855391713155, 
      "mean": 3205.5408470807874, 
      "variance": 851784.8617512261, 
      "pvalue": 0.005337235287806951, 
      "min": 2373.2758109428796
    }, 
    "peer_stats": {
      "max": 52.525000000000006, 
      "mean": 50.925, 
      "variance": 0.8568749999999999, 
      "pvalue": 0.10121987616172823, 
      "min": 50.0
    }, 
    "traffic_ingress": {
      "max": 220367.82181880064, 
      "mean": 206825.4291470303, 
      "variance": 102095291.00298011, 
      "pvalue": 2.3552103599185507e-07, 
      "min": 193118.58471131776
    }, 
    "known_announcements": {
      "max": 3.4199966873386725, 
      "mean": 2.5305882140388554, 
      "variance": 0.43496375311784724, 
      "pvalue": 0.00037169651757399075, 
      "min": 1.4423142685157992
    }
  }, 
  "disk_write": {
    "values": [
      [
        1633475880, 
        17123.682534509157
      ], 
      [
        1633475895, 
        13302.670468372107
      ], 
      [
        1633475910, 
        10419.135429675414
      ], 
      [
        1633475925, 
        8147.854847495667
      ], 
      [
        1633475940, 
        6432.539800261238
      ], 
      [
        1633475955, 
        5099.1079186631505
      ], 
      [
        1633475970, 
        4057.539711864642
      ], 
      [
        1633475985, 
        3229.9863895187627
      ], 
      [
        1633476000, 
        3307.8905731397763
      ], 
      [
        1633476015, 
        3807.4620613562856
      ], 
      [
        1633476030, 
        4768.477131357062
      ], 
      [
        1633476045, 
        7156.684068377737
      ], 
      [
        1633476060, 
        12007.301559368818
      ], 
      [
        1633476075, 
        17458.999159324314
      ], 
      [
        1633476090, 
        21498.575192602962
      ], 
      [
        1633476105, 
        22480.72397030926
      ], 
      [
        1633476120, 
        21674.80792815626
      ], 
      [
        1633476135, 
        19778.18845046406
      ], 
      [
        1633476150, 
        18406.695791084952
      ], 
      [
        1633476165, 
        17207.2197146865
      ]
    ], 
    "name": "geth.eth/db/chaindata/disk/write.meter", 
    "columns": [
      "time", 
      "mean"
    ]
  }, 
  "disk_read": {
    "values": [
      [
        1633475880, 
        25527514.909723096
      ], 
      [
        1633475895, 
        24291215.823762845
      ], 
      [
        1633475910, 
        23424283.83201185
      ], 
      [
        1633475925, 
        23061289.588598073
      ], 
      [
        1633475940, 
        22707957.975828644
      ], 
      [
        1633475955, 
        22393536.061522882
      ], 
      [
        1633475970, 
        22126126.73034983
      ], 
      [
        1633475985, 
        22016595.55989632
      ], 
      [
        1633476000, 
        21843563.517807305
      ], 
      [
        1633476015, 
        21367144.15269505
      ], 
      [
        1633476030, 
        21437754.502622582
      ], 
      [
        1633476045, 
        21615154.1185553
      ], 
      [
        1633476060, 
        21519120.911072165
      ], 
      [
        1633476075, 
        21580504.284036525
      ], 
      [
        1633476090, 
        21472662.488856405
      ], 
      [
        1633476105, 
        21253510.53686064
      ], 
      [
        1633476120, 
        20566323.57561995
      ], 
      [
        1633476135, 
        20184344.031318035
      ], 
      [
        1633476150, 
        19943667.522467054
      ], 
      [
        1633476165, 
        19836013.604202986
      ]
    ], 
    "name": "geth.eth/db/chaindata/disk/read.meter", 
    "columns": [
      "time", 
      "mean"
    ]
  },