{
  "known_broadcasts": {
    "values": [
      [
        1633475580, 
        0.6030794537592898
      ], 
      [
        1633475595, 
        0.5966430116451799
      ], 
      [
        1633475610, 
        0.577570415158819
      ], 
      [
        1633475625, 
        0.5720628389111789
      ], 
      [
        1633475640, 
        0.6633527038408431
      ], 
      [
        1633475655, 
        0.587603763080541
      ], 
      [
        1633475670, 
        0.5107100535085076
      ], 
      [
        1633475685, 
        0.44357695956752835
      ], 
      [
        1633475700, 
        0.34665828501785667
      ], 
      [
        1633475715, 
        0.38098084543876454
      ], 
      [
        1633475730, 
        0.6080623183445768
      ], 
      [
        1633475745, 
        0.7869656177461306
      ], 
      [
        1633475760, 
        0.678983227796291
      ], 
      [
        1633475775, 
        0.7135372188065382
      ], 
      [
        1633475790, 
        0.6726575077772459
      ], 
      [
        1633475805, 
        0.5880806008455585
      ], 
      [
        1633475820, 
        0.7385480612051818
      ], 
      [
        1633475835, 
        0.6714643269060525
      ], 
      [
        1633475850, 
        0.6062530452435408
      ], 
      [
        1633475865, 
        0.614435719424418
      ]
    ], 
    "name": "geth.eth/fetcher/block/broadcasts/drop.meter", 
    "columns": [
      "time", 
      "mean"
    ]
  }, 
  "memory_used": {
    "values": [
      [
        1633475580, 
        1930441172
      ], 
      [
        1633475595, 
        2145207784
      ], 
      [
        1633475610, 
        1768615960
      ], 
      [
        1633475625, 
        1993730224
      ], 
      [
        1633475640, 
        1923772720
      ], 
      [
        1633475655, 
        1843181704
      ], 
      [
        1633475670, 
        2051761772
      ], 
      [
        1633475685, 
        1654996888
      ], 
      [
        1633475700, 
        1862222008
      ], 
      [
        1633475715, 
        2064863888
      ], 
      [
        1633475730, 
        1990413440
      ], 
      [
        1633475745, 
        1677917728
      ], 
      [
        1633475760, 
        1803717824
      ], 
      [
        1633475775, 
        1886210800
      ], 
      [
        1633475790, 
        1952531720
      ], 
      [
        1633475805, 
        1973522848
      ], 
      [
        1633475820, 
        1733017080
      ], 
      [
        1633475835, 
        2062797656
      ], 
      [
        1633475850, 
        1829591452
      ], 
      [
        1633475865, 
        2115199384
      ]
    ], 
    "name": "geth.system/memory/used.gauge", 
    "columns": [
      "time", 
      "mean"
    ]
  }, 
  "stat": {
    "known_broadcasts": {
      "max": 0.7409689390322293, 
      "mean": 0.5980612987012021, 
      "variance": 0.011705512289950601, 
      "pvalue": 0.013237273479658826, 
      "min": 0.37926471741771917
    }, 
    "memory_used": {
      "max": 2116699804.0, 
      "mean": 1913185702.6, 
      "variance": 1.8992875720908336e+16, 
      "pvalue": 0.8112402606002787, 
      "min": 1676771686.0
    }, 
    "disk_write": {
      "max": 128032.32005203354, 
      "mean": 38865.78364494663, 
      "variance": 1855648492.3061154, 
      "pvalue": 0.031121488277050684, 
      "min": 5724.762870386933
    }, 
    "disk_read": {
      "max": 39486700.51593538, 
      "mean": 25193701.87291306, 
      "variance": 73195001346313.27, 
      "pvalue": 0.0038773400724771627, 
      "min": 17627972.499602534
    }, 
    "traffic_egress": {
      "max": 4986.163136691804, 
      "mean": 4146.404001061628, 
      "variance": 436716.3217963814, 
      "pvalue": 0.11727625133050051, 
      "min": 2977.017108803123
    }, 
    "peer_stats": {
      "max": 52.525000000000006, 
      "mean": 50.925, 
      "variance": 0.7318749999999998, 
      "pvalue": 0.10121987616172823, 
      "min": 50.0
    }, 
    "traffic_ingress": {
      "max": 256737.2790120509, 
      "mean": 204860.35549538973, 
      "variance": 1666253865.3539925, 
      "pvalue": 0.012610819381299506, 
      "min": 155771.73405970715
    }, 
    "known_announcements": {
      "max": 2.3059130399082495, 
      "mean": 1.7887957703222335, 
      "variance": 0.13848277441380294, 
      "pvalue": 0.5049649221773426, 
      "min": 1.1106625953216505
    }
  }, 
  "disk_write": {
    "values": [
      [
        1633475580, 
        5599.836266202372
      ], 
      [
        1633475595, 
        5731.3379548177
      ], 
      [
        1633475610, 
        6869.088187447469
      ], 
      [
        1633475625, 
        8390.767278174799
      ], 
      [
        1633475640, 
        10568.341801123592
      ], 
      [
        1633475655, 
        13672.103056102751
      ], 
      [
        1633475670, 
        17422.96710216294
      ], 
      [
        1633475685, 
        14354.097922532399
      ], 
      [
        1633475700, 
        13623.770143350795
      ], 
      [
        1633475715, 
        13115.817030646624
      ], 
      [
        1633475730, 
        13359.391838209292
      ], 
      [
        1633475745, 
        161569.00607842443
      ], 
      [
        1633475760, 
        126267.23131380242
      ], 
      [
        1633475775, 
        98009.4606773401
      ], 
      [
        1633475790, 
        76606.12980641394
      ], 
      [
        1633475805, 
        59466.37579538753
      ], 
      [
        1633475820, 
        46491.43224603087
      ], 
      [
        1633475835, 
        36087.7162708749
      ], 
      [
        1633475850, 
        28213.882963413867
      ], 
      [
        1633475865, 
        21896.919166473806
      ]
    ], 
    "name": "geth.eth/db/chaindata/disk/write.meter", 
    "columns": [
      "time", 
      "mean"
    ]
  }, 
  "disk_read": {
    "values": [
      [
        1633475580, 
        17498370.948687576
      ], 
      [
        1633475595, 
        17638716.874748055
      ], 
      [
        1633475610, 
        17634793.633861218
      ], 
      [
        1633475625, 
        17908246.9010014
      ], 
      [
        1633475640, 
        18091844.022062488
      ], 
      [
        1633475655, 
        18382646.21716291
      ], 
      [
        1633475670, 
        18600735.731663954
      ], 
      [
        1633475685, 
        18520081.97309678
      ], 
      [
        1633475700, 
        18577570.60108195
      ], 
      [
        1633475715, 
        18672300.27710056
      ], 
      [
        1633475730, 
        18761107.91564435
      ], 
      [
        1633475745, 
        27268554.55285645
      ], 
      [
        1633475760, 
        38475897.485355094
      ], 
      [
        1633475775, 
        43419989.95227804
      ], 
      [
        1633475790, 
        39279685.28244366
      ], 
      [
        1633475805, 
        35589589.17335869
      ], 
      [
        1633475820, 
        32774022.477342356
      ], 
      [
        1633475835, 
        30711961.22397556
      ], 
      [
        1633475850, 
        28877303.399257228
      ], 
      [
        1633475865, 
        27190618.815282945
      ]
    ], 
    "name": "geth.eth/db/chaindata/disk/read.meter", 
    "columns": [
      "time", 
      "mean"
    ]
  },