{
  "known_broadcasts": {
    "values": [
      [
        1633603995, 
        0.361065567369917
      ], 
      [
        1633604010, 
        0.49834882769864125
      ], 
      [
        1633604025, 
        0.539192760200863
      ], 
      [
        1633604040, 
        0.4417917995302074
      ], 
      [
        1633604055, 
        0.3612542878876307
      ], 
      [
        1633604070, 
        0.3110237654265073
      ], 
      [
        1633604085, 
        0.2952513870019668
      ], 
      [
        1633604100, 
        0.2781678900147921
      ], 
      [
        1633604115, 
        0.23896879383107444
      ], 
      [
        1633604130, 
        0.3463138114123329
      ], 
      [
        1633604145, 
        0.35573413548707256
      ], 
      [
        1633604160, 
        0.2907484336961199
      ], 
      [
        1633604175, 
        0.3728978568400051
      ], 
      [
        1633604190, 
        0.38236352079679875
      ], 
      [
        1633604205, 
        0.5414834227183407
      ], 
      [
        1633604220, 
        0.4913129983686986
      ], 
      [
        1633604235, 
        0.46518587090029306
      ], 
      [
        1633604250, 
        0.39843018764887034
      ], 
      [
        1633604265, 
        0.39003610377321773
      ], 
      [
        1633604280, 
        0.41388584255242505
      ]
    ], 
    "name": "geth.eth/fetcher/block/broadcasts/drop.meter", 
    "columns": [
      "time", 
      "mean"
    ]
  }, 
  "memory_used": {
    "values": [
      [
        1633603995, 
        2021554064
      ], 
      [
        1633604010, 
        1640153136
      ], 
      [
        1633604025, 
        1867201404
      ], 
      [
        1633604040, 
        2045151192
      ], 
      [
        1633604055, 
        1954867944
      ], 
      [
        1633604070, 
        1821440560
      ], 
      [
        1633604085, 
        2079337540
      ], 
      [
        1633604100, 
        1673087176
      ], 
      [
        1633604115, 
        1877584708
      ], 
      [
        1633604130, 
        2092978544
      ], 
      [
        1633604145, 
        1883134416
      ], 
      [
        1633604160, 
        1958778368
      ], 
      [
        1633604175, 
        1807978360
      ], 
      [
        1633604190, 
        1607755704
      ], 
      [
        1633604205, 
        1775670892
      ], 
      [
        1633604220, 
        1831585704
      ], 
      [
        1633604235, 
        1888206832
      ], 
      [
        1633604250, 
        1913197896
      ], 
      [
        1633604265, 
        1687723728
      ], 
      [
        1633604280, 
        1908511544
      ]
    ], 
    "name": "geth.system/memory/used.gauge", 
    "columns": [
      "time", 
      "mean"
    ]
  }, 
  "stat": {
    "known_broadcasts": {
      "max": 0.5393072933267369, 
      "mean": 0.38867286315778865, 
      "variance": 0.0070815197809510734, 
      "pvalue": 0.1848992283439581, 
      "min": 0.27620793520560616
    }, 
    "memory_used": {
      "max": 2080019590.2, 
      "mean": 1866794985.6, 
      "variance": 1.8808239357946852e+16, 
      "pvalue": 0.1736791301725752, 
      "min": 1638533264.3999999
    }, 
    "disk_write": {
      "max": 124083.9552473306, 
      "mean": 38057.821602290285, 
      "variance": 1655183375.3948386, 
      "pvalue": 5.514580695277667e-06, 
      "min": 9834.889669946968
    }, 
    "disk_read": {
      "max": 41887042.45126491, 
      "mean": 25858097.49714258, 
      "variance": 90357531089837.48, 
      "pvalue": 0.3109850797243846, 
      "min": 16776082.614816705
    }, 
    "traffic_egress": {
      "max": 3598.745528813154, 
      "mean": 3026.126050793363, 
      "variance": 128305.78300281928, 
      "pvalue": 0.23925104170947153, 
      "min": 2518.507872544726
    }, 
    "peer_stats": {
      "max": 52.075, 
      "mean": 50.925, 
      "variance": 0.9568750000000004, 
      "pvalue": 0.1534048117863535, 
      "min": 50.0
    }, 
    "traffic_ingress": {
      "max": 282082.1029444752, 
      "mean": 220086.94273034326, 
      "variance": 1715236051.708296, 
      "pvalue": 0.0036426494630245575, 
      "min": 170176.75738260275
    }, 
    "known_announcements": {
      "max": 3.6335411623827962, 
      "mean": 2.6836923835567963, 
      "variance": 0.3512045516165901, 
      "pvalue": 0.00012236433535211746, 
      "min": 1.9699893992727096
    }
  }, 
  "disk_write": {
    "values": [
      [
        1633603995, 
        13381.394894123338
      ], 
      [
        1633604010, 
        12596.910913185457
      ], 
      [
        1633604025, 
        12139.203797573524
      ], 
      [
        1633604040, 
        11428.540228417398
      ], 
      [
        1633604055, 
        11048.956766100346
      ], 
      [
        1633604070, 
        10489.265566815637
      ], 
      [
        1633604085, 
        10038.68097393413
      ], 
      [
        1633604100, 
        9818.237228552038
      ], 
      [
        1633604115, 
        9835.766114230912
      ], 
      [
        1633604130, 
        151771.64869716344
      ], 
      [
        1633604145, 
        122626.70822365517
      ], 
      [
        1633604160, 
        95177.11906192568
      ], 
      [
        1633604175, 
        74406.81921706803
      ], 
      [
        1633604190, 
        57770.63949089648
      ], 
      [
        1633604205, 
        45183.47484972059
      ], 
      [
        1633604220, 
        35101.46927823055
      ], 
      [
        1633604235, 
        27444.088927185232
      ], 
      [
        1633604250, 
        21299.478615380922
      ], 
      [
        1633604265, 
        16658.143849708908
      ], 
      [
        1633604280, 
        12939.885351937854
      ]
    ], 
    "name": "geth.eth/db/chaindata/disk/write.meter", 
    "columns": [
      "time", 
      "mean"
    ]
  }, 
  "disk_read": {
    "values": [
      [
        1633603995, 
        18505424.252024725
      ], 
      [
        1633604010, 
        17908693.779495638
      ], 
      [
        1633604025, 
        18150322.484511454
      ], 
      [
        1633604040, 
        17437908.49099088
      ], 
      [
        1633604055, 
        17652617.06615283
      ], 
      [
        1633604070, 
        17058722.222472433
      ], 
      [
        1633604085, 
        17388837.685381413
      ], 
      [
        1633604100, 
        16788571.307914812
      ], 
      [
        1633604115, 
        17145773.185418278
      ], 
      [
        1633604130, 
        16538797.445952646
      ], 
      [
        1633604145, 
        38062951.26417394
      ], 
      [
        1633604160, 
        45173061.281603955
      ], 
      [
        1633604175, 
        41714094.091773376
      ], 
      [
        1633604190, 
        38347625.7777753
      ], 
      [
        1633604205, 
        36041053.66478351
      ], 
      [
        1633604220, 
        31916655.668150898
      ], 
      [
        1633604235, 
        30399972.851610187
      ], 
      [
        1633604250, 
        28204996.00181069
      ], 
      [
        1633604265, 
        27262005.52162852
      ], 
      [
        1633604280, 
        25463865.899226144
      ]
    ], 
    "name": "geth.eth/db/chaindata/disk/read.meter", 
    "columns": [
      "time", 
      "mean"
    ]
  },