{
  "known_broadcasts": {
    "values": [
      [
        1633622655, 
        0.48910459648132126
      ], 
      [
        1633622670, 
        0.4247566899611346
      ], 
      [
        1633622685, 
        0.3437310046307863
      ], 
      [
        1633622700, 
        0.4499315773542438
      ], 
      [
        1633622715, 
        0.4771228207722149
      ], 
      [
        1633622730, 
        0.6751035165329374
      ], 
      [
        1633622745, 
        0.9507517102806862
      ], 
      [
        1633622760, 
        0.7577823110483829
      ], 
      [
        1633622775, 
        0.7000560176530758
      ], 
      [
        1633622790, 
        0.6688180627282523
      ], 
      [
        1633622805, 
        0.5797746070859825
      ], 
      [
        1633622820, 
        0.4530976342533217
      ], 
      [
        1633622835, 
        0.4559174196810802
      ], 
      [
        1633622850, 
        0.4921345972647365
      ], 
      [
        1633622865, 
        0.5258678879764859
      ], 
      [
        1633622880, 
        0.7355650826524529
      ], 
      [
        1633622895, 
        0.789227678034243
      ], 
      [
        1633622910, 
        1.0209604978261972
      ], 
      [
        1633622925, 
        0.8803924898227374
      ], 
      [
        1633622940, 
        0.7606702960585372
      ]
    ], 
    "name": "geth.eth/fetcher/block/broadcasts/drop.meter", 
    "columns": [
      "time", 
      "mean"
    ]
  }, 
  "memory_used": {
    "values": [
      [
        1633622655, 
        1802959312
      ], 
      [
        1633622670, 
        1567603780
      ], 
      [
        1633622685, 
        1779405888
      ], 
      [
        1633622700, 
        1802091436
      ], 
      [
        1633622715, 
        1767392672
      ], 
      [
        1633622730, 
        1774670956
      ], 
      [
        1633622745, 
        1755639864
      ], 
      [
        1633622760, 
        1750705468
      ], 
      [
        1633622775, 
        1667166520
      ], 
      [
        1633622790, 
        1682535336
      ], 
      [
        1633622805, 
        1615609216
      ], 
      [
        1633622820, 
        1859701600
      ], 
      [
        1633622835, 
        1525202144
      ], 
      [
        1633622850, 
        1739238960
      ], 
      [
        1633622865, 
        1501075776
      ], 
      [
        1633622880, 
        1899636860
      ], 
      [
        1633622895, 
        1690772880
      ], 
      [
        1633622910, 
        1906329500
      ], 
      [
        1633622925, 
        1603902912
      ], 
      [
        1633622940, 
        1851690736
      ]
    ], 
    "name": "geth.system/memory/used.gauge", 
    "columns": [
      "time", 
      "mean"
    ]
  }, 
  "stat": {
    "known_broadcasts": {
      "max": 0.9542621496579617, 
      "mean": 0.6315383249049404, 
      "variance": 0.03452124131193539, 
      "pvalue": 7.924378668199698e-09, 
      "min": 0.4207054056946172
    }, 
    "memory_used": {
      "max": 1899971492.0, 
      "mean": 1727166590.8, 
      "variance": 1.3315606184741722e+16, 
      "pvalue": 0.000452808995540065, 
      "min": 1523995825.6000001
    }, 
    "disk_write": {
      "max": 18483.509431512397, 
      "mean": 13817.5174847822, 
      "variance": 16282572.714262243, 
      "pvalue": 0.0006827387984386441, 
      "min": 5058.401379310345
    }, 
    "disk_read": {
      "max": 23298476.156757414, 
      "mean": 20593131.68073478, 
      "variance": 2738577717919.087, 
      "pvalue": 0.23294231520594505, 
      "min": 18898558.68957759
    }, 
    "traffic_egress": {
      "max": 336338.5390327244, 
      "mean": 94060.25367656718, 
      "variance": 18074562368.319427, 
      "pvalue": 1.6734172413357972e-10, 
      "min": 3683.9757006937625
    }, 
    "peer_stats": {
      "max": 48.525000000000006, 
      "mean": 47.675, 
      "variance": 0.4318749999999998, 
      "pvalue": 6.633140652815516e-16, 
      "min": 46.95
    }, 
    "traffic_ingress": {
      "max": 196286.89155447038, 
      "mean": 177921.15995941468, 
      "variance": 166411071.69615296, 
      "pvalue": 0.037125553411020286, 
      "min": 160627.0906031383
    }, 
    "known_announcements": {
      "max": 3.1441177902391133, 
      "mean": 2.0984543787001835, 
      "variance": 0.35010842972931433, 
      "pvalue": 0.4322930293193827, 
      "min": 1.4421234543672976
    }
  }, 
  "disk_write": {
    "values": [
      [
        1633622655, 
        2448.5249246762364
      ], 
      [
        1633622670, 
        5195.763297975298
      ], 
      [
        1633622685, 
        9705.783385491533
      ], 
      [
        1633622700, 
        11950.220847954595
      ], 
      [
        1633622715, 
        17040.65217053719
      ], 
      [
        1633622730, 
        15236.792433201104
      ], 
      [
        1633622745, 
        15922.813972625547
      ], 
      [
        1633622760, 
        15445.194428652241
      ], 
      [
        1633622775, 
        14008.075562102385
      ], 
      [
        1633622790, 
        12278.051971861578
      ], 
      [
        1633622805, 
        12320.485386871944
      ], 
      [
        1633622820, 
        13296.743920922374
      ], 
      [
        1633622835, 
        15176.138372694537
      ], 
      [
        1633622850, 
        18781.166756686434
      ], 
      [
        1633622865, 
        18467.843256503234
      ], 
      [
        1633622880, 
        17792.48499335545
      ], 
      [
        1633622895, 
        16917.420858664187
      ], 
      [
        1633622910, 
        15460.391165485518
      ], 
      [
        1633622925, 
        14105.682161766646
      ], 
      [
        1633622940, 
        14800.119827615958
      ]
    ], 
    "name": "geth.eth/db/chaindata/disk/write.meter", 
    "columns": [
      "time", 
      "mean"
    ]
  }, 
  "disk_read": {
    "values": [
      [
        1633622655, 
        23740172.119702015
      ], 
      [
        1633622670, 
        23003321.85977578
      ], 
      [
        1633622685, 
        23275229.000812963
      ], 
      [
        1633622700, 
        22446691.785765998
      ], 
      [
        1633622715, 
        22749499.614073046
      ], 
      [
        1633622730, 
        21745647.085248053
      ], 
      [
        1633622745, 
        21644687.370935366
      ], 
      [
        1633622760, 
        20786415.38061373
      ], 
      [
        1633622775, 
        20407338.91745042
      ], 
      [
        1633622790, 
        19749881.87784861
      ], 
      [
        1633622805, 
        19825690.697323523
      ], 
      [
        1633622820, 
        19455726.141072605
      ], 
      [
        1633622835, 
        19471691.668646127
      ], 
      [
        1633622850, 
        18973982.033326477
      ], 
      [
        1633622865, 
        19580497.630798012
      ], 
      [
        1633622880, 
        19288833.537971374
      ], 
      [
        1633622895, 
        19576179.94694811
      ], 
      [
        1633622910, 
        19031409.4012857
      ], 
      [
        1633622925, 
        18936746.45813634
      ], 
      [
        1633622940, 
        18172991.086961336
      ]
    ], 
    "name": "geth.eth/db/chaindata/disk/read.meter", 
    "columns": [
      "time", 
      "mean"
    ]
  },