{
  "stat": {
    "blockchaincache_size": {
      "max": 5263840.0, 
      "mean": 4120368.533333333, 
      "variance": 1161315093473.8489, 
      "pvalue": 0.28370169787726474, 
      "min": 2323414.4
    }, 
    "kvdb_bytes_read": {
      "max": 716255.02, 
      "mean": 267955.5737529824, 
      "variance": 49621250347.07243, 
      "pvalue": 0.07697279754490031, 
      "min": 22465.532650666668
    }, 
    "sync_blocks_highest": {
      "max": 9.516919999999956, 
      "mean": 2.627684210526316, 
      "variance": 39.31342315080334, 
      "pvalue": 0.3466128328737489, 
      "min": 0.0
    }, 
    "import_blocks": {
      "max": 3.149999999999997, 
      "mean": 0.9270947368421054, 
      "variance": 1.8251616478670365, 
      "pvalue": 0.3003498551272482, 
      "min": 0.0
    }, 
    "peer_stats": {
      "max": 3.0, 
      "mean": 1.0, 
      "variance": 1.0666666666666667, 
      "pvalue": 1.0123177529133631e-11, 
      "min": 0.0
    }, 
    "sync_blocks_recieved": {
      "max": 101.26891999999829, 
      "mean": 45.91145263157895, 
      "variance": 33638.068953216156, 
      "pvalue": 0.271116724139414, 
      "min": 0.0
    }, 
    "kvdb_bytes_write": {
      "max": 3840216.4183039805, 
      "mean": 1003080.9496505263, 
      "variance": 7513699330401.245, 
      "pvalue": 0.3494597830638079, 
      "min": 0.0
    }
  }, 
  "blockchaincache_size": {
    "metric": {
      "__name__": "blockchaincache_size", 
      "job": "openethereum", 
      "instance": "172.17.0.1:3033"
    }, 
    "values": [
      [
        1633679969, 
        "2636232"
      ], 
      [
        1633679999, 
        "3090440"
      ], 
      [
        1633680014, 
        "3090848"
      ], 
      [
        1633680029, 
        "4238816"
      ], 
      [
        1633680074, 
        "2322048"
      ], 
      [
        1633680089, 
        "2324000"
      ], 
      [
        1633680104, 
        "4764728"
      ], 
      [
        1633680149, 
        "4776552"
      ], 
      [
        1633680164, 
        "4776824"
      ], 
      [
        1633680194, 
        "5262472"
      ], 
      [
        1633680209, 
        "5262472"
      ], 
      [
        1633680224, 
        "5263840"
      ], 
      [
        1633680239, 
        "5263840"
      ], 
      [
        1633680254, 
        "4362024"
      ], 
      [
        1633680269, 
        "4370392"
      ]
    ]
  }, 
  "kvdb_bytes_read": {
    "metric": {
      "instance": "172.17.0.1:3033", 
      "job": "openethereum"
    }, 
    "values": [
      [
        1633679969, 
        "687369.1921866667"
      ], 
      [
        1633679999, 
        "26044.095653333334"
      ], 
      [
        1633680014, 
        "403121.7"
      ], 
      [
        1633680029, 
        "410750.9"
      ], 
      [
        1633680044, 
        "139140.35880000002"
      ], 
      [
        1633680059, 
        "186693.59728000002"
      ], 
      [
        1633680074, 
        "250913.3"
      ], 
      [
        1633680089, 
        "130769.74736"
      ], 
      [
        1633680104, 
        "146731.1"
      ], 
      [
        1633680119, 
        "342671.61832000007"
      ], 
      [
        1633680134, 
        "23038.023493333334"
      ], 
      [
        1633680149, 
        "84048.3"
      ], 
      [
        1633680164, 
        "17313.115066666665"
      ], 
      [
        1633680179, 
        "190006.9531466667"
      ], 
      [
        1633680209, 
        "302134.5"
      ], 
      [
        1633680224, 
        "715951"
      ], 
      [
        1633680239, 
        "243832.9"
      ], 
      [
        1633680254, 
        "718991.2"
      ], 
      [
        1633680269, 
        "71634.3"
      ]
    ]
  }, 
  "sync_blocks_highest": {
    "metric": {
      "instance": "172.17.0.1:3033", 
      "job": "openethereum"
    }, 
    "values": [
      [
        1633679969, 
        "2.1284"
      ], 
      [
        1633679999, 
        "0"
      ], 
      [
        1633680014, 
        "0"
      ], 
      [
        1633680029, 
        "0"
      ], 
      [
        1633680044, 
        "0"
      ], 
      [
        1633680059, 
        "0"
      ], 
      [
        1633680074, 
        "0"
      ], 
      [
        1633680089, 
        "27.6692"
      ], 
      [
        1633680104, 
        "0"
      ], 
      [
        1633680119, 
        "0"
      ], 
      [
        1633680134, 
        "0"
      ], 
      [
        1633680149, 
        "3"
      ], 
      [
        1633680164, 
        "2.1284"
      ], 
      [
        1633680179, 
        "0"
      ], 
      [
        1633680209, 
        "6"
      ], 
      [
        1633680224, 
        "1.5"
      ], 
      [
        1633680239, 
        "0"
      ], 
      [
        1633680254, 
        "0"
      ], 
      [
        1633680269, 
        "7.5"
      ]
    ]
  }, 
  "import_blocks": {
    "metric": {
      "instance": "172.17.0.1:3033", 
      "job": "openethereum"
    }, 
    "values": [
      [
        1633679969, 
        "0"
      ], 
      [
        1633679999, 
        "0"
      ], 
      [
        1633680014, 
        "3"
      ], 
      [
        1633680029, 
        "4.5"
      ], 
      [
        1633680044, 
        "1.8716000000000002"
      ], 
      [
        1633680059, 
        "1.8716000000000002"
      ], 
      [
        1633680074, 
        "0"
      ], 
      [
        1633680089, 
        "0"
      ], 
      [
        1633680104, 
        "0"
      ], 
      [
        1633680119, 
        "0"
      ], 
      [
        1633680134, 
        "0"
      ], 
      [
        1633680149, 
        "0"
      ], 
      [
        1633680164, 
        "0"
      ], 
      [
        1633680179, 
        "1.8716000000000002"
      ], 
      [
        1633680209, 
        "0"
      ], 
      [
        1633680224, 
        "3"
      ], 
      [
        1633680239, 
        "0"
      ], 
      [
        1633680254, 
        "1.5"
      ], 
      [
        1633680269, 
        "0"
      ]
    ]
  }, 
  "peer_stats": {
    "metric": {
      "__name__": "net_peers", 
      "job": "openethereum", 
      "instance": "172.17.0.1:3033"
    }, 
    "values": [
      [
        1633679969, 
        "2"
      ], 
      [
        1633679999, 
        "0"
      ], 
      [
        1633680014, 
        "0"
      ], 
      [
        1633680029, 
        "0"
      ], 
      [
        1633680074, 
        "0"
      ], 
      [
        1633680089, 
        "1"
      ], 
      [
        1633680104, 
        "1"
      ], 
      [
        1633680149, 
        "1"
      ], 
      [
        1633680164, 
        "1"
      ], 
      [
        1633680194, 
        "0"
      ], 
      [
        1633680209, 
        "2"
      ], 
      [
        1633680224, 
        "1"
      ], 
      [
        1633680239, 
        "0"
      ], 
      [
        1633680254, 
        "3"
      ], 
      [
        1633680269, 
        "3"
      ]
    ]
  }, 
  "sync_blocks_recieved": {
    "metric": {
      "instance": "172.17.0.1:3033", 
      "job": "openethereum"
    },