{
  "stat": {
    "blockchaincache_size": {
      "max": 11740551.199999973, 
      "mean": 5419431.578947368, 
      "variance": 24979634015100.457, 
      "pvalue": 0.0029826698364706396, 
      "min": 114592.0
    }, 
    "kvdb_bytes_read": {
      "max": 458655.42, 
      "mean": 172376.55000000002, 
      "variance": 23646734809.334724, 
      "pvalue": 0.3688126090236884, 
      "min": 42822.73
    }, 
    "sync_blocks_highest": {
      "max": 4.5, 
      "mean": 1.5, 
      "variance": 2.75, 
      "pvalue": 0.29426392569623416, 
      "min": 0.0
    }, 
    "import_blocks": {
      "max": 3.0, 
      "mean": 1.0833333333333333, 
      "variance": 1.4513888888888886, 
      "pvalue": 0.9999995887581533, 
      "min": 0.0
    }, 
    "peer_stats": {
      "max": 33.199999999999996, 
      "mean": 11.631578947368421, 
      "variance": 86.02216066481996, 
      "pvalue": 9.720561042249334e-12, 
      "min": 4.0
    }, 
    "sync_blocks_recieved": {
      "max": 4.949999999999996, 
      "mean": 1.4166666666666667, 
      "variance": 4.1180555555555545, 
      "pvalue": 0.9757979659950852, 
      "min": 0.0
    }, 
    "kvdb_bytes_write": {
      "max": 5464143.924999988, 
      "mean": 1183278.5999999999, 
      "variance": 8856916538959.994, 
      "pvalue": 0.9809213875498037, 
      "min": 0.0
    }
  }, 
  "blockchaincache_size": {
    "metric": {
      "__name__": "blockchaincache_size", 
      "job": "openethereum", 
      "instance": "172.17.0.1:3033"
    }, 
    "values": [
      [
        1633506422, 
        "5808408"
      ], 
      [
        1633506437, 
        "5808408"
      ], 
      [
        1633506452, 
        "5809656"
      ], 
      [
        1633506497, 
        "23156072"
      ], 
      [
        1633506512, 
        "114592"
      ], 
      [
        1633506527, 
        "114592"
      ], 
      [
        1633506542, 
        "114592"
      ], 
      [
        1633506557, 
        "366016"
      ], 
      [
        1633506572, 
        "1249552"
      ], 
      [
        1633506587, 
        "4648264"
      ], 
      [
        1633506602, 
        "4685584"
      ], 
      [
        1633506617, 
        "10472160"
      ], 
      [
        1633506632, 
        "5921384"
      ], 
      [
        1633506647, 
        "5993480"
      ], 
      [
        1633506662, 
        "6137528"
      ], 
      [
        1633506677, 
        "6138360"
      ], 
      [
        1633506692, 
        "6138360"
      ], 
      [
        1633506707, 
        "6426192"
      ], 
      [
        1633506722, 
        "3866000"
      ]
    ]
  }, 
  "kvdb_bytes_read": {
    "metric": {
      "instance": "172.17.0.1:3033", 
      "job": "openethereum"
    }, 
    "values": [
      [
        1633506422, 
        "445016.2"
      ], 
      [
        1633506437, 
        "132511.6"
      ], 
      [
        1633506452, 
        "118321.8"
      ], 
      [
        1633506512, 
        "61164.4"
      ], 
      [
        1633506527, 
        "131745.3"
      ], 
      [
        1633506542, 
        "82001.3"
      ], 
      [
        1633506557, 
        "456018.9"
      ], 
      [
        1633506572, 
        "438134.7"
      ], 
      [
        1633506587, 
        "3093.9"
      ], 
      [
        1633506602, 
        "95263.3"
      ], 
      [
        1633506617, 
        "473595.7"
      ], 
      [
        1633506632, 
        "49833.7"
      ], 
      [
        1633506647, 
        "97878.9"
      ], 
      [
        1633506662, 
        "121757.2"
      ], 
      [
        1633506677, 
        "81409.7"
      ], 
      [
        1633506692, 
        "63003.3"
      ], 
      [
        1633506707, 
        "142279.8"
      ], 
      [
        1633506722, 
        "109748.2"
      ]
    ]
  }, 
  "sync_blocks_highest": {
    "metric": {
      "instance": "172.17.0.1:3033", 
      "job": "openethereum"
    }, 
    "values": [
      [
        1633506422, 
        "4.5"
      ], 
      [
        1633506437, 
        "0"
      ], 
      [
        1633506452, 
        "0"
      ], 
      [
        1633506512, 
        "3"
      ], 
      [
        1633506527, 
        "0"
      ], 
      [
        1633506542, 
        "0"
      ], 
      [
        1633506557, 
        "1.5"
      ], 
      [
        1633506572, 
        "0"
      ], 
      [
        1633506587, 
        "0"
      ], 
      [
        1633506602, 
        "1.5"
      ], 
      [
        1633506617, 
        "3"
      ], 
      [
        1633506632, 
        "3"
      ], 
      [
        1633506647, 
        "4.5"
      ], 
      [
        1633506662, 
        "0"
      ], 
      [
        1633506677, 
        "0"
      ], 
      [
        1633506692, 
        "3"
      ], 
      [
        1633506707, 
        "0"
      ], 
      [
        1633506722, 
        "3"
      ]
    ]
  }, 
  "import_blocks": {
    "metric": {
      "instance": "172.17.0.1:3033", 
      "job": "openethereum"
    }, 
    "values": [
      [
        1633506422, 
        "3"
      ], 
      [
        1633506437, 
        "0"
      ], 
      [
        1633506452, 
        "3"
      ], 
      [
        1633506512, 
        "0"
      ], 
      [
        1633506527, 
        "0"
      ], 
      [
        1633506542, 
        "0"
      ], 
      [
        1633506557, 
        "3"
      ], 
      [
        1633506572, 
        "1.5"
      ], 
      [
        1633506587, 
        "0"
      ], 
      [
        1633506602, 
        "1.5"
      ], 
      [
        1633506617, 
        "0"
      ], 
      [
        1633506632, 
        "0"
      ], 
      [
        1633506647, 
        "1.5"
      ], 
      [
        1633506662, 
        "0"
      ], 
      [
        1633506677, 
        "1.5"
      ], 
      [
        1633506692, 
        "0"
      ], 
      [
        1633506707, 
        "3"
      ], 
      [
        1633506722, 
        "1.5"
      ]
    ]
  }, 
  "peer_stats": {
    "metric": {
      "__name__": "net_peers", 
      "job": "openethereum", 
      "instance": "172.17.0.1:3033"
    }, 
    "values": [
      [
        1633506422, 
        "35"
      ], 
      [
        1633506437, 
        "33"
      ], 
      [
        1633506452, 
        "24"
      ], 
      [
        1633506497, 
        "20"
      ], 
      [
        1633506512, 
        "14"
      ], 
      [
        1633506527, 
        "6"
      ], 
      [
        1633506542, 
        "6"
      ], 
      [
        1633506557, 
        "5"
      ], 
      [
        1633506572, 
        "5"
      ], 
      [
        1633506587, 
        "5"
      ], 
      [
        1633506602, 
        "4"
      ], 
      [
        1633506617, 
        "4"
      ], 
      [
        1633506632, 
        "9"
      ], 
      [
        1633506647, 
        "12"
      ], 
      [
        1633506662, 
        "10"
      ], 
      [
        1633506677, 
        "7"
      ], 
      [
        1633506692, 
        "9"
      ], 
      [
        1633506707, 
        "6"
      ], 
      [
        1633506722, 
        "7"
      ]
    ]
  }, 
  "sync_blocks_recieved": {
    "metric": {
      "instance": "172.17.0.1:3033", 
      "job": "openethereum"
    },