{
  "stat": {
    "blockchaincache_size": {
      "max": 5808408.0, 
      "mean": 5205260.19047619, 
      "variance": 365437522277.2971, 
      "pvalue": 0.0020784389876138186, 
      "min": 4453120.0
    }, 
    "kvdb_bytes_read": {
      "max": 557226.2, 
      "mean": 219328.65714285718, 
      "variance": 31075065495.68721, 
      "pvalue": 0.41833512853439037, 
      "min": 66752.6
    }, 
    "sync_blocks_highest": {
      "max": 3.0, 
      "mean": 1.3571428571428572, 
      "variance": 1.693877551020408, 
      "pvalue": 0.9920032809359466, 
      "min": 0.0
    }, 
    "import_blocks": {
      "max": 4.5, 
      "mean": 1.6428571428571428, 
      "variance": 2.9795918367346936, 
      "pvalue": 0.7720871951610909, 
      "min": 0.0
    }, 
    "peer_stats": {
      "max": 38.0, 
      "mean": 35.714285714285715, 
      "variance": 1.918367346938776, 
      "pvalue": 6.10235915977865e-19, 
      "min": 34.0
    }, 
    "sync_blocks_recieved": {
      "max": 3.0, 
      "mean": 1.3571428571428572, 
      "variance": 1.693877551020408, 
      "pvalue": 0.9910579322844855, 
      "min": 0.0
    }, 
    "kvdb_bytes_write": {
      "max": 985690.5, 
      "mean": 343309.23809523805, 
      "variance": 136922614872.19092, 
      "pvalue": 0.9283219203800896, 
      "min": 0.0
    }
  }, 
  "blockchaincache_size": {
    "metric": {
      "__name__": "blockchaincache_size", 
      "job": "openethereum", 
      "instance": "172.17.0.1:3033"
    }, 
    "values": [
      [
        1633506122, 
        "5341064"
      ], 
      [
        1633506137, 
        "5341336"
      ], 
      [
        1633506152, 
        "5341336"
      ], 
      [
        1633506167, 
        "5341608"
      ], 
      [
        1633506182, 
        "5342424"
      ], 
      [
        1633506197, 
        "5710880"
      ], 
      [
        1633506212, 
        "5712392"
      ], 
      [
        1633506227, 
        "5713208"
      ], 
      [
        1633506242, 
        "5714176"
      ], 
      [
        1633506257, 
        "5714176"
      ], 
      [
        1633506272, 
        "4453120"
      ], 
      [
        1633506287, 
        "4453120"
      ], 
      [
        1633506302, 
        "4453664"
      ], 
      [
        1633506317, 
        "4453936"
      ], 
      [
        1633506332, 
        "4454208"
      ], 
      [
        1633506347, 
        "4454208"
      ], 
      [
        1633506362, 
        "4451896"
      ], 
      [
        1633506377, 
        "4899136"
      ], 
      [
        1633506392, 
        "6499272"
      ], 
      [
        1633506407, 
        "5656896"
      ], 
      [
        1633506422, 
        "5808408"
      ]
    ]
  }, 
  "kvdb_bytes_read": {
    "metric": {
      "instance": "172.17.0.1:3033", 
      "job": "openethereum"
    }, 
    "values": [
      [
        1633506122, 
        "155314.4"
      ], 
      [
        1633506137, 
        "100377"
      ], 
      [
        1633506152, 
        "82999.9"
      ], 
      [
        1633506167, 
        "23695"
      ], 
      [
        1633506182, 
        "419630.6"
      ], 
      [
        1633506197, 
        "408582"
      ], 
      [
        1633506212, 
        "429285.5"
      ], 
      [
        1633506227, 
        "264076.8"
      ], 
      [
        1633506242, 
        "153624.3"
      ], 
      [
        1633506257, 
        "97790.6"
      ], 
      [
        1633506272, 
        "621203.6"
      ], 
      [
        1633506287, 
        "66752.6"
      ], 
      [
        1633506302, 
        "110065"
      ], 
      [
        1633506317, 
        "157538.3"
      ], 
      [
        1633506332, 
        "132046.7"
      ], 
      [
        1633506347, 
        "109006.9"
      ], 
      [
        1633506362, 
        "70269"
      ], 
      [
        1633506377, 
        "117408.2"
      ], 
      [
        1633506392, 
        "557226.2"
      ], 
      [
        1633506407, 
        "83993"
      ], 
      [
        1633506422, 
        "445016.2"
      ]
    ]
  }, 
  "sync_blocks_highest": {
    "metric": {
      "instance": "172.17.0.1:3033", 
      "job": "openethereum"
    }, 
    "values": [
      [
        1633506122, 
        "3"
      ], 
      [
        1633506137, 
        "0"
      ], 
      [
        1633506152, 
        "0"
      ], 
      [
        1633506167, 
        "1.5"
      ], 
      [
        1633506182, 
        "3"
      ], 
      [
        1633506197, 
        "3"
      ], 
      [
        1633506212, 
        "0"
      ], 
      [
        1633506227, 
        "3"
      ], 
      [
        1633506242, 
        "1.5"
      ], 
      [
        1633506257, 
        "1.5"
      ], 
      [
        1633506272, 
        "1.5"
      ], 
      [
        1633506287, 
        "1.5"
      ], 
      [
        1633506302, 
        "0"
      ], 
      [
        1633506317, 
        "0"
      ], 
      [
        1633506332, 
        "1.5"
      ], 
      [
        1633506347, 
        "0"
      ], 
      [
        1633506362, 
        "1.5"
      ], 
      [
        1633506377, 
        "0"
      ], 
      [
        1633506392, 
        "0"
      ], 
      [
        1633506407, 
        "1.5"
      ], 
      [
        1633506422, 
        "4.5"
      ]
    ]
  }, 
  "import_blocks": {
    "metric": {
      "instance": "172.17.0.1:3033", 
      "job": "openethereum"
    }, 
    "values": [
      [
        1633506122, 
        "1.5"
      ], 
      [
        1633506137, 
        "0"
      ], 
      [
        1633506152, 
        "0"
      ], 
      [
        1633506167, 
        "0"
      ], 
      [
        1633506182, 
        "4.5"
      ], 
      [
        1633506197, 
        "4.5"
      ], 
      [
        1633506212, 
        "4.5"
      ], 
      [
        1633506227, 
        "1.5"
      ], 
      [
        1633506242, 
        "3"
      ], 
      [
        1633506257, 
        "0"
      ], 
      [
        1633506272, 
        "4.5"
      ], 
      [
        1633506287, 
        "0"
      ], 
      [
        1633506302, 
        "1.5"
      ], 
      [
        1633506317, 
        "1.5"
      ], 
      [
        1633506332, 
        "1.5"
      ], 
      [
        1633506347, 
        "0"
      ], 
      [
        1633506362, 
        "0"
      ], 
      [
        1633506377, 
        "0"
      ], 
      [
        1633506392, 
        "3"
      ], 
      [
        1633506407, 
        "0"
      ], 
      [
        1633506422, 
        "3"
      ]
    ]
  }, 
  "peer_stats": {
    "metric": {
      "__name__": "net_peers", 
      "job": "openethereum", 
      "instance": "172.17.0.1:3033"
    }, 
    "values": [
      [
        1633506122, 
        "38"
      ], 
      [
        1633506137, 
        "38"
      ], 
      [
        1633506152, 
        "37"
      ], 
      [
        1633506167, 
        "38"
      ], 
      [
        1633506182, 
        "38"
      ], 
      [
        1633506197, 
        "36"
      ], 
      [
        1633506212, 
        "36"
      ], 
      [
        1633506227, 
        "35"
      ], 
      [
        1633506242, 
        "36"
      ], 
      [
        1633506257, 
        "36"
      ], 
      [
        1633506272, 
        "35"
      ], 
      [
        1633506287, 
        "34"
      ], 
      [
        1633506302, 
        "33"
      ], 
      [
        1633506317, 
        "34"
      ], 
      [
        1633506332, 
        "35"
      ], 
      [
        1633506347, 
        "35"
      ], 
      [
        1633506362, 
        "35"
      ], 
      [
        1633506377, 
        "36"
      ], 
      [
        1633506392, 
        "35"
      ], 
      [
        1633506407, 
        "35"
      ], 
      [
        1633506422, 
        "35"
      ]
    ]
  }, 
  "sync_blocks_recieved": {
    "metric": {
      "instance": "172.17.0.1:3033", 
      "job": "openethereum"
    },