{
  "stat": {
    "blockchaincache_size": {
      "max": 9282852.8, 
      "mean": 5487594.857142857, 
      "variance": 2901686680938.1226, 
      "pvalue": 0.0001499602964511625, 
      "min": 4078172.8
    }, 
    "kvdb_bytes_read": {
      "max": 934328.74, 
      "mean": 461660.9359858859, 
      "variance": 110162359608.36227, 
      "pvalue": 0.0038553286319792856, 
      "min": 15864.081922666666
    }, 
    "sync_blocks_highest": {
      "max": 3.0, 
      "mean": 0.7540571428571428, 
      "variance": 1.2115416195918374, 
      "pvalue": 0.7775580193022266, 
      "min": 0.0
    }, 
    "import_blocks": {
      "max": 3.0, 
      "mean": 0.7540571428571428, 
      "variance": 1.2115416195918367, 
      "pvalue": 0.972141171804855, 
      "min": 0.0
    }, 
    "peer_stats": {
      "max": 6.0, 
      "mean": 3.9285714285714284, 
      "variance": 2.352040816326531, 
      "pvalue": 1.9961934413969775e-13, 
      "min": 1.65
    }, 
    "sync_blocks_recieved": {
      "max": 3.599999999999998, 
      "mean": 0.6428571428571429, 
      "variance": 3.7653061224489783, 
      "pvalue": 0.024304738555406328, 
      "min": 0.0
    }, 
    "kvdb_bytes_write": {
      "max": 2915155.214999998, 
      "mean": 683083.5146568111, 
      "variance": 3083888985311.341, 
      "pvalue": 0.9058368351374979, 
      "min": 0.0
    }
  }, 
  "blockchaincache_size": {
    "metric": {
      "__name__": "blockchaincache_size", 
      "job": "openethereum", 
      "instance": "172.17.0.1:3033"
    }, 
    "values": [
      [
        1633507326, 
        "5022456"
      ], 
      [
        1633507386, 
        "5088600"
      ], 
      [
        1633507401, 
        "5088600"
      ], 
      [
        1633507416, 
        "5088872"
      ], 
      [
        1633507461, 
        "5089960"
      ], 
      [
        1633507476, 
        "5090248"
      ], 
      [
        1633507491, 
        "5090248"
      ], 
      [
        1633507506, 
        "5091056"
      ], 
      [
        1633507521, 
        "5091600"
      ], 
      [
        1633507566, 
        "5095168"
      ], 
      [
        1633507581, 
        "5096440"
      ], 
      [
        1633507596, 
        "2324504"
      ], 
      [
        1633507611, 
        "9289072"
      ], 
      [
        1633507626, 
        "9279504"
      ]
    ]
  }, 
  "kvdb_bytes_read": {
    "metric": {
      "instance": "172.17.0.1:3033", 
      "job": "openethereum"
    }, 
    "values": [
      [
        1633507326, 
        "256172.27078906927"
      ], 
      [
        1633507341, 
        "73142.4"
      ], 
      [
        1633507371, 
        "1003954.4"
      ], 
      [
        1633507401, 
        "100496.1"
      ], 
      [
        1633507416, 
        "24378.387573333333"
      ], 
      [
        1633507431, 
        "641437"
      ], 
      [
        1633507476, 
        "655569.9"
      ], 
      [
        1633507491, 
        "433576.3"
      ], 
      [
        1633507506, 
        "253171.41042666664"
      ], 
      [
        1633507521, 
        "635977.7350133334"
      ], 
      [
        1633507536, 
        "896838"
      ], 
      [
        1633507551, 
        "859637.2"
      ], 
      [
        1633507566, 
        "628850.2"
      ], 
      [
        1633507626, 
        "51.8"
      ]
    ]
  }, 
  "sync_blocks_highest": {
    "metric": {
      "instance": "172.17.0.1:3033", 
      "job": "openethereum"
    }, 
    "values": [
      [
        1633507326, 
        "0"
      ], 
      [
        1633507341, 
        "0"
      ], 
      [
        1633507371, 
        "0"
      ], 
      [
        1633507401, 
        "0"
      ], 
      [
        1633507416, 
        "0"
      ], 
      [
        1633507431, 
        "3"
      ], 
      [
        1633507476, 
        "3"
      ], 
      [
        1633507491, 
        "1.5"
      ], 
      [
        1633507506, 
        "1.5284"
      ], 
      [
        1633507521, 
        "1.5284"
      ], 
      [
        1633507536, 
        "0"
      ], 
      [
        1633507551, 
        "0"
      ], 
      [
        1633507566, 
        "0"
      ], 
      [
        1633507626, 
        "0"
      ]
    ]
  }, 
  "import_blocks": {
    "metric": {
      "instance": "172.17.0.1:3033", 
      "job": "openethereum"
    }, 
    "values": [
      [
        1633507326, 
        "0"
      ], 
      [
        1633507341, 
        "0"
      ], 
      [
        1633507371, 
        "0"
      ], 
      [
        1633507401, 
        "0"
      ], 
      [
        1633507416, 
        "0"
      ], 
      [
        1633507431, 
        "0"
      ], 
      [
        1633507476, 
        "1.5"
      ], 
      [
        1633507491, 
        "0"
      ], 
      [
        1633507506, 
        "1.5284"
      ], 
      [
        1633507521, 
        "1.5284"
      ], 
      [
        1633507536, 
        "0"
      ], 
      [
        1633507551, 
        "3"
      ], 
      [
        1633507566, 
        "3"
      ], 
      [
        1633507626, 
        "0"
      ]
    ]
  }, 
  "peer_stats": {
    "metric": {
      "__name__": "net_peers", 
      "job": "openethereum", 
      "instance": "172.17.0.1:3033"
    }, 
    "values": [
      [
        1633507326, 
        "3"
      ], 
      [
        1633507386, 
        "2"
      ], 
      [
        1633507401, 
        "3"
      ], 
      [
        1633507416, 
        "3"
      ], 
      [
        1633507461, 
        "5"
      ], 
      [
        1633507476, 
        "5"
      ], 
      [
        1633507491, 
        "5"
      ], 
      [
        1633507506, 
        "6"
      ], 
      [
        1633507521, 
        "6"
      ], 
      [
        1633507566, 
        "5"
      ], 
      [
        1633507581, 
        "5"
      ], 
      [
        1633507596, 
        "4"
      ], 
      [
        1633507611, 
        "2"
      ], 
      [
        1633507626, 
        "1"
      ]
    ]
  }, 
  "sync_blocks_recieved": {
    "metric": {
      "instance": "172.17.0.1:3033", 
      "job": "openethereum"
    }, 
    "values": [
      [
        1633507326, 
        "0"
      ], 
      [
        1633507341, 
        "0"
      ], 
      [
        1633507371, 
        "0"
      ], 
      [
        1633507401, 
        "0"
      ], 
      [
        1633507416, 
        "0"
      ], 
      [
        1633507431, 
        "0"
      ], 
      [
        1633507476, 
        "7.5"
      ], 
      [
        1633507491, 
        "1.5"
      ], 
      [
        1633507506, 
        "0"
      ], 
      [
        1633507521, 
        "0"
      ], 
      [
        1633507536, 
        "0"
      ], 
      [
        1633507551, 
        "0"
      ], 
      [
        1633507566, 
        "0"
      ], 
      [
        1633507626, 
        "0"
      ]
    ]
  }, 
  "kvdb_bytes_write": {
    "metric": {
      "instance": "172.17.0.1:3033", 
      "job": "openethereum"
    }, 
    "values": [
      [
        1633507326, 
        "18651.93122202178"
      ], 
      [
        1633507341, 
        "0"
      ], 
      [
        1633507371, 
        "0"
      ], 
      [
        1633507401, 
        "0"
      ], 
      [
        1633507416, 
        "0"
      ], 
      [
        1633507431, 
        "0"
      ], 
      [
        1633507476, 
        "483646.2"
      ], 
      [
        1633507491, 
        "0"
      ], 
      [
        1633507506, 
        "340270.44312"
      ], 
      [
        1633507521, 
        "429961.0308533333"
      ], 
      [
        1633507536, 
        "0"
      ], 
      [
        1633507551, 
        "744247"
      ], 
      [
        1633507566, 
        "599550.7"
      ], 
      [
        1633507626, 
        "6946841.9"
      ]
    ]
  }
}