{
  "stat": {
    "blockchaincache_size": {
      "max": 9289268.0, 
      "mean": 3652435.3684210526, 
      "variance": 5248852542877.075, 
      "pvalue": 0.0006290966544046555, 
      "min": 2155943.2
    }, 
    "kvdb_bytes_read": {
      "max": 582793.0599999998, 
      "mean": 303847.0833951954, 
      "variance": 37852542420.572464, 
      "pvalue": 0.02184724652299986, 
      "min": 56058.469999999994
    }, 
    "sync_blocks_highest": {
      "max": 4.5, 
      "mean": 1.0495748862562844, 
      "variance": 2.175816995620244, 
      "pvalue": 0.977308435862993, 
      "min": 0.0
    }, 
    "import_blocks": {
      "max": 3.085679999999998, 
      "mean": 0.7067578947368421, 
      "variance": 1.3382002677008311, 
      "pvalue": 0.633330891767109, 
      "min": 0.0
    }, 
    "peer_stats": {
      "max": 7.099999999999998, 
      "mean": 4.7368421052631575, 
      "variance": 2.720221606648199, 
      "pvalue": 8.984319853534578e-18, 
      "min": 2.9000000000000004
    }, 
    "sync_blocks_recieved": {
      "max": 4.649999999999997, 
      "mean": 1.1278105263157894, 
      "variance": 2.831660604099723, 
      "pvalue": 0.9790741945029354, 
      "min": 0.0
    }, 
    "kvdb_bytes_write": {
      "max": 3705859.8699999955, 
      "mean": 906589.4724617543, 
      "variance": 2166671946241.4448, 
      "pvalue": 0.5580632636225674, 
      "min": 0.0
    }
  }, 
  "blockchaincache_size": {
    "metric": {
      "__name__": "blockchaincache_size", 
      "job": "openethereum", 
      "instance": "172.17.0.1:3033"
    }, 
    "values": [
      [
        1633507023, 
        "5717560"
      ], 
      [
        1633507038, 
        "4640920"
      ], 
      [
        1633507053, 
        "9369944"
      ], 
      [
        1633507068, 
        "4644728"
      ], 
      [
        1633507083, 
        "9280304"
      ], 
      [
        1633507098, 
        "148360"
      ], 
      [
        1633507113, 
        "2379008"
      ], 
      [
        1633507128, 
        "2379552"
      ], 
      [
        1633507143, 
        "2379552"
      ], 
      [
        1633507158, 
        "2379824"
      ], 
      [
        1633507188, 
        "2380656"
      ], 
      [
        1633507203, 
        "2380656"
      ], 
      [
        1633507218, 
        "2714416"
      ], 
      [
        1633507233, 
        "2714688"
      ], 
      [
        1633507248, 
        "2714960"
      ], 
      [
        1633507263, 
        "2714960"
      ], 
      [
        1633507293, 
        "2715640"
      ], 
      [
        1633507308, 
        "2718224"
      ], 
      [
        1633507323, 
        "5022320"
      ]
    ]
  }, 
  "kvdb_bytes_read": {
    "metric": {
      "instance": "172.17.0.1:3033", 
      "job": "openethereum"
    }, 
    "values": [
      [
        1633507023, 
        "502000.6"
      ], 
      [
        1633507038, 
        "409787.8"
      ], 
      [
        1633507053, 
        "516534.2"
      ], 
      [
        1633507068, 
        "349560.5"
      ], 
      [
        1633507083, 
        "27333.8"
      ], 
      [
        1633507098, 
        "290365.616"
      ], 
      [
        1633507113, 
        "465394.6"
      ], 
      [
        1633507128, 
        "574316.1"
      ], 
      [
        1633507143, 
        "659085.7"
      ], 
      [
        1633507158, 
        "512560.3"
      ], 
      [
        1633507173, 
        "132569.69418666666"
      ], 
      [
        1633507188, 
        "183044.9"
      ], 
      [
        1633507203, 
        "79054.6"
      ], 
      [
        1633507218, 
        "177752.2"
      ], 
      [
        1633507233, 
        "74455.00464204661"
      ], 
      [
        1633507248, 
        "309688.56967999996"
      ], 
      [
        1633507263, 
        "82844.7"
      ], 
      [
        1633507293, 
        "59250.1"
      ], 
      [
        1633507308, 
        "367495.6"
      ]
    ]
  }, 
  "sync_blocks_highest": {
    "metric": {
      "instance": "172.17.0.1:3033", 
      "job": "openethereum"
    }, 
    "values": [
      [
        1633507023, 
        "0"
      ], 
      [
        1633507038, 
        "0"
      ], 
      [
        1633507053, 
        "0"
      ], 
      [
        1633507068, 
        "1.5"
      ], 
      [
        1633507083, 
        "4.5"
      ], 
      [
        1633507098, 
        "0"
      ], 
      [
        1633507113, 
        "4.5"
      ], 
      [
        1633507128, 
        "1.5"
      ], 
      [
        1633507143, 
        "0"
      ], 
      [
        1633507158, 
        "0"
      ], 
      [
        1633507173, 
        "0"
      ], 
      [
        1633507188, 
        "0"
      ], 
      [
        1633507203, 
        "0"
      ], 
      [
        1633507218, 
        "0"
      ], 
      [
        1633507233, 
        "1.9419228388694034"
      ], 
      [
        1633507248, 
        "0"
      ], 
      [
        1633507263, 
        "1.5"
      ], 
      [
        1633507293, 
        "3"
      ], 
      [
        1633507308, 
        "1.5"
      ]
    ]
  }, 
  "import_blocks": {
    "metric": {
      "instance": "172.17.0.1:3033", 
      "job": "openethereum"
    }, 
    "values": [
      [
        1633507023, 
        "1.5"
      ], 
      [
        1633507038, 
        "0"
      ], 
      [
        1633507053, 
        "0"
      ], 
      [
        1633507068, 
        "0"
      ], 
      [
        1633507083, 
        "0"
      ], 
      [
        1633507098, 
        "3.8568"
      ], 
      [
        1633507113, 
        "0"
      ], 
      [
        1633507128, 
        "3"
      ], 
      [
        1633507143, 
        "0"
      ], 
      [
        1633507158, 
        "0"
      ], 
      [
        1633507173, 
        "2.0716"
      ], 
      [
        1633507188, 
        "1.5"
      ], 
      [
        1633507203, 
        "0"
      ], 
      [
        1633507218, 
        "0"
      ], 
      [
        1633507233, 
        "0"
      ], 
      [
        1633507248, 
        "0"
      ], 
      [
        1633507263, 
        "0"
      ], 
      [
        1633507293, 
        "0"
      ], 
      [
        1633507308, 
        "1.5"
      ]
    ]
  }, 
  "peer_stats": {
    "metric": {
      "__name__": "net_peers", 
      "job": "openethereum", 
      "instance": "172.17.0.1:3033"
    }, 
    "values": [
      [
        1633507023, 
        "8"
      ], 
      [
        1633507038, 
        "4"
      ], 
      [
        1633507053, 
        "4"
      ], 
      [
        1633507068, 
        "5"
      ], 
      [
        1633507083, 
        "6"
      ], 
      [
        1633507098, 
        "7"
      ], 
      [
        1633507113, 
        "5"
      ], 
      [
        1633507128, 
        "5"
      ], 
      [
        1633507143, 
        "4"
      ], 
      [
        1633507158, 
        "3"
      ], 
      [
        1633507188, 
        "3"
      ], 
      [
        1633507203, 
        "2"
      ], 
      [
        1633507218, 
        "7"
      ], 
      [
        1633507233, 
        "6"
      ], 
      [
        1633507248, 
        "6"
      ], 
      [
        1633507263, 
        "6"
      ], 
      [
        1633507293, 
        "3"
      ], 
      [
        1633507308, 
        "3"
      ], 
      [
        1633507323, 
        "3"
      ]
    ]
  }, 
  "sync_blocks_recieved": {
    "metric": {
      "instance": "172.17.0.1:3033", 
      "job": "openethereum"
    },