{
  "stat": {
    "blockchaincache_size": {
      "max": 2636014.4, 
      "mean": 1542456.0, 
      "variance": 446065491373.17645, 
      "pvalue": 3.482664731450214e-07, 
      "min": 756224.0
    }, 
    "kvdb_bytes_read": {
      "max": 1145432.7649201597, 
      "mean": 540382.5680117066, 
      "variance": 173881667798.44244, 
      "pvalue": 0.003929405022823249, 
      "min": 42852.93226
    }, 
    "sync_blocks_highest": {
      "max": 3.8037, 
      "mean": 1.294675, 
      "variance": 3.0665661543749994, 
      "pvalue": 0.4512805109488515, 
      "min": 0.0
    }, 
    "import_blocks": {
      "max": 4.5, 
      "mean": 1.687312874251497, 
      "variance": 3.339914447396375, 
      "pvalue": 0.16543729373816768, 
      "min": 0.0
    }, 
    "peer_stats": {
      "max": 13.2, 
      "mean": 5.647058823529412, 
      "variance": 17.28719723183391, 
      "pvalue": 5.157420518731301e-13, 
      "min": 0.8
    }, 
    "sync_blocks_recieved": {
      "max": 19.6802, 
      "mean": 3.7681250000000004, 
      "variance": 103.39962815437507, 
      "pvalue": 0.2082880609097988, 
      "min": 0.0
    }, 
    "kvdb_bytes_write": {
      "max": 985535.4749999999, 
      "mean": 381948.3236402196, 
      "variance": 146427001639.92194, 
      "pvalue": 0.3660292333064811, 
      "min": 0.0
    }
  }, 
  "blockchaincache_size": {
    "metric": {
      "__name__": "blockchaincache_size", 
      "job": "openethereum", 
      "instance": "172.17.0.1:3033"
    }, 
    "values": [
      [
        1633679668, 
        "440064"
      ], 
      [
        1633679713, 
        "835264"
      ], 
      [
        1633679728, 
        "835536"
      ], 
      [
        1633679743, 
        "835536"
      ], 
      [
        1633679758, 
        "835808"
      ], 
      [
        1633679773, 
        "836080"
      ], 
      [
        1633679788, 
        "1457464"
      ], 
      [
        1633679803, 
        "1457464"
      ], 
      [
        1633679833, 
        "1745128"
      ], 
      [
        1633679848, 
        "1745944"
      ], 
      [
        1633679863, 
        "1747312"
      ], 
      [
        1633679878, 
        "1756512"
      ], 
      [
        1633679893, 
        "1757328"
      ], 
      [
        1633679908, 
        "2331040"
      ], 
      [
        1633679938, 
        "2333080"
      ], 
      [
        1633679953, 
        "2635960"
      ], 
      [
        1633679968, 
        "2636232"
      ]
    ]
  }, 
  "kvdb_bytes_read": {
    "metric": {
      "instance": "172.17.0.1:3033", 
      "job": "openethereum"
    }, 
    "values": [
      [
        1633679668, 
        "160274.6"
      ], 
      [
        1633679683, 
        "451719.28533333336"
      ], 
      [
        1633679713, 
        "47014.9"
      ], 
      [
        1633679728, 
        "632985.9"
      ], 
      [
        1633679743, 
        "71269.8"
      ], 
      [
        1633679758, 
        "566900.3"
      ], 
      [
        1633679788, 
        "726946.6"
      ], 
      [
        1633679803, 
        "54734.67712"
      ], 
      [
        1633679818, 
        "59674.37149333334"
      ], 
      [
        1633679833, 
        "30367.029039999998"
      ], 
      [
        1633679848, 
        "783334.4"
      ], 
      [
        1633679863, 
        "1110970.3"
      ], 
      [
        1633679878, 
        "1085606.4"
      ], 
      [
        1633679908, 
        "1248820.1596806387"
      ], 
      [
        1633679938, 
        "992723.4"
      ], 
      [
        1633679968, 
        "622778.96552"
      ]
    ]
  }, 
  "sync_blocks_highest": {
    "metric": {
      "instance": "172.17.0.1:3033", 
      "job": "openethereum"
    }, 
    "values": [
      [
        1633679668, 
        "0"
      ], 
      [
        1633679683, 
        "6.2148"
      ], 
      [
        1633679713, 
        "3"
      ], 
      [
        1633679728, 
        "0"
      ], 
      [
        1633679743, 
        "3"
      ], 
      [
        1633679758, 
        "3"
      ], 
      [
        1633679788, 
        "0"
      ], 
      [
        1633679803, 
        "0"
      ], 
      [
        1633679818, 
        "2.0716"
      ], 
      [
        1633679833, 
        "0"
      ], 
      [
        1633679848, 
        "0"
      ], 
      [
        1633679863, 
        "1.5"
      ], 
      [
        1633679878, 
        "0"
      ], 
      [
        1633679908, 
        "0"
      ], 
      [
        1633679938, 
        "0"
      ], 
      [
        1633679968, 
        "1.9284"
      ]
    ]
  }, 
  "import_blocks": {
    "metric": {
      "instance": "172.17.0.1:3033", 
      "job": "openethereum"
    }, 
    "values": [
      [
        1633679668, 
        "1.5"
      ], 
      [
        1633679683, 
        "0"
      ], 
      [
        1633679713, 
        "0"
      ], 
      [
        1633679728, 
        "1.5"
      ], 
      [
        1633679743, 
        "0"
      ], 
      [
        1633679758, 
        "1.5"
      ], 
      [
        1633679788, 
        "4.5"
      ], 
      [
        1633679803, 
        "0"
      ], 
      [
        1633679818, 
        "0"
      ], 
      [
        1633679833, 
        "0"
      ], 
      [
        1633679848, 
        "4.5"
      ], 
      [
        1633679863, 
        "4.5"
      ], 
      [
        1633679878, 
        "4.5"
      ], 
      [
        1633679908, 
        "1.4970059880239521"
      ], 
      [
        1633679938, 
        "3"
      ], 
      [
        1633679968, 
        "0"
      ]
    ]
  }, 
  "peer_stats": {
    "metric": {
      "__name__": "net_peers", 
      "job": "openethereum", 
      "instance": "172.17.0.1:3033"
    }, 
    "values": [
      [
        1633679668, 
        "0"
      ], 
      [
        1633679713, 
        "1"
      ], 
      [
        1633679728, 
        "4"
      ], 
      [
        1633679743, 
        "13"
      ], 
      [
        1633679758, 
        "14"
      ], 
      [
        1633679773, 
        "13"
      ], 
      [
        1633679788, 
        "5"
      ], 
      [
        1633679803, 
        "3"
      ], 
      [
        1633679833, 
        "6"
      ], 
      [
        1633679848, 
        "8"
      ], 
      [
        1633679863, 
        "8"
      ], 
      [
        1633679878, 
        "5"
      ], 
      [
        1633679893, 
        "5"
      ], 
      [
        1633679908, 
        "5"
      ], 
      [
        1633679938, 
        "2"
      ], 
      [
        1633679953, 
        "2"
      ], 
      [
        1633679968, 
        "2"
      ]
    ]
  }, 
  "sync_blocks_recieved": {
    "metric": {
      "instance": "172.17.0.1:3033", 
      "job": "openethereum"
    }, 
    "values": [
      [
        1633679668, 
        "0"
      ], 
      [
        1633679683, 
        "41.432"
      ], 
      [
        1633679713, 
        "0"
      ], 
      [
        1633679728, 
        "0"
      ], 
      [
        1633679743, 
        "1.5"
      ], 
      [
        1633679758, 
        "0"
      ], 
      [
        1633679788, 
        "0"
      ], 
      [
        1633679803, 
        "0"
      ], 
      [
        1633679818, 
        "12.4296"
      ], 
      [
        1633679833, 
        "0"
      ], 
      [
        1633679848, 
        "0"
      ], 
      [
        1633679863, 
        "1.5"
      ], 
      [
        1633679878, 
        "0"
      ], 
      [
        1633679908, 
        "0"
      ], 
      [
        1633679938, 
        "1.5"
      ], 
      [
        1633679968, 
        "1.9284"
      ]
    ]
  }, 
  "kvdb_bytes_write": {
    "metric": {
      "instance": "172.17.0.1:3033", 
      "job": "openethereum"
    },