{
  "known_broadcasts": {
    "values": [
      [
        1633495545, 
        0.4149255174697261
      ], 
      [
        1633495560, 
        0.4314275247967202
      ], 
      [
        1633495575, 
        0.4925385857900033
      ], 
      [
        1633495590, 
        0.5551219115474535
      ], 
      [
        1633495605, 
        0.7441335709843278
      ], 
      [
        1633495620, 
        0.6693815460843753
      ], 
      [
        1633495635, 
        0.7819379277199365
      ], 
      [
        1633495650, 
        0.853428661274771
      ], 
      [
        1633495665, 
        0.82139390178864
      ], 
      [
        1633495680, 
        0.8013332223852814
      ], 
      [
        1633495695, 
        0.8240930945183049
      ], 
      [
        1633495710, 
        0.6440341245841548
      ], 
      [
        1633495725, 
        0.7467455475842242
      ], 
      [
        1633495740, 
        0.6981033100191667
      ], 
      [
        1633495755, 
        0.55529038520414
      ], 
      [
        1633495770, 
        0.5083183788867065
      ], 
      [
        1633495785, 
        0.4367854617041098
      ], 
      [
        1633495800, 
        0.41044720278594937
      ], 
      [
        1633495815, 
        0.3345410037793337
      ], 
      [
        1633495830, 
        0.3647915439351425
      ]
    ], 
    "name": "geth.eth/fetcher/block/broadcasts/drop.meter", 
    "columns": [
      "time", 
      "mean"
    ]
  }, 
  "memory_used": {
    "values": [
      [
        1633495545, 
        1857374848
      ], 
      [
        1633495560, 
        1788730916
      ], 
      [
        1633495575, 
        1758331456
      ], 
      [
        1633495590, 
        1784635264
      ], 
      [
        1633495605, 
        1813803184
      ], 
      [
        1633495620, 
        1736876688
      ], 
      [
        1633495635, 
        1705907392
      ], 
      [
        1633495650, 
        1913347172
      ], 
      [
        1633495665, 
        1585832232
      ], 
      [
        1633495680, 
        1792847656
      ], 
      [
        1633495695, 
        2042556864
      ], 
      [
        1633495710, 
        1673061868
      ], 
      [
        1633495725, 
        1906229544
      ], 
      [
        1633495740, 
        1831372788
      ], 
      [
        1633495755, 
        1760497392
      ], 
      [
        1633495770, 
        1948954944
      ], 
      [
        1633495785, 
        1808332248
      ], 
      [
        1633495800, 
        1817596132
      ], 
      [
        1633495815, 
        2023737384
      ], 
      [
        1633495830, 
        1771448136
      ]
    ], 
    "name": "geth.system/memory/used.gauge", 
    "columns": [
      "time", 
      "mean"
    ]
  }, 
  "stat": {
    "known_broadcasts": {
      "max": 0.8255598728561282, 
      "mean": 0.6044386211421233, 
      "variance": 0.028519188526895372, 
      "pvalue": 0.2387011900071435, 
      "min": 0.36327901692735204
    }, 
    "memory_used": {
      "max": 2024678358.0, 
      "mean": 1816073705.4, 
      "variance": 1.171178972876186e+16, 
      "pvalue": 0.013560890156660529, 
      "min": 1668700386.2
    }, 
    "disk_write": {
      "max": 118341.67079094225, 
      "mean": 34706.343007601135, 
      "variance": 1823754054.8002238, 
      "pvalue": 0.05870052734811646, 
      "min": 6893.643570869538
    }, 
    "disk_read": {
      "max": 40863316.354285754, 
      "mean": 21870827.085144844, 
      "variance": 79086205440243.56, 
      "pvalue": 0.012011212217371016, 
      "min": 17315260.80313219
    }, 
    "traffic_egress": {
      "max": 213572.2956664453, 
      "mean": 103582.37772467433, 
      "variance": 4636960691.723764, 
      "pvalue": 1.3040607174804445e-16, 
      "min": 26099.61847938976
    }, 
    "peer_stats": {
      "max": 41.025000000000006, 
      "mean": 39.875, 
      "variance": 0.671875, 
      "pvalue": 1.2026467019345983e-18, 
      "min": 38.975
    }, 
    "traffic_ingress": {
      "max": 253963.51300311156, 
      "mean": 193129.95211803273, 
      "variance": 1574913365.683044, 
      "pvalue": 0.6175440485932979, 
      "min": 149281.73043670427
    }, 
    "known_announcements": {
      "max": 2.2421061211917586, 
      "mean": 1.7158745039624326, 
      "variance": 0.13190125752942686, 
      "pvalue": 0.28248253278767843, 
      "min": 1.2417690028870383
    }
  }, 
  "disk_write": {
    "values": [
      [
        1633495545, 
        6803.467370630433
      ], 
      [
        1633495560, 
        6898.389686671596
      ], 
      [
        1633495575, 
        7693.350123803253
      ], 
      [
        1633495590, 
        7896.664674013161
      ], 
      [
        1633495605, 
        8406.334150350176
      ], 
      [
        1633495620, 
        8451.65812938943
      ], 
      [
        1633495635, 
        8628.007802249445
      ], 
      [
        1633495650, 
        9908.517779801885
      ], 
      [
        1633495665, 
        10732.855824750994
      ], 
      [
        1633495680, 
        10993.298681623623
      ], 
      [
        1633495695, 
        17689.09418265486
      ], 
      [
        1633495710, 
        17125.994159621645
      ], 
      [
        1633495725, 
        16084.21891607241
      ], 
      [
        1633495740, 
        16554.773253153187
      ], 
      [
        1633495755, 
        16694.86115435396
      ], 
      [
        1633495770, 
        96154.32041375498
      ], 
      [
        1633495785, 
        149325.53538975472
      ], 
      [
        1633495800, 
        116710.94107521526
      ], 
      [
        1633495815, 
        90579.87678906313
      ], 
      [
        1633495830, 
        70794.70059509453
      ]
    ], 
    "name": "geth.eth/db/chaindata/disk/write.meter", 
    "columns": [
      "time", 
      "mean"
    ]
  }, 
  "disk_read": {
    "values": [
      [
        1633495545, 
        17446403.81744578
      ], 
      [
        1633495560, 
        17317646.163147274
      ], 
      [
        1633495575, 
        17272006.049634583
      ], 
      [
        1633495590, 
        17427056.031967446
      ], 
      [
        1633495605, 
        17444539.41909113
      ], 
      [
        1633495620, 
        17349839.899481032
      ], 
      [
        1633495635, 
        17374197.382087186
      ], 
      [
        1633495650, 
        17451612.377676986
      ], 
      [
        1633495665, 
        17317537.36910575
      ], 
      [
        1633495680, 
        17612978.26283837
      ], 
      [
        1633495695, 
        17783120.272976767
      ], 
      [
        1633495710, 
        17728603.420683555
      ], 
      [
        1633495725, 
        17666814.02464907
      ], 
      [
        1633495740, 
        17589463.160752967
      ], 
      [
        1633495755, 
        17490274.201486055
      ], 
      [
        1633495770, 
        18529024.829567786
      ], 
      [
        1633495785, 
        32986717.990565456
      ], 
      [
        1633495800, 
        45728703.56685139
      ], 
      [
        1633495815, 
        40607243.34309808
      ], 
      [
        1633495830, 
        37292760.11979021
      ]
    ], 
    "name": "geth.eth/db/chaindata/disk/read.meter", 
    "columns": [
      "time", 
      "mean"
    ]
  },