{
  "known_broadcasts": {
    "values": [
      [
        1633495245, 
        0.3119429543308052
      ], 
      [
        1633495260, 
        0.25114172094403375
      ], 
      [
        1633495275, 
        0.24963021160490037
      ], 
      [
        1633495290, 
        0.2683606671434258
      ], 
      [
        1633495305, 
        0.3265667676026109
      ], 
      [
        1633495320, 
        0.28474136279415474
      ], 
      [
        1633495335, 
        0.220989029143572
      ], 
      [
        1633495350, 
        0.3101255458644909
      ], 
      [
        1633495365, 
        0.3067688819875465
      ], 
      [
        1633495380, 
        0.41492855605480194
      ], 
      [
        1633495395, 
        0.4661804877907292
      ], 
      [
        1633495410, 
        0.5638419832677077
      ], 
      [
        1633495425, 
        0.5176529156546273
      ], 
      [
        1633495440, 
        0.49086422654996953
      ], 
      [
        1633495455, 
        0.4262762113539203
      ], 
      [
        1633495470, 
        0.365119871675549
      ], 
      [
        1633495485, 
        0.376658813444204
      ], 
      [
        1633495500, 
        0.4918723737898833
      ], 
      [
        1633495515, 
        0.49083967259604505
      ], 
      [
        1633495530, 
        0.44141746290470063
      ]
    ], 
    "name": "geth.eth/fetcher/block/broadcasts/drop.meter", 
    "columns": [
      "time", 
      "mean"
    ]
  }, 
  "memory_used": {
    "values": [
      [
        1633495245, 
        1690657112
      ], 
      [
        1633495260, 
        1848401380
      ], 
      [
        1633495275, 
        1545116048
      ], 
      [
        1633495290, 
        1695223948
      ], 
      [
        1633495305, 
        1878540592
      ], 
      [
        1633495320, 
        1755439088
      ], 
      [
        1633495335, 
        1722697752
      ], 
      [
        1633495350, 
        1875763308
      ], 
      [
        1633495365, 
        1595744048
      ], 
      [
        1633495380, 
        1888900212
      ], 
      [
        1633495395, 
        1620302920
      ], 
      [
        1633495410, 
        1860492936
      ], 
      [
        1633495425, 
        1564009840
      ], 
      [
        1633495440, 
        1753194328
      ], 
      [
        1633495455, 
        1979892352
      ], 
      [
        1633495470, 
        1614153504
      ], 
      [
        1633495485, 
        1780154280
      ], 
      [
        1633495500, 
        1794017528
      ], 
      [
        1633495515, 
        1951388312
      ], 
      [
        1633495530, 
        1595334792
      ]
    ], 
    "name": "geth.system/memory/used.gauge", 
    "columns": [
      "time", 
      "mean"
    ]
  }, 
  "stat": {
    "known_broadcasts": {
      "max": 0.5199623690352814, 
      "mean": 0.37879598582488394, 
      "variance": 0.010137854127035897, 
      "pvalue": 2.1050846974537883e-10, 
      "min": 0.24819815248183397
    }, 
    "memory_used": {
      "max": 1952813514.0, 
      "mean": 1750471214.0, 
      "variance": 1.6832140358644964e+16, 
      "pvalue": 0.0018851113557137391, 
      "min": 1563065150.3999999
    }, 
    "disk_write": {
      "max": 12770.339677548987, 
      "mean": 8598.929176208341, 
      "variance": 7754436.968521935, 
      "pvalue": 0.002234249254299229, 
      "min": 5914.929437580206
    }, 
    "disk_read": {
      "max": 20484050.42513312, 
      "mean": 17417549.924002312, 
      "variance": 2284174027927.5913, 
      "pvalue": 0.0023633463437559787, 
      "min": 15899563.900312217
    }, 
    "traffic_egress": {
      "max": 159087.75406258204, 
      "mean": 70709.74352329082, 
      "variance": 3470473361.7148523, 
      "pvalue": 1.1452041264287077e-13, 
      "min": 6204.726074867599
    }, 
    "peer_stats": {
      "max": 39.0, 
      "mean": 30.325, 
      "variance": 39.656875, 
      "pvalue": 1.2026467019345983e-18, 
      "min": 19.95
    }, 
    "traffic_ingress": {
      "max": 375545.6475769366, 
      "mean": 159463.5673687885, 
      "variance": 11076622637.370066, 
      "pvalue": 0.0001548607127295506, 
      "min": 64914.36618299173
    }, 
    "known_announcements": {
      "max": 1.7910664630034057, 
      "mean": 0.9652341473500681, 
      "variance": 0.3010571544431542, 
      "pvalue": 4.881347867601451e-06, 
      "min": 0.2896907903674674
    }
  }, 
  "disk_write": {
    "values": [
      [
        1633495245, 
        14546.332401249783
      ], 
      [
        1633495260, 
        12676.866376301576
      ], 
      [
        1633495275, 
        12253.97844317882
      ], 
      [
        1633495290, 
        11702.153866210747
      ], 
      [
        1633495305, 
        10573.317985846683
      ], 
      [
        1633495320, 
        11481.745624568506
      ], 
      [
        1633495335, 
        11591.789067888983
      ], 
      [
        1633495350, 
        9554.509604419636
      ], 
      [
        1633495365, 
        7995.344094180575
      ], 
      [
        1633495380, 
        6861.658654798478
      ], 
      [
        1633495395, 
        5880.526737586492
      ], 
      [
        1633495410, 
        5916.740106000928
      ], 
      [
        1633495425, 
        6344.171821288252
      ], 
      [
        1633495440, 
        5984.482835706824
      ], 
      [
        1633495455, 
        6462.673036626214
      ], 
      [
        1633495470, 
        6618.997251828008
      ], 
      [
        1633495485, 
        6432.4904237732335
      ], 
      [
        1633495500, 
        6434.3344346499525
      ], 
      [
        1633495515, 
        6378.339155365124
      ], 
      [
        1633495530, 
        6288.131602697966
      ]
    ], 
    "name": "geth.eth/db/chaindata/disk/write.meter", 
    "columns": [
      "time", 
      "mean"
    ]
  }, 
  "disk_read": {
    "values": [
      [
        1633495245, 
        21679709.865271136
      ], 
      [
        1633495260, 
        20421120.98091533
      ], 
      [
        1633495275, 
        19547198.23505526
      ], 
      [
        1633495290, 
        18767536.938164376
      ], 
      [
        1633495305, 
        18042326.38196929
      ], 
      [
        1633495320, 
        17277102.412615534
      ], 
      [
        1633495335, 
        16562451.746133588
      ], 
      [
        1633495350, 
        15922029.337643847
      ], 
      [
        1633495365, 
        15472720.591011269
      ], 
      [
        1633495380, 
        16303844.182763487
      ], 
      [
        1633495395, 
        16749447.669961726
      ], 
      [
        1633495410, 
        17046480.48685714
      ], 
      [
        1633495425, 
        16639408.95611855
      ], 
      [
        1633495440, 
        16658979.414330509
      ], 
      [
        1633495455, 
        16841753.217970558
      ], 
      [
        1633495470, 
        16751330.728263767
      ], 
      [
        1633495485, 
        16627947.471620597
      ], 
      [
        1633495500, 
        16818832.9011859
      ], 
      [
        1633495515, 
        16995033.010267027
      ], 
      [
        1633495530, 
        17225743.951927245
      ]
    ], 
    "name": "geth.eth/db/chaindata/disk/read.meter", 
    "columns": [
      "time", 
      "mean"
    ]
  },