{
  "known_broadcasts": {
    "values": [
      [
        1633496145, 
        0.6182430736490818
      ], 
      [
        1633496160, 
        0.7222876080975452
      ], 
      [
        1633496175, 
        0.5740599257458254
      ], 
      [
        1633496190, 
        0.44863157353922634
      ], 
      [
        1633496205, 
        0.4121494137737423
      ], 
      [
        1633496220, 
        0.42735271704328387
      ], 
      [
        1633496235, 
        0.6232044536326349
      ], 
      [
        1633496250, 
        0.9027450469731045
      ], 
      [
        1633496265, 
        0.920073382339071
      ], 
      [
        1633496280, 
        0.8333723744794245
      ], 
      [
        1633496295, 
        0.8581325717883913
      ], 
      [
        1633496310, 
        0.7697626572117984
      ], 
      [
        1633496325, 
        0.9454887776172944
      ], 
      [
        1633496340, 
        0.9330754232998137
      ], 
      [
        1633496355, 
        0.9744055376064682
      ], 
      [
        1633496370, 
        0.915372183239006
      ], 
      [
        1633496385, 
        0.9384273732559694
      ], 
      [
        1633496400, 
        0.9965927336208764
      ], 
      [
        1633496415, 
        1.0122423527615176
      ], 
      [
        1633496430, 
        0.9159472252300781
      ]
    ], 
    "name": "geth.eth/fetcher/block/broadcasts/drop.meter", 
    "columns": [
      "time", 
      "mean"
    ]
  }, 
  "memory_used": {
    "values": [
      [
        1633496145, 
        1645170520
      ], 
      [
        1633496160, 
        1850673320
      ], 
      [
        1633496175, 
        1538984240
      ], 
      [
        1633496190, 
        1739471992
      ], 
      [
        1633496205, 
        1992600264
      ], 
      [
        1633496220, 
        1655544312
      ], 
      [
        1633496235, 
        1930040760
      ], 
      [
        1633496250, 
        1644192740
      ], 
      [
        1633496265, 
        1904190696
      ], 
      [
        1633496280, 
        1827424060
      ], 
      [
        1633496295, 
        1801521616
      ], 
      [
        1633496310, 
        2000064156
      ], 
      [
        1633496325, 
        1704055208
      ], 
      [
        1633496340, 
        1936485864
      ], 
      [
        1633496355, 
        1697119224
      ], 
      [
        1633496370, 
        1966940976
      ], 
      [
        1633496385, 
        1689519208
      ], 
      [
        1633496400, 
        1897756388
      ], 
      [
        1633496415, 
        1621691280
      ], 
      [
        1633496430, 
        1714766400
      ]
    ], 
    "name": "geth.system/memory/used.gauge", 
    "columns": [
      "time", 
      "mean"
    ]
  }, 
  "stat": {
    "known_broadcasts": {
      "max": 0.9973752145779085, 
      "mean": 0.7870783202452076, 
      "variance": 0.03800409495156583, 
      "pvalue": 0.012011212217371047, 
      "min": 0.42659255187980677
    }, 
    "memory_used": {
      "max": 1992973458.6, 
      "mean": 1787910661.2, 
      "variance": 1.8665148473479576e+16, 
      "pvalue": 0.02073835861507657, 
      "min": 1617555928.0
    }, 
    "disk_write": {
      "max": 12908.380430909112, 
      "mean": 3393.4857566341284, 
      "variance": 23563823.017244898, 
      "pvalue": 1.149523196120071e-08, 
      "min": 406.1995199524258
    }, 
    "disk_read": {
      "max": 22248696.414926276, 
      "mean": 21184919.919798143, 
      "variance": 815023538085.1971, 
      "pvalue": 3.837997453712753e-09, 
      "min": 20261031.89839798
    }, 
    "traffic_egress": {
      "max": 115697.2731655979, 
      "mean": 51207.182926886286, 
      "variance": 1297886948.7710092, 
      "pvalue": 3.710446859194608e-15, 
      "min": 10708.568539629045
    }, 
    "peer_stats": {
      "max": 42.5, 
      "mean": 41.525, 
      "variance": 0.9868749999999997, 
      "pvalue": 1.2026467019345983e-18, 
      "min": 39.0
    }, 
    "traffic_ingress": {
      "max": 166602.1872538596, 
      "mean": 147521.37865008242, 
      "variance": 287507473.6406053, 
      "pvalue": 1.8343332145025885e-08, 
      "min": 124460.87405893038
    }, 
    "known_announcements": {
      "max": 2.0581810368796667, 
      "mean": 1.566843047974884, 
      "variance": 0.1789696787796436, 
      "pvalue": 0.013891608889959649, 
      "min": 0.7891838129026659
    }
  }, 
  "disk_write": {
    "values": [
      [
        1633496145, 
        718.4637281590173
      ], 
      [
        1633496160, 
        674.6734348870696
      ], 
      [
        1633496175, 
        651.5750404870273
      ], 
      [
        1633496190, 
        591.5700302898128
      ], 
      [
        1633496205, 
        519.980629921099
      ], 
      [
        1633496220, 
        581.9101660292928
      ], 
      [
        1633496235, 
        554.6977660430923
      ], 
      [
        1633496250, 
        531.3605828360162
      ], 
      [
        1633496265, 
        473.2127131991493
      ], 
      [
        1633496280, 
        405.8052249226445
      ], 
      [
        1633496295, 
        406.2202723224143
      ], 
      [
        1633496310, 
        1022.8403568102078
      ], 
      [
        1633496325, 
        1805.635937351624
      ], 
      [
        1633496340, 
        2171.5074356925297
      ], 
      [
        1633496355, 
        2335.1962290730576
      ], 
      [
        1633496370, 
        6294.87895501418
      ], 
      [
        1633496385, 
        7902.080259854186
      ], 
      [
        1633496400, 
        9264.815622369253
      ], 
      [
        1633496415, 
        12622.46210393118
      ], 
      [
        1633496430, 
        18340.828643489716
      ]
    ], 
    "name": "geth.eth/db/chaindata/disk/write.meter", 
    "columns": [
      "time", 
      "mean"
    ]
  }, 
  "disk_read": {
    "values": [
      [
        1633496145, 
        21589421.349452402
      ], 
      [
        1633496160, 
        21039185.9013727
      ], 
      [
        1633496175, 
        20797426.637135286
      ], 
      [
        1633496190, 
        21031425.900165923
      ], 
      [
        1633496205, 
        21268056.171573445
      ], 
      [
        1633496220, 
        21328348.254826955
      ], 
      [
        1633496235, 
        21295635.883099835
      ], 
      [
        1633496250, 
        21068504.456563488
      ], 
      [
        1633496265, 
        20988731.2983145
      ], 
      [
        1633496280, 
        20629144.39048165
      ], 
      [
        1633496295, 
        20508448.615437947
      ], 
      [
        1633496310, 
        20242822.60190015
      ], 
      [
        1633496325, 
        20261990.28242418
      ], 
      [
        1633496340, 
        20370278.80106833
      ], 
      [
        1633496355, 
        20363911.872850716
      ], 
      [
        1633496370, 
        21200953.961679503
      ], 
      [
        1633496385, 
        21547906.42325576
      ], 
      [
        1633496400, 
        21557480.223177515
      ], 
      [
        1633496415, 
        22131400.16263016
      ], 
      [
        1633496430, 
        24477325.20855242
      ]
    ], 
    "name": "geth.eth/db/chaindata/disk/read.meter", 
    "columns": [
      "time", 
      "mean"
    ]
  },