{
  "known_broadcasts": {
    "values": [
      [
        1633496445, 
        0.7316908099179764
      ], 
      [
        1633496460, 
        0.6197944881380582
      ], 
      [
        1633496475, 
        0.6919622737590067
      ], 
      [
        1633496490, 
        0.6702456755316586
      ], 
      [
        1633496505, 
        0.7016925872029781
      ], 
      [
        1633496520, 
        0.8890665776928895
      ], 
      [
        1633496535, 
        1.0252513354482684
      ], 
      [
        1633496550, 
        1.3497667011598802
      ], 
      [
        1633496565, 
        1.1174020056961105
      ], 
      [
        1633496580, 
        1.1582594551272063
      ], 
      [
        1633496595, 
        1.1748804143594036
      ], 
      [
        1633496610, 
        1.116447352750935
      ], 
      [
        1633496625, 
        0.9670808485321664
      ], 
      [
        1633496640, 
        0.8117488960613499
      ], 
      [
        1633496655, 
        1.013943392337636
      ], 
      [
        1633496670, 
        0.8903023646490889
      ], 
      [
        1633496685, 
        1.0857858867861343
      ], 
      [
        1633496700, 
        1.1444791674734716
      ], 
      [
        1633496715, 
        0.9790038699096635
      ], 
      [
        1633496730, 
        0.7650979052194506
      ]
    ], 
    "name": "geth.eth/fetcher/block/broadcasts/drop.meter", 
    "columns": [
      "time", 
      "mean"
    ]
  }, 
  "memory_used": {
    "values": [
      [
        1633496445, 
        1836223176
      ], 
      [
        1633496460, 
        1840176272
      ], 
      [
        1633496475, 
        1840574080
      ], 
      [
        1633496490, 
        2008541120
      ], 
      [
        1633496505, 
        1651171808
      ], 
      [
        1633496520, 
        1817198512
      ], 
      [
        1633496535, 
        2024185072
      ], 
      [
        1633496550, 
        2091752204
      ], 
      [
        1633496565, 
        1689052752
      ], 
      [
        1633496580, 
        1871455736
      ], 
      [
        1633496595, 
        1898018976
      ], 
      [
        1633496610, 
        1680501804
      ], 
      [
        1633496625, 
        1680846744
      ], 
      [
        1633496640, 
        1790692436
      ], 
      [
        1633496655, 
        1874595560
      ], 
      [
        1633496670, 
        1606669696
      ], 
      [
        1633496685, 
        1941594328
      ], 
      [
        1633496700, 
        1641619396
      ], 
      [
        1633496715, 
        1914442328
      ], 
      [
        1633496730, 
        1832828140
      ]
    ], 
    "name": "geth.system/memory/used.gauge", 
    "columns": [
      "time", 
      "mean"
    ]
  }, 
  "stat": {
    "known_broadcasts": {
      "max": 1.1836247286994275, 
      "mean": 0.9451951003876667, 
      "variance": 0.03999717143677888, 
      "pvalue": 0.00017678210077095964, 
      "min": 0.6677231161619785
    }, 
    "memory_used": {
      "max": 2027563428.6000001, 
      "mean": 1826607007.0, 
      "variance": 1.7478162628178304e+16, 
      "pvalue": 0.17242505761387414, 
      "min": 1639871911.0
    }, 
    "disk_write": {
      "max": 127984.05852518539, 
      "mean": 39196.884441646114, 
      "variance": 1857630835.0062594, 
      "pvalue": 0.10505213677866537, 
      "min": 7266.951494508893
    }, 
    "disk_read": {
      "max": 55127998.93491347, 
      "mean": 33875918.036053985, 
      "variance": 154161018528337.1, 
      "pvalue": 8.227969603161866e-08, 
      "min": 19822325.853071246
    }, 
    "traffic_egress": {
      "max": 169345.16311474066, 
      "mean": 52188.02144638594, 
      "variance": 3087233085.0887785, 
      "pvalue": 1.9536989118316737e-13, 
      "min": 6795.961676243439
    }, 
    "peer_stats": {
      "max": 45.050000000000004, 
      "mean": 44.1, 
      "variance": 0.7649999999999999, 
      "pvalue": 1.7047570525793105e-18, 
      "min": 43.0
    }, 
    "traffic_ingress": {
      "max": 225513.07762643526, 
      "mean": 161649.82189473108, 
      "variance": 1370283892.527773, 
      "pvalue": 0.0008550412707824925, 
      "min": 111961.98381636919
    }, 
    "known_announcements": {
      "max": 2.4981139668396857, 
      "mean": 1.9886416235087847, 
      "variance": 0.19347249209977985, 
      "pvalue": 0.26593634776846303, 
      "min": 1.4150858474787849
    }
  }, 
  "disk_write": {
    "values": [
      [
        1633496445, 
        17036.078151425685
      ], 
      [
        1633496460, 
        14940.621753811396
      ], 
      [
        1633496475, 
        12805.125282211538
      ], 
      [
        1633496490, 
        10814.108074590124
      ], 
      [
        1633496505, 
        8867.00000770661
      ], 
      [
        1633496520, 
        7319.828882964684
      ], 
      [
        1633496535, 
        6262.281113848849
      ], 
      [
        1633496550, 
        162547.67388081714
      ], 
      [
        1633496565, 
        126164.92087488897
      ], 
      [
        1633496580, 
        98617.30224848945
      ], 
      [
        1633496595, 
        76556.21788538371
      ], 
      [
        1633496610, 
        59847.54993383757
      ], 
      [
        1633496625, 
        46453.86375894779
      ], 
      [
        1633496640, 
        36303.997301461415
      ], 
      [
        1633496655, 
        28213.682349547107
      ], 
      [
        1633496670, 
        22055.709016721827
      ], 
      [
        1633496685, 
        17148.300283889406
      ], 
      [
        1633496700, 
        13419.432779384415
      ], 
      [
        1633496715, 
        10420.391431756152
      ], 
      [
        1633496730, 
        8143.603821238223
      ]
    ], 
    "name": "geth.eth/db/chaindata/disk/write.meter", 
    "columns": [
      "time", 
      "mean"
    ]
  }, 
  "disk_read": {
    "values": [
      [
        1633496445, 
        25662152.13641856
      ], 
      [
        1633496460, 
        25428422.45733713
      ], 
      [
        1633496475, 
        24533000.138432022
      ], 
      [
        1633496490, 
        22521195.027053677
      ], 
      [
        1633496505, 
        21210080.738852832
      ], 
      [
        1633496520, 
        19855967.29418895
      ], 
      [
        1633496535, 
        19183138.471834846
      ], 
      [
        1633496550, 
        36107677.480870314
      ], 
      [
        1633496565, 
        54935267.064962015
      ], 
      [
        1633496580, 
        54719883.05485809
      ], 
      [
        1633496595, 
        58789904.4639911
      ], 
      [
        1633496610, 
        51771225.47832054
      ], 
      [
        1633496625, 
        44582154.73042572
      ], 
      [
        1633496640, 
        39624096.8832441
      ], 
      [
        1633496655, 
        35786692.106267676
      ], 
      [
        1633496670, 
        32774832.510985434
      ], 
      [
        1633496685, 
        30402281.842353858
      ], 
      [
        1633496700, 
        28245075.732882343
      ], 
      [
        1633496715, 
        26462405.082462076
      ], 
      [
        1633496730, 
        24922908.02533842
      ]
    ], 
    "name": "geth.eth/db/chaindata/disk/read.meter", 
    "columns": [
      "time", 
      "mean"
    ]
  },