{
  "stat": {
    "blockchaincache_size": {
      "max": 7324644.799999996, 
      "mean": 5451746.133333334, 
      "variance": 2341290653230.649, 
      "pvalue": 0.006407212390851904, 
      "min": 3160500.8
    }, 
    "kvdb_bytes_read": {
      "max": 474947.2, 
      "mean": 167473.46766545455, 
      "variance": 29272072070.556896, 
      "pvalue": 0.32176373053853125, 
      "min": 30359.1
    }, 
    "sync_blocks_highest": {
      "max": 15.75, 
      "mean": 2.8636363636363638, 
      "variance": 82.00413223140495, 
      "pvalue": 0.007919160523734595, 
      "min": 0.0
    }, 
    "import_blocks": {
      "max": 1.9284, 
      "mean": 0.3506181818181818, 
      "variance": 0.5531989923966942, 
      "pvalue": 0.038047126377240746, 
      "min": 0.0
    }, 
    "peer_stats": {
      "max": 10.299999999999999, 
      "mean": 3.2666666666666666, 
      "variance": 18.72888888888889, 
      "pvalue": 1.0123184527629556e-11, 
      "min": 0.0
    }, 
    "sync_blocks_recieved": {
      "max": 44.25, 
      "mean": 8.045454545454545, 
      "variance": 647.293388429752, 
      "pvalue": 0.007998007599673854, 
      "min": 0.0
    }, 
    "kvdb_bytes_write": {
      "max": 606246.08524, 
      "mean": 111276.67913454547, 
      "variance": 59926021189.24192, 
      "pvalue": 0.018577861069763512, 
      "min": 0.0
    }
  }, 
  "blockchaincache_size": {
    "metric": {
      "__name__": "blockchaincache_size", 
      "job": "openethereum", 
      "instance": "172.17.0.1:3033"
    }, 
    "values": [
      [
        1633684838, 
        "6124304"
      ], 
      [
        1633684868, 
        "6124856"
      ], 
      [
        1633684883, 
        "6123160"
      ], 
      [
        1633684898, 
        "6123992"
      ], 
      [
        1633684928, 
        "10124152"
      ], 
      [
        1633684943, 
        "3158776"
      ], 
      [
        1633684958, 
        "3161240"
      ], 
      [
        1633685018, 
        "5056832"
      ], 
      [
        1633685033, 
        "5056832"
      ], 
      [
        1633685048, 
        "5056832"
      ], 
      [
        1633685063, 
        "5132608"
      ], 
      [
        1633685078, 
        "5132608"
      ], 
      [
        1633685093, 
        "5132608"
      ], 
      [
        1633685108, 
        "5133560"
      ], 
      [
        1633685123, 
        "5133832"
      ]
    ]
  }, 
  "kvdb_bytes_read": {
    "metric": {
      "instance": "172.17.0.1:3033", 
      "job": "openethereum"
    }, 
    "values": [
      [
        1633684838, 
        "648198.5"
      ], 
      [
        1633684868, 
        "121362.7"
      ], 
      [
        1633684883, 
        "301695.9"
      ], 
      [
        1633684928, 
        "84374.95648"
      ], 
      [
        1633684943, 
        "69162.5"
      ], 
      [
        1633684958, 
        "181406.38783999998"
      ], 
      [
        1633685033, 
        "202149.3"
      ], 
      [
        1633685048, 
        "0"
      ], 
      [
        1633685063, 
        "60718.2"
      ], 
      [
        1633685078, 
        "75331.9"
      ], 
      [
        1633685093, 
        "97807.8"
      ]
    ]
  }, 
  "sync_blocks_highest": {
    "metric": {
      "instance": "172.17.0.1:3033", 
      "job": "openethereum"
    }, 
    "values": [
      [
        1633684838, 
        "0"
      ], 
      [
        1633684868, 
        "0"
      ], 
      [
        1633684883, 
        "0"
      ], 
      [
        1633684928, 
        "0"
      ], 
      [
        1633684943, 
        "0"
      ], 
      [
        1633684958, 
        "0"
      ], 
      [
        1633685033, 
        "0"
      ], 
      [
        1633685048, 
        "0"
      ], 
      [
        1633685063, 
        "31.5"
      ], 
      [
        1633685078, 
        "0"
      ], 
      [
        1633685093, 
        "0"
      ]
    ]
  }, 
  "import_blocks": {
    "metric": {
      "instance": "172.17.0.1:3033", 
      "job": "openethereum"
    }, 
    "values": [
      [
        1633684838, 
        "0"
      ], 
      [
        1633684868, 
        "0"
      ], 
      [
        1633684883, 
        "0"
      ], 
      [
        1633684928, 
        "1.9284"
      ], 
      [
        1633684943, 
        "0"
      ], 
      [
        1633684958, 
        "1.9284"
      ], 
      [
        1633685033, 
        "0"
      ], 
      [
        1633685048, 
        "0"
      ], 
      [
        1633685063, 
        "0"
      ], 
      [
        1633685078, 
        "0"
      ], 
      [
        1633685093, 
        "0"
      ]
    ]
  }, 
  "peer_stats": {
    "metric": {
      "__name__": "net_peers", 
      "job": "openethereum", 
      "instance": "172.17.0.1:3033"
    }, 
    "values": [
      [
        1633684838, 
        "1"
      ], 
      [
        1633684868, 
        "1"
      ], 
      [
        1633684883, 
        "1"
      ], 
      [
        1633684898, 
        "1"
      ], 
      [
        1633684928, 
        "0"
      ], 
      [
        1633684943, 
        "0"
      ], 
      [
        1633684958, 
        "0"
      ], 
      [
        1633685018, 
        "0"
      ], 
      [
        1633685033, 
        "0"
      ], 
      [
        1633685048, 
        "0"
      ], 
      [
        1633685063, 
        "4"
      ], 
      [
        1633685078, 
        "11"
      ], 
      [
        1633685093, 
        "10"
      ], 
      [
        1633685108, 
        "10"
      ], 
      [
        1633685123, 
        "10"
      ]
    ]
  }, 
  "sync_blocks_recieved": {
    "metric": {
      "instance": "172.17.0.1:3033", 
      "job": "openethereum"
    }, 
    "values": [
      [
        1633684838, 
        "0"
      ], 
      [
        1633684868, 
        "0"
      ], 
      [
        1633684883, 
        "0"
      ], 
      [
        1633684928, 
        "0"
      ], 
      [
        1633684943, 
        "0"
      ], 
      [
        1633684958, 
        "0"
      ], 
      [
        1633685033, 
        "0"
      ], 
      [
        1633685048, 
        "0"
      ], 
      [
        1633685063, 
        "88.5"
      ], 
      [
        1633685078, 
        "0"
      ], 
      [
        1633685093, 
        "0"
      ]
    ]
  }, 
  "kvdb_bytes_write": {
    "metric": {
      "instance": "172.17.0.1:3033", 
      "job": "openethereum"
    }, 
    "values": [
      [
        1633684838, 
        "11551.3"
      ], 
      [
        1633684868, 
        "0"
      ], 
      [
        1633684883, 
        "0"
      ], 
      [
        1633684928, 
        "432764.58576"
      ], 
      [
        1633684943, 
        "0"
      ], 
      [
        1633684958, 
        "779727.58472"
      ], 
      [
        1633685033, 
        "0"
      ], 
      [
        1633685048, 
        "0"
      ], 
      [
        1633685063, 
        "0"
      ], 
      [
        1633685078, 
        "0"
      ], 
      [
        1633685093, 
        "0"
      ]
    ]
  }
}