{
  "stat": {
    "blockchaincache_size": {
      "max": 79058656.0, 
      "mean": 8591491.6, 
      "variance": 552200278618319.9, 
      "pvalue": 8.291006404180691e-10, 
      "min": 744.0
    }, 
    "kvdb_bytes_read": {
      "max": 1094499.05, 
      "mean": 441757.75737599994, 
      "variance": 138109240195.03223, 
      "pvalue": 0.001183678117441111, 
      "min": 60743.63475600001
    }, 
    "sync_blocks_highest": {
      "max": 1.814820000000001, 
      "mean": 0.70926, 
      "variance": 0.9187918923999998, 
      "pvalue": 0.8847414800544432, 
      "min": 0.0
    }, 
    "import_blocks": {
      "max": 1.5, 
      "mean": 0.3, 
      "variance": 0.3599999999999999, 
      "pvalue": 0.06992826304105053, 
      "min": 0.0
    }, 
    "peer_stats": {
      "max": 16.05, 
      "mean": 7.35, 
      "variance": 37.6275, 
      "pvalue": 2.533508244998899e-18, 
      "min": 2.0
    }, 
    "sync_blocks_recieved": {
      "max": 1.5978400000000015, 
      "mean": 0.62284, 
      "variance": 0.8845436464000003, 
      "pvalue": 0.5295715598698945, 
      "min": 0.0
    }, 
    "kvdb_bytes_write": {
      "max": 338794.885, 
      "mean": 61466.43000000001, 
      "variance": 15665821213.7161, 
      "pvalue": 0.0027204533920308143, 
      "min": 0.0
    }
  }, 
  "blockchaincache_size": {
    "metric": {
      "__name__": "blockchaincache_size", 
      "job": "openethereum", 
      "instance": "172.17.0.1:3033"
    }, 
    "values": [
      [
        1633508537, 
        "79058656"
      ], 
      [
        1633508552, 
        "79058656"
      ], 
      [
        1633508567, 
        "744"
      ], 
      [
        1633508597, 
        "744"
      ], 
      [
        1633508612, 
        "744"
      ], 
      [
        1633508627, 
        "744"
      ], 
      [
        1633508642, 
        "76000"
      ], 
      [
        1633508657, 
        "76000"
      ], 
      [
        1633508672, 
        "111992"
      ], 
      [
        1633508687, 
        "111992"
      ], 
      [
        1633508702, 
        "795952"
      ], 
      [
        1633508717, 
        "795952"
      ], 
      [
        1633508732, 
        "963584"
      ], 
      [
        1633508747, 
        "1035552"
      ], 
      [
        1633508762, 
        "1179592"
      ], 
      [
        1633508777, 
        "1401584"
      ], 
      [
        1633508792, 
        "1401856"
      ], 
      [
        1633508807, 
        "1728232"
      ], 
      [
        1633508822, 
        "2015360"
      ], 
      [
        1633508837, 
        "2015896"
      ]
    ]
  }, 
  "kvdb_bytes_read": {
    "metric": {
      "instance": "172.17.0.1:3033", 
      "job": "openethereum"
    }, 
    "values": [
      [
        1633508537, 
        "1092897.9"
      ], 
      [
        1633508552, 
        "1002508.8"
      ], 
      [
        1633508567, 
        "1124920.9"
      ], 
      [
        1633508597, 
        "991520.8"
      ], 
      [
        1633508612, 
        "971929.9"
      ], 
      [
        1633508627, 
        "428026.85255999997"
      ], 
      [
        1633508642, 
        "402141.1"
      ], 
      [
        1633508657, 
        "139485"
      ], 
      [
        1633508672, 
        "90292.5"
      ], 
      [
        1633508687, 
        "177573.2"
      ], 
      [
        1633508702, 
        "355670.6"
      ], 
      [
        1633508717, 
        "73149.4"
      ], 
      [
        1633508732, 
        "90701.8"
      ], 
      [
        1633508747, 
        "3045.09512"
      ], 
      [
        1633508762, 
        "475911.3"
      ], 
      [
        1633508777, 
        "63780.4"
      ], 
      [
        1633508792, 
        "401784.6"
      ], 
      [
        1633508807, 
        "377143.8"
      ], 
      [
        1633508822, 
        "163520.3"
      ], 
      [
        1633508837, 
        "409150.89984"
      ]
    ]
  }, 
  "sync_blocks_highest": {
    "metric": {
      "instance": "172.17.0.1:3033", 
      "job": "openethereum"
    }, 
    "values": [
      [
        1633508537, 
        "0"
      ], 
      [
        1633508552, 
        "1.5"
      ], 
      [
        1633508567, 
        "1.5"
      ], 
      [
        1633508597, 
        "0"
      ], 
      [
        1633508612, 
        "0"
      ], 
      [
        1633508627, 
        "3.4568"
      ], 
      [
        1633508642, 
        "0"
      ], 
      [
        1633508657, 
        "0"
      ], 
      [
        1633508672, 
        "1.5"
      ], 
      [
        1633508687, 
        "1.5"
      ], 
      [
        1633508702, 
        "0"
      ], 
      [
        1633508717, 
        "1.5"
      ], 
      [
        1633508732, 
        "0"
      ], 
      [
        1633508747, 
        "1.7284"
      ], 
      [
        1633508762, 
        "0"
      ], 
      [
        1633508777, 
        "1.5"
      ], 
      [
        1633508792, 
        "0"
      ], 
      [
        1633508807, 
        "0"
      ], 
      [
        1633508822, 
        "0"
      ], 
      [
        1633508837, 
        "0"
      ]
    ]
  }, 
  "import_blocks": {
    "metric": {
      "instance": "172.17.0.1:3033", 
      "job": "openethereum"
    }, 
    "values": [
      [
        1633508537, 
        "0"
      ], 
      [
        1633508552, 
        "0"
      ], 
      [
        1633508567, 
        "0"
      ], 
      [
        1633508597, 
        "0"
      ], 
      [
        1633508612, 
        "0"
      ], 
      [
        1633508627, 
        "0"
      ], 
      [
        1633508642, 
        "0"
      ], 
      [
        1633508657, 
        "0"
      ], 
      [
        1633508672, 
        "0"
      ], 
      [
        1633508687, 
        "0"
      ], 
      [
        1633508702, 
        "1.5"
      ], 
      [
        1633508717, 
        "0"
      ], 
      [
        1633508732, 
        "0"
      ], 
      [
        1633508747, 
        "0"
      ], 
      [
        1633508762, 
        "1.5"
      ], 
      [
        1633508777, 
        "0"
      ], 
      [
        1633508792, 
        "1.5"
      ], 
      [
        1633508807, 
        "1.5"
      ], 
      [
        1633508822, 
        "0"
      ], 
      [
        1633508837, 
        "0"
      ]
    ]
  }, 
  "peer_stats": {
    "metric": {
      "__name__": "net_peers", 
      "job": "openethereum", 
      "instance": "172.17.0.1:3033"
    }, 
    "values": [
      [
        1633508537, 
        "4"
      ], 
      [
        1633508552, 
        "2"
      ], 
      [
        1633508567, 
        "2"
      ], 
      [
        1633508597, 
        "2"
      ], 
      [
        1633508612, 
        "2"
      ], 
      [
        1633508627, 
        "2"
      ], 
      [
        1633508642, 
        "2"
      ], 
      [
        1633508657, 
        "2"
      ], 
      [
        1633508672, 
        "2"
      ], 
      [
        1633508687, 
        "2"
      ], 
      [
        1633508702, 
        "2"
      ], 
      [
        1633508717, 
        "5"
      ], 
      [
        1633508732, 
        "17"
      ], 
      [
        1633508747, 
        "15"
      ], 
      [
        1633508762, 
        "13"
      ], 
      [
        1633508777, 
        "14"
      ], 
      [
        1633508792, 
        "16"
      ], 
      [
        1633508807, 
        "14"
      ], 
      [
        1633508822, 
        "14"
      ], 
      [
        1633508837, 
        "15"
      ]
    ]
  }, 
  "sync_blocks_recieved": {
    "metric": {
      "instance": "172.17.0.1:3033", 
      "job": "openethereum"
    },