{
  "stat": {
    "blockchaincache_size": {
      "max": 78613330.8, 
      "mean": 30886717.777777776, 
      "variance": 986330156021907.9, 
      "pvalue": 8.129997675866331e-12, 
      "min": 5918977.6
    }, 
    "kvdb_bytes_read": {
      "max": 934024.22, 
      "mean": 413578.50347061217, 
      "variance": 93949736034.65517, 
      "pvalue": 0.0017655321325837298, 
      "min": 73473.86
    }, 
    "sync_blocks_highest": {
      "max": 1.504754164973588, 
      "mean": 0.44257475440399646, 
      "variance": 0.4701203824535789, 
      "pvalue": 0.28116142410542905, 
      "min": 0.0
    }, 
    "import_blocks": {
      "max": 3.299999999999999, 
      "mean": 0.7058823529411765, 
      "variance": 1.884083044982699, 
      "pvalue": 0.22074830996169123, 
      "min": 0.0
    }, 
    "peer_stats": {
      "max": 33.15, 
      "mean": 25.72222222222222, 
      "variance": 97.0895061728395, 
      "pvalue": 2.1594626000757088e-05, 
      "min": 4.85
    }, 
    "sync_blocks_recieved": {
      "max": 1.504754164973588, 
      "mean": 0.44257475440399646, 
      "variance": 0.4701203824535789, 
      "pvalue": 0.28520961474939355, 
      "min": 0.0
    }, 
    "kvdb_bytes_write": {
      "max": 6148326.14, 
      "mean": 2319210.079044865, 
      "variance": 7005868519705.807, 
      "pvalue": 0.01114195328760892, 
      "min": 0.0
    }
  }, 
  "blockchaincache_size": {
    "metric": {
      "__name__": "blockchaincache_size", 
      "job": "openethereum", 
      "instance": "172.17.0.1:3033"
    }, 
    "values": [
      [
        1633508237, 
        "6167752"
      ], 
      [
        1633508252, 
        "6174896"
      ], 
      [
        1633508267, 
        "6174896"
      ], 
      [
        1633508282, 
        "6181488"
      ], 
      [
        1633508297, 
        "6181488"
      ], 
      [
        1633508312, 
        "7169080"
      ], 
      [
        1633508327, 
        "6431176"
      ], 
      [
        1633508342, 
        "9286360"
      ], 
      [
        1633508357, 
        "8717784"
      ], 
      [
        1633508372, 
        "4509256"
      ], 
      [
        1633508417, 
        "13525376"
      ], 
      [
        1633508447, 
        "41267816"
      ], 
      [
        1633508462, 
        "41329496"
      ], 
      [
        1633508477, 
        "78354184"
      ], 
      [
        1633508492, 
        "78419480"
      ], 
      [
        1633508507, 
        "78476992"
      ], 
      [
        1633508522, 
        "78534744"
      ], 
      [
        1633508537, 
        "79058656"
      ]
    ]
  }, 
  "kvdb_bytes_read": {
    "metric": {
      "instance": "172.17.0.1:3033", 
      "job": "openethereum"
    }, 
    "values": [
      [
        1633508237, 
        "109195.3"
      ], 
      [
        1633508252, 
        "73655.2"
      ], 
      [
        1633508267, 
        "72748.5"
      ], 
      [
        1633508282, 
        "86290.1"
      ], 
      [
        1633508297, 
        "76512.5"
      ], 
      [
        1633508312, 
        "409471.4"
      ], 
      [
        1633508327, 
        "488608.8"
      ], 
      [
        1633508342, 
        "327959.7"
      ], 
      [
        1633508357, 
        "452900.2"
      ], 
      [
        1633508372, 
        "95274.7"
      ], 
      [
        1633508447, 
        "358926.85900040634"
      ], 
      [
        1633508462, 
        "747072.2"
      ], 
      [
        1633508477, 
        "461996.9"
      ], 
      [
        1633508492, 
        "533842.8"
      ], 
      [
        1633508507, 
        "894305.8"
      ], 
      [
        1633508522, 
        "749175.7"
      ], 
      [
        1633508537, 
        "1092897.9"
      ]
    ]
  }, 
  "sync_blocks_highest": {
    "metric": {
      "instance": "172.17.0.1:3033", 
      "job": "openethereum"
    }, 
    "values": [
      [
        1633508237, 
        "1.5"
      ], 
      [
        1633508252, 
        "0"
      ], 
      [
        1633508267, 
        "0"
      ], 
      [
        1633508282, 
        "0"
      ], 
      [
        1633508297, 
        "0"
      ], 
      [
        1633508312, 
        "0"
      ], 
      [
        1633508327, 
        "0"
      ], 
      [
        1633508342, 
        "0"
      ], 
      [
        1633508357, 
        "0"
      ], 
      [
        1633508372, 
        "1.5"
      ], 
      [
        1633508447, 
        "1.52377082486794"
      ], 
      [
        1633508462, 
        "0"
      ], 
      [
        1633508477, 
        "1.5"
      ], 
      [
        1633508492, 
        "0"
      ], 
      [
        1633508507, 
        "1.5"
      ], 
      [
        1633508522, 
        "0"
      ], 
      [
        1633508537, 
        "0"
      ]
    ]
  }, 
  "import_blocks": {
    "metric": {
      "instance": "172.17.0.1:3033", 
      "job": "openethereum"
    }, 
    "values": [
      [
        1633508237, 
        "1.5"
      ], 
      [
        1633508252, 
        "0"
      ], 
      [
        1633508267, 
        "0"
      ], 
      [
        1633508282, 
        "0"
      ], 
      [
        1633508297, 
        "0"
      ], 
      [
        1633508312, 
        "3"
      ], 
      [
        1633508327, 
        "4.5"
      ], 
      [
        1633508342, 
        "3"
      ], 
      [
        1633508357, 
        "0"
      ], 
      [
        1633508372, 
        "0"
      ], 
      [
        1633508447, 
        "0"
      ], 
      [
        1633508462, 
        "0"
      ], 
      [
        1633508477, 
        "0"
      ], 
      [
        1633508492, 
        "0"
      ], 
      [
        1633508507, 
        "0"
      ], 
      [
        1633508522, 
        "0"
      ], 
      [
        1633508537, 
        "0"
      ]
    ]
  }, 
  "peer_stats": {
    "metric": {
      "__name__": "net_peers", 
      "job": "openethereum", 
      "instance": "172.17.0.1:3033"
    }, 
    "values": [
      [
        1633508237, 
        "32"
      ], 
      [
        1633508252, 
        "31"
      ], 
      [
        1633508267, 
        "32"
      ], 
      [
        1633508282, 
        "32"
      ], 
      [
        1633508297, 
        "34"
      ], 
      [
        1633508312, 
        "33"
      ], 
      [
        1633508327, 
        "33"
      ], 
      [
        1633508342, 
        "33"
      ], 
      [
        1633508357, 
        "32"
      ], 
      [
        1633508372, 
        "33"
      ], 
      [
        1633508417, 
        "31"
      ], 
      [
        1633508447, 
        "24"
      ], 
      [
        1633508462, 
        "24"
      ], 
      [
        1633508477, 
        "23"
      ], 
      [
        1633508492, 
        "18"
      ], 
      [
        1633508507, 
        "9"
      ], 
      [
        1633508522, 
        "5"
      ], 
      [
        1633508537, 
        "4"
      ]
    ]
  }, 
  "sync_blocks_recieved": {
    "metric": {
      "instance": "172.17.0.1:3033", 
      "job": "openethereum"
    }, 
    "values": [
      [
        1633508237, 
        "1.5"
      ], 
      [
        1633508252, 
        "0"
      ], 
      [
        1633508267, 
        "0"
      ], 
      [
        1633508282, 
        "0"
      ], 
      [
        1633508297, 
        "0"
      ], 
      [
        1633508312, 
        "0"
      ], 
      [
        1633508327, 
        "0"
      ], 
      [
        1633508342, 
        "0"
      ], 
      [
        1633508357, 
        "0"
      ], 
      [
        1633508372, 
        "1.5"
      ], 
      [
        1633508447, 
        "1.52377082486794"
      ], 
      [
        1633508462, 
        "0"
      ], 
      [
        1633508477, 
        "1.5"
      ], 
      [
        1633508492, 
        "0"
      ], 
      [
        1633508507, 
        "1.5"
      ], 
      [
        1633508522, 
        "0"
      ], 
      [
        1633508537, 
        "0"
      ]
    ]
  }, 
  "kvdb_bytes_write": {
    "metric": {
      "instance": "172.17.0.1:3033",