{
  "stat": {
    "blockchaincache_size": {
      "max": 5392624.0, 
      "mean": 1763161.5, 
      "variance": 2043877384241.75, 
      "pvalue": 1.421461876620054e-07, 
      "min": 470836.0
    }, 
    "kvdb_bytes_read": {
      "max": 512123.7549999997, 
      "mean": 296415.6920888889, 
      "variance": 28633031274.74755, 
      "pvalue": 0.005905514001341251, 
      "min": 59507.68000000001
    }, 
    "sync_blocks_highest": {
      "max": 3.224999999999998, 
      "mean": 1.0, 
      "variance": 2.0, 
      "pvalue": 0.8589448616747823, 
      "min": 0.0
    }, 
    "import_blocks": {
      "max": 1.749139999999998, 
      "mean": 0.7515777777777778, 
      "variance": 0.8149089861728395, 
      "pvalue": 0.8521504472091989, 
      "min": 0.0
    }, 
    "peer_stats": {
      "max": 15.5, 
      "mean": 10.3125, 
      "variance": 14.08984375, 
      "pvalue": 6.433011938827316e-15, 
      "min": 4.75
    }, 
    "sync_blocks_recieved": {
      "max": 3.224999999999998, 
      "mean": 1.0, 
      "variance": 2.0, 
      "pvalue": 0.8639526569413, 
      "min": 0.0
    }, 
    "kvdb_bytes_write": {
      "max": 609567.1249999995, 
      "mean": 173255.5576651852, 
      "variance": 62058702946.3351, 
      "pvalue": 0.15080664762310628, 
      "min": 0.0
    }
  }, 
  "blockchaincache_size": {
    "metric": {
      "__name__": "blockchaincache_size", 
      "job": "openethereum", 
      "instance": "172.17.0.1:3033"
    }, 
    "values": [
      [
        1633509441, 
        "363112"
      ], 
      [
        1633509456, 
        "506744"
      ], 
      [
        1633509471, 
        "994752"
      ], 
      [
        1633509501, 
        "995024"
      ], 
      [
        1633509516, 
        "1282424"
      ], 
      [
        1633509531, 
        "1282968"
      ], 
      [
        1633509546, 
        "1283240"
      ], 
      [
        1633509561, 
        "1283240"
      ], 
      [
        1633509576, 
        "1283800"
      ], 
      [
        1633509606, 
        "1285168"
      ], 
      [
        1633509621, 
        "1285456"
      ], 
      [
        1633509651, 
        "1859440"
      ], 
      [
        1633509681, 
        "1859984"
      ], 
      [
        1633509696, 
        "1859984"
      ], 
      [
        1633509726, 
        "5392624"
      ], 
      [
        1633509741, 
        "5392624"
      ]
    ]
  }, 
  "kvdb_bytes_read": {
    "metric": {
      "instance": "172.17.0.1:3033", 
      "job": "openethereum"
    }, 
    "values": [
      [
        1633509441, 
        "198250.1"
      ], 
      [
        1633509456, 
        "473374.3"
      ], 
      [
        1633509471, 
        "135470.1"
      ], 
      [
        1633509486, 
        "259114.2"
      ], 
      [
        1633509501, 
        "62014.9"
      ], 
      [
        1633509516, 
        "485306.8"
      ], 
      [
        1633509531, 
        "328474.5576"
      ], 
      [
        1633509546, 
        "435062.5"
      ], 
      [
        1633509561, 
        "106024.6"
      ], 
      [
        1633509576, 
        "195511.5"
      ], 
      [
        1633509591, 
        "241382"
      ], 
      [
        1633509606, 
        "664086.5"
      ], 
      [
        1633509621, 
        "428317.2"
      ], 
      [
        1633509651, 
        "425135.9"
      ], 
      [
        1633509666, 
        "107383"
      ], 
      [
        1633509681, 
        "45300.1"
      ], 
      [
        1633509696, 
        "312408.8"
      ], 
      [
        1633509726, 
        "432865.4"
      ]
    ]
  }, 
  "sync_blocks_highest": {
    "metric": {
      "instance": "172.17.0.1:3033", 
      "job": "openethereum"
    }, 
    "values": [
      [
        1633509441, 
        "1.5"
      ], 
      [
        1633509456, 
        "1.5"
      ], 
      [
        1633509471, 
        "3"
      ], 
      [
        1633509486, 
        "0"
      ], 
      [
        1633509501, 
        "3"
      ], 
      [
        1633509516, 
        "0"
      ], 
      [
        1633509531, 
        "0"
      ], 
      [
        1633509546, 
        "4.5"
      ], 
      [
        1633509561, 
        "0"
      ], 
      [
        1633509576, 
        "0"
      ], 
      [
        1633509591, 
        "0"
      ], 
      [
        1633509606, 
        "1.5"
      ], 
      [
        1633509621, 
        "0"
      ], 
      [
        1633509651, 
        "0"
      ], 
      [
        1633509666, 
        "0"
      ], 
      [
        1633509681, 
        "0"
      ], 
      [
        1633509696, 
        "3"
      ], 
      [
        1633509726, 
        "0"
      ]
    ]
  }, 
  "import_blocks": {
    "metric": {
      "instance": "172.17.0.1:3033", 
      "job": "openethereum"
    }, 
    "values": [
      [
        1633509441, 
        "0"
      ], 
      [
        1633509456, 
        "1.5"
      ], 
      [
        1633509471, 
        "0"
      ], 
      [
        1633509486, 
        "0"
      ], 
      [
        1633509501, 
        "0"
      ], 
      [
        1633509516, 
        "3"
      ], 
      [
        1633509531, 
        "1.5284"
      ], 
      [
        1633509546, 
        "0"
      ], 
      [
        1633509561, 
        "0"
      ], 
      [
        1633509576, 
        "1.5"
      ], 
      [
        1633509591, 
        "0"
      ], 
      [
        1633509606, 
        "1.5"
      ], 
      [
        1633509621, 
        "1.5"
      ], 
      [
        1633509651, 
        "1.5"
      ], 
      [
        1633509666, 
        "0"
      ], 
      [
        1633509681, 
        "0"
      ], 
      [
        1633509696, 
        "0"
      ], 
      [
        1633509726, 
        "1.5"
      ]
    ]
  }, 
  "peer_stats": {
    "metric": {
      "__name__": "net_peers", 
      "job": "openethereum", 
      "instance": "172.17.0.1:3033"
    }, 
    "values": [
      [
        1633509441, 
        "4"
      ], 
      [
        1633509456, 
        "5"
      ], 
      [
        1633509471, 
        "15"
      ], 
      [
        1633509501, 
        "14"
      ], 
      [
        1633509516, 
        "17"
      ], 
      [
        1633509531, 
        "14"
      ], 
      [
        1633509546, 
        "12"
      ], 
      [
        1633509561, 
        "12"
      ], 
      [
        1633509576, 
        "12"
      ], 
      [
        1633509606, 
        "6"
      ], 
      [
        1633509621, 
        "9"
      ], 
      [
        1633509651, 
        "10"
      ], 
      [
        1633509681, 
        "8"
      ], 
      [
        1633509696, 
        "13"
      ], 
      [
        1633509726, 
        "7"
      ], 
      [
        1633509741, 
        "7"
      ]
    ]
  }, 
  "sync_blocks_recieved": {
    "metric": {
      "instance": "172.17.0.1:3033", 
      "job": "openethereum"
    }, 
    "values": [
      [
        1633509441, 
        "1.5"
      ], 
      [
        1633509456, 
        "1.5"
      ], 
      [
        1633509471, 
        "3"
      ], 
      [
        1633509486, 
        "0"
      ], 
      [
        1633509501, 
        "3"
      ], 
      [
        1633509516, 
        "0"
      ], 
      [
        1633509531, 
        "0"
      ], 
      [
        1633509546, 
        "4.5"
      ], 
      [
        1633509561, 
        "0"
      ], 
      [
        1633509576, 
        "0"
      ], 
      [
        1633509591, 
        "0"
      ], 
      [
        1633509606, 
        "1.5"
      ], 
      [
        1633509621, 
        "0"
      ], 
      [
        1633509651, 
        "0"
      ], 
      [
        1633509666, 
        "0"
      ], 
      [
        1633509681, 
        "0"
      ], 
      [
        1633509696, 
        "3"
      ], 
      [
        1633509726, 
        "0"
      ]
    ]
  }, 
  "kvdb_bytes_write": {
    "metric": {
      "instance": "172.17.0.1:3033", 
      "job": "openethereum"
    },