{
  "stat": {
    "blockchaincache_size": {
      "max": 77791905.6, 
      "mean": 17819928.888888888, 
      "variance": 797049246750875.5, 
      "pvalue": 0.07300231220301756, 
      "min": 290942.4
    }, 
    "kvdb_bytes_read": {
      "max": 1198231.3899999992, 
      "mean": 639019.2673352178, 
      "variance": 145352647254.17197, 
      "pvalue": 1.0689587772061294e-06, 
      "min": 69321.31
    }, 
    "sync_blocks_highest": {
      "max": 3.4499999999999904, 
      "mean": 1.105263157894737, 
      "variance": 3.0415512465373964, 
      "pvalue": 0.9999779531847751, 
      "min": 0.0
    }, 
    "import_blocks": {
      "max": 4.5, 
      "mean": 1.1353473684210527, 
      "variance": 2.607908803545705, 
      "pvalue": 0.9891559416821921, 
      "min": 0.0
    }, 
    "peer_stats": {
      "max": 14.149999999999999, 
      "mean": 6.055555555555555, 
      "variance": 25.496913580246908, 
      "pvalue": 9.745996000314051e-17, 
      "min": 0.0
    }, 
    "sync_blocks_recieved": {
      "max": 26.399999999999725, 
      "mean": 8.921052631578947, 
      "variance": 1000.0595567867033, 
      "pvalue": 0.9857581035280972, 
      "min": 0.0
    }, 
    "kvdb_bytes_write": {
      "max": 5566424.590986784, 
      "mean": 1212909.7893317833, 
      "variance": 3613663485229.0244, 
      "pvalue": 0.19291077170033888, 
      "min": 0.0
    }
  }, 
  "blockchaincache_size": {
    "metric": {
      "__name__": "blockchaincache_size", 
      "job": "openethereum", 
      "instance": "172.17.0.1:3033"
    }, 
    "values": [
      [
        1633509138, 
        "5212760"
      ], 
      [
        1633509153, 
        "5869440"
      ], 
      [
        1633509168, 
        "5870800"
      ], 
      [
        1633509183, 
        "5871888"
      ], 
      [
        1633509228, 
        "40949424"
      ], 
      [
        1633509243, 
        "77718984"
      ], 
      [
        1633509258, 
        "77784480"
      ], 
      [
        1633509273, 
        "77833984"
      ], 
      [
        1633509303, 
        "2322328"
      ], 
      [
        1633509318, 
        "2322328"
      ], 
      [
        1633509333, 
        "2381424"
      ], 
      [
        1633509348, 
        "2381424"
      ], 
      [
        1633509363, 
        "2381424"
      ], 
      [
        1633509378, 
        "2381560"
      ], 
      [
        1633509393, 
        "8531856"
      ], 
      [
        1633509408, 
        "290480"
      ], 
      [
        1633509423, 
        "291024"
      ], 
      [
        1633509438, 
        "363112"
      ]
    ]
  }, 
  "kvdb_bytes_read": {
    "metric": {
      "instance": "172.17.0.1:3033", 
      "job": "openethereum"
    }, 
    "values": [
      [
        1633509138, 
        "230637.6"
      ], 
      [
        1633509153, 
        "1501989.4"
      ], 
      [
        1633509168, 
        "1164480.5"
      ], 
      [
        1633509183, 
        "1026640.9"
      ], 
      [
        1633509198, 
        "680890.0353333334"
      ], 
      [
        1633509228, 
        "332749.2884325804"
      ], 
      [
        1633509243, 
        "884835.3"
      ], 
      [
        1633509258, 
        "1017788.0556032263"
      ], 
      [
        1633509273, 
        "780328"
      ], 
      [
        1633509303, 
        "900960.6"
      ], 
      [
        1633509318, 
        "887929.2"
      ], 
      [
        1633509333, 
        "589008.6"
      ], 
      [
        1633509348, 
        "71248.4"
      ], 
      [
        1633509363, 
        "51977.5"
      ], 
      [
        1633509378, 
        "411026.2"
      ], 
      [
        1633509393, 
        "464001.6"
      ], 
      [
        1633509408, 
        "467086.3"
      ], 
      [
        1633509423, 
        "261247.5"
      ], 
      [
        1633509438, 
        "416541.1"
      ]
    ]
  }, 
  "sync_blocks_highest": {
    "metric": {
      "instance": "172.17.0.1:3033", 
      "job": "openethereum"
    }, 
    "values": [
      [
        1633509138, 
        "1.5"
      ], 
      [
        1633509153, 
        "1.5"
      ], 
      [
        1633509168, 
        "1.5"
      ], 
      [
        1633509183, 
        "1.5"
      ], 
      [
        1633509198, 
        "0"
      ], 
      [
        1633509228, 
        "0"
      ], 
      [
        1633509243, 
        "3"
      ], 
      [
        1633509258, 
        "0"
      ], 
      [
        1633509273, 
        "1.5"
      ], 
      [
        1633509303, 
        "0"
      ], 
      [
        1633509318, 
        "0"
      ], 
      [
        1633509333, 
        "0"
      ], 
      [
        1633509348, 
        "0"
      ], 
      [
        1633509363, 
        "0"
      ], 
      [
        1633509378, 
        "0"
      ], 
      [
        1633509393, 
        "7.5"
      ], 
      [
        1633509408, 
        "1.5"
      ], 
      [
        1633509423, 
        "0"
      ], 
      [
        1633509438, 
        "1.5"
      ]
    ]
  }, 
  "import_blocks": {
    "metric": {
      "instance": "172.17.0.1:3033", 
      "job": "openethereum"
    }, 
    "values": [
      [
        1633509138, 
        "0"
      ], 
      [
        1633509153, 
        "4.5"
      ], 
      [
        1633509168, 
        "4.5"
      ], 
      [
        1633509183, 
        "4.5"
      ], 
      [
        1633509198, 
        "2.0716"
      ], 
      [
        1633509228, 
        "0"
      ], 
      [
        1633509243, 
        "0"
      ], 
      [
        1633509258, 
        "0"
      ], 
      [
        1633509273, 
        "0"
      ], 
      [
        1633509303, 
        "0"
      ], 
      [
        1633509318, 
        "0"
      ], 
      [
        1633509333, 
        "0"
      ], 
      [
        1633509348, 
        "0"
      ], 
      [
        1633509363, 
        "0"
      ], 
      [
        1633509378, 
        "1.5"
      ], 
      [
        1633509393, 
        "0"
      ], 
      [
        1633509408, 
        "1.5"
      ], 
      [
        1633509423, 
        "1.5"
      ], 
      [
        1633509438, 
        "1.5"
      ]
    ]
  }, 
  "peer_stats": {
    "metric": {
      "__name__": "net_peers", 
      "job": "openethereum", 
      "instance": "172.17.0.1:3033"
    }, 
    "values": [
      [
        1633509138, 
        "12"
      ], 
      [
        1633509153, 
        "15"
      ], 
      [
        1633509168, 
        "14"
      ], 
      [
        1633509183, 
        "13"
      ], 
      [
        1633509228, 
        "11"
      ], 
      [
        1633509243, 
        "11"
      ], 
      [
        1633509258, 
        "7"
      ], 
      [
        1633509273, 
        "4"
      ], 
      [
        1633509303, 
        "2"
      ], 
      [
        1633509318, 
        "2"
      ], 
      [
        1633509333, 
        "0"
      ], 
      [
        1633509348, 
        "0"
      ], 
      [
        1633509363, 
        "0"
      ], 
      [
        1633509378, 
        "2"
      ], 
      [
        1633509393, 
        "4"
      ], 
      [
        1633509408, 
        "3"
      ], 
      [
        1633509423, 
        "5"
      ], 
      [
        1633509438, 
        "4"
      ]
    ]
  }, 
  "sync_blocks_recieved": {
    "metric": {
      "instance": "172.17.0.1:3033", 
      "job": "openethereum"
    },