{
  "stat": {
    "blockchaincache_size": {
      "max": 6123720.0, 
      "mean": 5755445.0, 
      "variance": 19390448591.0, 
      "pvalue": 2.811759599511306e-05, 
      "min": 5699712.0
    }, 
    "kvdb_bytes_read": {
      "max": 873082.1399999997, 
      "mean": 354190.31824444444, 
      "variance": 120577814595.48296, 
      "pvalue": 0.21068847023958798, 
      "min": 20726.814424000004
    }, 
    "sync_blocks_highest": {
      "max": 18.89999999999997, 
      "mean": 3.5, 
      "variance": 134.75, 
      "pvalue": 0.004740960173395139, 
      "min": 0.0
    }, 
    "import_blocks": {
      "max": 3.0, 
      "mean": 1.4321000000000002, 
      "variance": 0.9459312299999999, 
      "pvalue": 0.042623176904438814, 
      "min": 0.0
    }, 
    "peer_stats": {
      "max": 4.25, 
      "mean": 1.125, 
      "variance": 1.984375, 
      "pvalue": 2.241218118156172e-12, 
      "min": 0.0
    }, 
    "sync_blocks_recieved": {
      "max": 192.3749999999997, 
      "mean": 35.625, 
      "variance": 13960.546875, 
      "pvalue": 0.00479798814816571, 
      "min": 0.0
    }, 
    "kvdb_bytes_write": {
      "max": 767385.45, 
      "mean": 320318.1349733334, 
      "variance": 61154805609.03512, 
      "pvalue": 0.4264259353955293, 
      "min": 0.0
    }
  }, 
  "blockchaincache_size": {
    "metric": {
      "__name__": "blockchaincache_size", 
      "job": "openethereum", 
      "instance": "172.17.0.1:3033"
    }, 
    "values": [
      [
        1633684552, 
        "5698992"
      ], 
      [
        1633684567, 
        "5699952"
      ], 
      [
        1633684597, 
        "5700224"
      ], 
      [
        1633684612, 
        "5700784"
      ], 
      [
        1633684627, 
        "5701600"
      ], 
      [
        1633684642, 
        "5701888"
      ], 
      [
        1633684657, 
        "5703000"
      ], 
      [
        1633684672, 
        "5703416"
      ], 
      [
        1633684687, 
        "5703832"
      ], 
      [
        1633684702, 
        "5704104"
      ], 
      [
        1633684717, 
        "5704648"
      ], 
      [
        1633684732, 
        "5704648"
      ], 
      [
        1633684747, 
        "5706192"
      ], 
      [
        1633684762, 
        "5706192"
      ], 
      [
        1633684792, 
        "6123616"
      ], 
      [
        1633684807, 
        "6124032"
      ]
    ]
  }, 
  "kvdb_bytes_read": {
    "metric": {
      "instance": "172.17.0.1:3033", 
      "job": "openethereum"
    }, 
    "values": [
      [
        1633684552, 
        "34516.3"
      ], 
      [
        1633684597, 
        "46598.9"
      ], 
      [
        1633684612, 
        "708039.6"
      ], 
      [
        1633684627, 
        "133214.7"
      ], 
      [
        1633684642, 
        "170348.9"
      ], 
      [
        1633684657, 
        "71067.19893333333"
      ], 
      [
        1633684687, 
        "88250.72128"
      ], 
      [
        1633684702, 
        "1074800.8"
      ], 
      [
        1633684717, 
        "3872.99872"
      ], 
      [
        1633684732, 
        "587372.4"
      ], 
      [
        1633684747, 
        "650962"
      ], 
      [
        1633684792, 
        "681239.3"
      ]
    ]
  }, 
  "sync_blocks_highest": {
    "metric": {
      "instance": "172.17.0.1:3033", 
      "job": "openethereum"
    }, 
    "values": [
      [
        1633684552, 
        "0"
      ], 
      [
        1633684597, 
        "0"
      ], 
      [
        1633684612, 
        "0"
      ], 
      [
        1633684627, 
        "0"
      ], 
      [
        1633684642, 
        "0"
      ], 
      [
        1633684657, 
        "0"
      ], 
      [
        1633684687, 
        "0"
      ], 
      [
        1633684702, 
        "42"
      ], 
      [
        1633684717, 
        "0"
      ], 
      [
        1633684732, 
        "0"
      ], 
      [
        1633684747, 
        "0"
      ], 
      [
        1633684792, 
        "0"
      ]
    ]
  }, 
  "import_blocks": {
    "metric": {
      "instance": "172.17.0.1:3033", 
      "job": "openethereum"
    }, 
    "values": [
      [
        1633684552, 
        "0"
      ], 
      [
        1633684597, 
        "0"
      ], 
      [
        1633684612, 
        "1.5"
      ], 
      [
        1633684627, 
        "1.5"
      ], 
      [
        1633684642, 
        "1.5"
      ], 
      [
        1633684657, 
        "1.7284"
      ], 
      [
        1633684687, 
        "1.7284"
      ], 
      [
        1633684702, 
        "1.5"
      ], 
      [
        1633684717, 
        "1.7284"
      ], 
      [
        1633684732, 
        "0"
      ], 
      [
        1633684747, 
        "3"
      ], 
      [
        1633684792, 
        "3"
      ]
    ]
  }, 
  "peer_stats": {
    "metric": {
      "__name__": "net_peers", 
      "job": "openethereum", 
      "instance": "172.17.0.1:3033"
    }, 
    "values": [
      [
        1633684552, 
        "1"
      ], 
      [
        1633684567, 
        "1"
      ], 
      [
        1633684597, 
        "1"
      ], 
      [
        1633684612, 
        "0"
      ], 
      [
        1633684627, 
        "0"
      ], 
      [
        1633684642, 
        "0"
      ], 
      [
        1633684657, 
        "0"
      ], 
      [
        1633684672, 
        "1"
      ], 
      [
        1633684687, 
        "0"
      ], 
      [
        1633684702, 
        "1"
      ], 
      [
        1633684717, 
        "0"
      ], 
      [
        1633684732, 
        "2"
      ], 
      [
        1633684747, 
        "5"
      ], 
      [
        1633684762, 
        "4"
      ], 
      [
        1633684792, 
        "1"
      ], 
      [
        1633684807, 
        "1"
      ]
    ]
  }, 
  "sync_blocks_recieved": {
    "metric": {
      "instance": "172.17.0.1:3033", 
      "job": "openethereum"
    }, 
    "values": [
      [
        1633684552, 
        "0"
      ], 
      [
        1633684597, 
        "0"
      ], 
      [
        1633684612, 
        "0"
      ], 
      [
        1633684627, 
        "0"
      ], 
      [
        1633684642, 
        "0"
      ], 
      [
        1633684657, 
        "0"
      ], 
      [
        1633684687, 
        "0"
      ], 
      [
        1633684702, 
        "0"
      ], 
      [
        1633684717, 
        "0"
      ], 
      [
        1633684732, 
        "0"
      ], 
      [
        1633684747, 
        "427.5"
      ], 
      [
        1633684792, 
        "0"
      ]
    ]
  }, 
  "kvdb_bytes_write": {
    "metric": {
      "instance": "172.17.0.1:3033", 
      "job": "openethereum"
    }, 
    "values": [
      [
        1633684552, 
        "0"
      ], 
      [
        1633684597, 
        "0"
      ], 
      [
        1633684612, 
        "352824.4"
      ], 
      [
        1633684627, 
        "286168.7"
      ], 
      [
        1633684642, 
        "367505.8"
      ], 
      [
        1633684657, 
        "269542.02114666667"
      ], 
      [
        1633684687, 
        "374402.20552"
      ], 
      [
        1633684702, 
        "373502.1"
      ], 
      [
        1633684717, 
        "276403.1930133333"
      ], 
      [
        1633684732, 
        "0"
      ], 
      [
        1633684747, 
        "815226.1"
      ], 
      [
        1633684792, 
        "728243.1"
      ]
    ]
  }
}