{
  "stat": {
    "blockchaincache_size": {
      "max": 7337998.799999999, 
      "mean": 5725723.428571428, 
      "variance": 2271387138758.531, 
      "pvalue": 3.659687450430978e-06, 
      "min": 4383657.6
    }, 
    "kvdb_bytes_read": {
      "max": 885460.4294278608, 
      "mean": 425682.38690294465, 
      "variance": 53504765881.24031, 
      "pvalue": 6.073385981756514e-06, 
      "min": 149690.83
    }, 
    "sync_blocks_highest": {
      "max": 3.075000000000001, 
      "mean": 0.9557399999999999, 
      "variance": 1.5244940364, 
      "pvalue": 0.9992311226969428, 
      "min": 0.0
    }, 
    "import_blocks": {
      "max": 1.928020000000001, 
      "mean": 0.8432068656716417, 
      "variance": 0.8130298912836711, 
      "pvalue": 0.7800192925368243, 
      "min": 0.0
    }, 
    "peer_stats": {
      "max": 22.0, 
      "mean": 14.142857142857142, 
      "variance": 29.9795918367347, 
      "pvalue": 3.392728467032923e-11, 
      "min": 6.6499999999999995
    }, 
    "sync_blocks_recieved": {
      "max": 3.075000000000001, 
      "mean": 0.9557399999999999, 
      "variance": 1.5244940364, 
      "pvalue": 0.9996783730667562, 
      "min": 0.0
    }, 
    "kvdb_bytes_write": {
      "max": 489684.3850000001, 
      "mean": 168427.90084962815, 
      "variance": 37079648585.13283, 
      "pvalue": 0.04994105281498844, 
      "min": 0.0
    }
  }, 
  "blockchaincache_size": {
    "metric": {
      "__name__": "blockchaincache_size", 
      "job": "openethereum", 
      "instance": "172.17.0.1:3033"
    }, 
    "values": [
      [
        1633499464, 
        "2505584"
      ], 
      [
        1633499509, 
        "5394928"
      ], 
      [
        1633499524, 
        "5478656"
      ], 
      [
        1633499539, 
        "5479464"
      ], 
      [
        1633499554, 
        "5558136"
      ], 
      [
        1633499569, 
        "5558136"
      ], 
      [
        1633499584, 
        "5558408"
      ], 
      [
        1633499599, 
        "5730936"
      ], 
      [
        1633499614, 
        "5731496"
      ], 
      [
        1633499644, 
        "5731144"
      ], 
      [
        1633499659, 
        "5731952"
      ], 
      [
        1633499674, 
        "5732224"
      ], 
      [
        1633499689, 
        "10320152"
      ], 
      [
        1633499719, 
        "5648912"
      ]
    ]
  }, 
  "kvdb_bytes_read": {
    "metric": {
      "instance": "172.17.0.1:3033", 
      "job": "openethereum"
    }, 
    "values": [
      [
        1633499419, 
        "165825.54923939152"
      ], 
      [
        1633499434, 
        "287940.79384000006"
      ], 
      [
        1633499449, 
        "315064.8944533334"
      ], 
      [
        1633499464, 
        "880590.6467661692"
      ], 
      [
        1633499479, 
        "312324.74728"
      ], 
      [
        1633499494, 
        "207113.62669333335"
      ], 
      [
        1633499509, 
        "108869.9"
      ], 
      [
        1633499524, 
        "525282.6"
      ], 
      [
        1633499539, 
        "351900.1"
      ], 
      [
        1633499554, 
        "447305"
      ], 
      [
        1633499569, 
        "636334.3"
      ], 
      [
        1633499584, 
        "624563.2"
      ], 
      [
        1633499599, 
        "977986.3"
      ], 
      [
        1633499614, 
        "676624.7"
      ], 
      [
        1633499644, 
        "445774.5"
      ], 
      [
        1633499659, 
        "315236.3"
      ], 
      [
        1633499674, 
        "514781.8"
      ], 
      [
        1633499689, 
        "151839.3"
      ], 
      [
        1633499704, 
        "289586.17978666665"
      ], 
      [
        1633499719, 
        "278703.3"
      ]
    ]
  }, 
  "sync_blocks_highest": {
    "metric": {
      "instance": "172.17.0.1:3033", 
      "job": "openethereum"
    }, 
    "values": [
      [
        1633499419, 
        "0"
      ], 
      [
        1633499434, 
        "0"
      ], 
      [
        1633499449, 
        "0"
      ], 
      [
        1633499464, 
        "0"
      ], 
      [
        1633499479, 
        "1.8716000000000002"
      ], 
      [
        1633499494, 
        "1.8716000000000002"
      ], 
      [
        1633499509, 
        "4.5"
      ], 
      [
        1633499524, 
        "1.5"
      ], 
      [
        1633499539, 
        "1.5"
      ], 
      [
        1633499554, 
        "0"
      ], 
      [
        1633499569, 
        "0"
      ], 
      [
        1633499584, 
        "0"
      ], 
      [
        1633499599, 
        "3"
      ], 
      [
        1633499614, 
        "0"
      ], 
      [
        1633499644, 
        "1.5"
      ], 
      [
        1633499659, 
        "0"
      ], 
      [
        1633499674, 
        "0"
      ], 
      [
        1633499689, 
        "0"
      ], 
      [
        1633499704, 
        "1.8716000000000002"
      ], 
      [
        1633499719, 
        "1.5"
      ]
    ]
  }, 
  "import_blocks": {
    "metric": {
      "instance": "172.17.0.1:3033", 
      "job": "openethereum"
    }, 
    "values": [
      [
        1633499419, 
        "0"
      ], 
      [
        1633499434, 
        "0"
      ], 
      [
        1633499449, 
        "0"
      ], 
      [
        1633499464, 
        "1.492537313432836"
      ], 
      [
        1633499479, 
        "0"
      ], 
      [
        1633499494, 
        "0"
      ], 
      [
        1633499509, 
        "0"
      ], 
      [
        1633499524, 
        "1.5"
      ], 
      [
        1633499539, 
        "1.5"
      ], 
      [
        1633499554, 
        "0"
      ], 
      [
        1633499569, 
        "0"
      ], 
      [
        1633499584, 
        "0"
      ], 
      [
        1633499599, 
        "3"
      ], 
      [
        1633499614, 
        "1.5"
      ], 
      [
        1633499644, 
        "0"
      ], 
      [
        1633499659, 
        "1.5"
      ], 
      [
        1633499674, 
        "1.5"
      ], 
      [
        1633499689, 
        "1.5"
      ], 
      [
        1633499704, 
        "1.8716000000000002"
      ], 
      [
        1633499719, 
        "1.5"
      ]
    ]
  }, 
  "peer_stats": {
    "metric": {
      "__name__": "net_peers", 
      "job": "openethereum", 
      "instance": "172.17.0.1:3033"
    }, 
    "values": [
      [
        1633499464, 
        "21"
      ], 
      [
        1633499509, 
        "17"
      ], 
      [
        1633499524, 
        "20"
      ], 
      [
        1633499539, 
        "22"
      ], 
      [
        1633499554, 
        "22"
      ], 
      [
        1633499569, 
        "16"
      ], 
      [
        1633499584, 
        "16"
      ], 
      [
        1633499599, 
        "12"
      ], 
      [
        1633499614, 
        "10"
      ], 
      [
        1633499644, 
        "6"
      ], 
      [
        1633499659, 
        "9"
      ], 
      [
        1633499674, 
        "10"
      ], 
      [
        1633499689, 
        "10"
      ], 
      [
        1633499719, 
        "7"
      ]
    ]
  }, 
  "sync_blocks_recieved": {
    "metric": {
      "instance": "172.17.0.1:3033", 
      "job": "openethereum"
    },