{
  "stat": {
    "blockchaincache_size": {
      "max": 3994260.0, 
      "mean": 1765634.1818181819, 
      "variance": 1914001749260.6946, 
      "pvalue": 7.730319251033069e-05, 
      "min": 382588.0
    }, 
    "kvdb_bytes_read": {
      "max": 634759.8299999997, 
      "mean": 187278.41886044448, 
      "variance": 55023638760.56223, 
      "pvalue": 0.06020530750771586, 
      "min": 2767.9775413333336
    }, 
    "sync_blocks_highest": {
      "max": 2.350119999999999, 
      "mean": 0.5666666666666667, 
      "variance": 0.9629057635555556, 
      "pvalue": 0.05136768018885656, 
      "min": 0.0
    }, 
    "import_blocks": {
      "max": 1.9499999999999984, 
      "mean": 0.4, 
      "variance": 0.7400000000000002, 
      "pvalue": 0.01610481740328743, 
      "min": 0.0
    }, 
    "peer_stats": {
      "max": 10.5, 
      "mean": 4.090909090909091, 
      "variance": 16.446280991735538, 
      "pvalue": 4.4417753053346885e-09, 
      "min": 0.0
    }, 
    "sync_blocks_recieved": {
      "max": 1.9713599999999998, 
      "mean": 0.36666666666666664, 
      "variance": 0.5495724302222221, 
      "pvalue": 0.01143710040307396, 
      "min": 0.0
    }, 
    "kvdb_bytes_write": {
      "max": 466685.52999999956, 
      "mean": 110246.29333333335, 
      "variance": 42317749470.33129, 
      "pvalue": 0.005127483598935639, 
      "min": 0.0
    }
  }, 
  "blockchaincache_size": {
    "metric": {
      "__name__": "blockchaincache_size", 
      "job": "openethereum", 
      "instance": "172.17.0.1:3033"
    }, 
    "values": [
      [
        1633661588, 
        "111952"
      ], 
      [
        1633661603, 
        "653224"
      ], 
      [
        1633661618, 
        "653768"
      ], 
      [
        1633661663, 
        "1227632"
      ], 
      [
        1633661693, 
        "1227920"
      ], 
      [
        1633661708, 
        "1228464"
      ], 
      [
        1633661723, 
        "1228736"
      ], 
      [
        1633661753, 
        "1229008"
      ], 
      [
        1633661768, 
        "3872752"
      ], 
      [
        1633661843, 
        "3874264"
      ], 
      [
        1633661858, 
        "4114256"
      ]
    ]
  }, 
  "kvdb_bytes_read": {
    "metric": {
      "instance": "172.17.0.1:3033", 
      "job": "openethereum"
    }, 
    "values": [
      [
        1633661588, 
        "249988"
      ], 
      [
        1633661618, 
        "788873.3"
      ], 
      [
        1633661648, 
        "3676.123253333333"
      ], 
      [
        1633661663, 
        "6494.722639999999"
      ], 
      [
        1633661678, 
        "40958.98466666667"
      ], 
      [
        1633661693, 
        "23047.33688"
      ], 
      [
        1633661708, 
        "107452.1"
      ], 
      [
        1633661723, 
        "568711.2"
      ], 
      [
        1633661738, 
        "464150.4045066667"
      ], 
      [
        1633661753, 
        "648.97088"
      ], 
      [
        1633661768, 
        "310590"
      ], 
      [
        1633661798, 
        "65361.32781333334"
      ], 
      [
        1633661828, 
        "31761.909306666672"
      ], 
      [
        1633661843, 
        "47855.30296"
      ], 
      [
        1633661858, 
        "99606.6"
      ]
    ]
  }, 
  "sync_blocks_highest": {
    "metric": {
      "instance": "172.17.0.1:3033", 
      "job": "openethereum"
    }, 
    "values": [
      [
        1633661588, 
        "3"
      ], 
      [
        1633661618, 
        "0"
      ], 
      [
        1633661648, 
        "0"
      ], 
      [
        1633661663, 
        "0"
      ], 
      [
        1633661678, 
        "0"
      ], 
      [
        1633661693, 
        "0"
      ], 
      [
        1633661708, 
        "0"
      ], 
      [
        1633661723, 
        "0"
      ], 
      [
        1633661738, 
        "0"
      ], 
      [
        1633661753, 
        "0"
      ], 
      [
        1633661768, 
        "1.5"
      ], 
      [
        1633661798, 
        "0"
      ], 
      [
        1633661828, 
        "2.0716"
      ], 
      [
        1633661843, 
        "1.9284"
      ], 
      [
        1633661858, 
        "0"
      ]
    ]
  }, 
  "import_blocks": {
    "metric": {
      "instance": "172.17.0.1:3033", 
      "job": "openethereum"
    }, 
    "values": [
      [
        1633661588, 
        "0"
      ], 
      [
        1633661618, 
        "3"
      ], 
      [
        1633661648, 
        "0"
      ], 
      [
        1633661663, 
        "0"
      ], 
      [
        1633661678, 
        "0"
      ], 
      [
        1633661693, 
        "0"
      ], 
      [
        1633661708, 
        "1.5"
      ], 
      [
        1633661723, 
        "1.5"
      ], 
      [
        1633661738, 
        "0"
      ], 
      [
        1633661753, 
        "0"
      ], 
      [
        1633661768, 
        "0"
      ], 
      [
        1633661798, 
        "0"
      ], 
      [
        1633661828, 
        "0"
      ], 
      [
        1633661843, 
        "0"
      ], 
      [
        1633661858, 
        "0"
      ]
    ]
  }, 
  "peer_stats": {
    "metric": {
      "__name__": "net_peers", 
      "job": "openethereum", 
      "instance": "172.17.0.1:3033"
    }, 
    "values": [
      [
        1633661588, 
        "6"
      ], 
      [
        1633661603, 
        "3"
      ], 
      [
        1633661618, 
        "3"
      ], 
      [
        1633661663, 
        "1"
      ], 
      [
        1633661693, 
        "0"
      ], 
      [
        1633661708, 
        "0"
      ], 
      [
        1633661723, 
        "0"
      ], 
      [
        1633661753, 
        "2"
      ], 
      [
        1633661768, 
        "9"
      ], 
      [
        1633661843, 
        "9"
      ], 
      [
        1633661858, 
        "12"
      ]
    ]
  }, 
  "sync_blocks_recieved": {
    "metric": {
      "instance": "172.17.0.1:3033", 
      "job": "openethereum"
    }, 
    "values": [
      [
        1633661588, 
        "0"
      ], 
      [
        1633661618, 
        "0"
      ], 
      [
        1633661648, 
        "0"
      ], 
      [
        1633661663, 
        "0"
      ], 
      [
        1633661678, 
        "0"
      ], 
      [
        1633661693, 
        "0"
      ], 
      [
        1633661708, 
        "0"
      ], 
      [
        1633661723, 
        "0"
      ], 
      [
        1633661738, 
        "0"
      ], 
      [
        1633661753, 
        "0"
      ], 
      [
        1633661768, 
        "1.5"
      ], 
      [
        1633661798, 
        "0"
      ], 
      [
        1633661828, 
        "2.0716"
      ], 
      [
        1633661843, 
        "1.9284"
      ], 
      [
        1633661858, 
        "0"
      ]
    ]
  }, 
  "kvdb_bytes_write": {
    "metric": {
      "instance": "172.17.0.1:3033", 
      "job": "openethereum"
    }, 
    "values": [
      [
        1633661588, 
        "355660"
      ], 
      [
        1633661618, 
        "725745.1"
      ], 
      [
        1633661648, 
        "0"
      ], 
      [
        1633661663, 
        "0"
      ], 
      [
        1633661678, 
        "0"
      ], 
      [
        1633661693, 
        "0"
      ], 
      [
        1633661708, 
        "293968.1"
      ], 
      [
        1633661723, 
        "278321.2"
      ], 
      [
        1633661738, 
        "0"
      ], 
      [
        1633661753, 
        "0"
      ], 
      [
        1633661768, 
        "0"
      ], 
      [
        1633661798, 
        "0"
      ], 
      [
        1633661828, 
        "0"
      ], 
      [
        1633661843, 
        "0"
      ], 
      [
        1633661858, 
        "0"
      ]
    ]
  }
}