{
  "known_broadcasts": {
    "values": [
      [
        1633660275, 
        0.48100854510311913
      ], 
      [
        1633660290, 
        0.4832847909375093
      ], 
      [
        1633660305, 
        0.377690214038508
      ], 
      [
        1633660320, 
        0.3890737455212217
      ], 
      [
        1633660335, 
        0.33123010045057977
      ], 
      [
        1633660350, 
        0.25706914374297607
      ], 
      [
        1633660365, 
        0.20090121134297206
      ], 
      [
        1633660380, 
        0.1559203173461891
      ], 
      [
        1633660395, 
        0.27253237494504945
      ], 
      [
        1633660410, 
        0.26962477973174503
      ], 
      [
        1633660425, 
        0.30815690925860756
      ], 
      [
        1633660440, 
        0.3287157449755619
      ], 
      [
        1633660455, 
        0.2642497661534688
      ], 
      [
        1633660470, 
        0.3826180434673952
      ], 
      [
        1633660485, 
        0.38013782565782317
      ], 
      [
        1633660500, 
        0.3434115537197668
      ], 
      [
        1633660515, 
        0.31635171871894585
      ], 
      [
        1633660530, 
        0.34835691820460896
      ], 
      [
        1633660545, 
        0.2722432020740053
      ], 
      [
        1633660560, 
        0.21128915141410134
      ], 
      [
        1633660575, 
        0.17885240533968266
      ]
    ], 
    "name": "geth.eth/fetcher/block/broadcasts/drop.meter", 
    "columns": [
      "time", 
      "mean"
    ]
  }, 
  "memory_used": {
    "values": [
      [
        1633660275, 
        1571089488
      ], 
      [
        1633660290, 
        1728308752
      ], 
      [
        1633660305, 
        1901391016
      ], 
      [
        1633660320, 
        1564578328
      ], 
      [
        1633660335, 
        1741746992
      ], 
      [
        1633660350, 
        1936703784
      ], 
      [
        1633660365, 
        1826990984
      ], 
      [
        1633660380, 
        1755404360
      ], 
      [
        1633660395, 
        1927806976
      ], 
      [
        1633660410, 
        1595533432
      ], 
      [
        1633660425, 
        1756037888
      ], 
      [
        1633660440, 
        1950388112
      ], 
      [
        1633660455, 
        1563738464
      ], 
      [
        1633660470, 
        1774105008
      ], 
      [
        1633660485, 
        1939597024
      ], 
      [
        1633660500, 
        1555320816
      ], 
      [
        1633660515, 
        1769825064
      ], 
      [
        1633660530, 
        1957926560
      ], 
      [
        1633660545, 
        1614364600
      ], 
      [
        1633660560, 
        1786055760
      ], 
      [
        1633660575, 
        1932994592
      ]
    ], 
    "name": "geth.system/memory/used.gauge", 
    "columns": [
      "time", 
      "mean"
    ]
  }, 
  "stat": {
    "known_broadcasts": {
      "max": 0.48100854510311913, 
      "mean": 0.31203421248303986, 
      "variance": 0.007408819844474269, 
      "pvalue": 0.017045314711555896, 
      "min": 0.17885240533968266
    }, 
    "memory_used": {
      "max": 1950388112.0, 
      "mean": 1769043238.0952382, 
      "variance": 2.022126744400445e+16, 
      "pvalue": 0.027201772320894192, 
      "min": 1563738464.0
    }, 
    "disk_write": {
      "max": 23833.108155758237, 
      "mean": 14776.89705750712, 
      "variance": 22411503.91081976, 
      "pvalue": 0.0001600549953163807, 
      "min": 10130.64635266232
    }, 
    "disk_read": {
      "max": 19231913.578795355, 
      "mean": 17788498.978142686, 
      "variance": 526582705983.8538, 
      "pvalue": 0.0001812378192410049, 
      "min": 17098280.28839502
    }, 
    "traffic_egress": {
      "max": 2823.2763211539323, 
      "mean": 2770.5445187015525, 
      "variance": 4549.426182993387, 
      "pvalue": 0.23344240343865336, 
      "min": 2688.998660825941
    }, 
    "peer_stats": {
      "max": 48.0, 
      "mean": 48.023809523809526, 
      "variance": 0.05895691609977326, 
      "pvalue": 1.355662923134192e-16, 
      "min": 48.0
    }, 
    "traffic_ingress": {
      "max": 163525.1163678023, 
      "mean": 126333.10839978314, 
      "variance": 278010008.7111214, 
      "pvalue": 1.511582619255681e-13, 
      "min": 106770.27928394957
    }, 
    "known_announcements": {
      "max": 1.2743553425247285, 
      "mean": 0.8376117564917062, 
      "variance": 0.05763656546090186, 
      "pvalue": 1.0261542289380432e-14, 
      "min": 0.47487026772238816
    }
  }, 
  "disk_write": {
    "values": [
      [
        1633660275, 
        10466.573955316173
      ], 
      [
        1633660290, 
        10633.413917449107
      ], 
      [
        1633660305, 
        10082.089424732321
      ], 
      [
        1633660320, 
        10130.64635266232
      ], 
      [
        1633660335, 
        10820.494973607067
      ], 
      [
        1633660350, 
        11741.038033761142
      ], 
      [
        1633660365, 
        12356.785890279778
      ], 
      [
        1633660380, 
        13756.34217064353
      ], 
      [
        1633660395, 
        12944.512424891345
      ], 
      [
        1633660410, 
        12693.64785619477
      ], 
      [
        1633660425, 
        12658.992967627422
      ], 
      [
        1633660440, 
        13266.7425597296
      ], 
      [
        1633660455, 
        12834.690503318216
      ], 
      [
        1633660470, 
        13156.808544913172
      ], 
      [
        1633660485, 
        13752.888986714363
      ], 
      [
        1633660500, 
        14746.244977144173
      ], 
      [
        1633660515, 
        19909.49602576426
      ], 
      [
        1633660530, 
        23069.275110981285
      ], 
      [
        1633660545, 
        23833.108155758237
      ], 
      [
        1633660560, 
        23475.147696833177
      ], 
      [
        1633660575, 
        23985.897679328034
      ]
    ], 
    "name": "geth.eth/db/chaindata/disk/write.meter", 
    "columns": [
      "time", 
      "mean"
    ]
  }, 
  "disk_read": {
    "values": [
      [
        1633660275, 
        19868966.37366705
      ], 
      [
        1633660290, 
        19231913.578795355
      ], 
      [
        1633660305, 
        18847295.11118541
      ], 
      [
        1633660320, 
        18464524.00958659
      ], 
      [
        1633660335, 
        18130522.008744013
      ], 
      [
        1633660350, 
        17942982.48027902
      ], 
      [
        1633660365, 
        17804835.14724125
      ], 
      [
        1633660380, 
        17772292.90381992
      ], 
      [
        1633660395, 
        17654602.43039115
      ], 
      [
        1633660410, 
        17405165.20256635
      ], 
      [
        1633660425, 
        17342222.892679997
      ], 
      [
        1633660440, 
        17337544.629713003
      ], 
      [
        1633660455, 
        17279883.067892693
      ], 
      [
        1633660470, 
        17174355.558426157
      ], 
      [
        1633660485, 
        17098280.28839502
      ], 
      [
        1633660500, 
        17035060.08257032
      ], 
      [
        1633660515, 
        17297897.958366156
      ], 
      [
        1633660530, 
        17468682.754691005
      ], 
      [
        1633660545, 
        17487932.707894154
      ], 
      [
        1633660560, 
        17571367.062966164
      ], 
      [
        1633660575, 
        17342152.29112554
      ]
    ], 
    "name": "geth.eth/db/chaindata/disk/read.meter", 
    "columns": [
      "time", 
      "mean"
    ]
  },