{
  "known_broadcasts": {
    "values": [
      [
        1633659975, 
        0.40093360568596614
      ], 
      [
        1633659990, 
        0.33938297010767
      ], 
      [
        1633660005, 
        0.32119891290593083
      ], 
      [
        1633660020, 
        0.31531203324927276
      ], 
      [
        1633660035, 
        0.3103828774002407
      ], 
      [
        1633660050, 
        0.421071963413863
      ], 
      [
        1633660065, 
        0.43137669995916506
      ], 
      [
        1633660080, 
        0.43762831412017084
      ], 
      [
        1633660095, 
        0.44883288284244216
      ], 
      [
        1633660110, 
        0.709182212627017
      ], 
      [
        1633660125, 
        0.8343269180071109
      ], 
      [
        1633660140, 
        0.8130153915906281
      ], 
      [
        1633660155, 
        0.6753546202300127
      ], 
      [
        1633660170, 
        0.560799703637198
      ], 
      [
        1633660185, 
        0.5421512525883807
      ], 
      [
        1633660200, 
        0.6472652345284806
      ], 
      [
        1633660215, 
        0.9302179759565239
      ], 
      [
        1633660230, 
        0.8002405263422642
      ], 
      [
        1633660245, 
        0.6253931870899272
      ], 
      [
        1633660260, 
        0.6043492970794868
      ], 
      [
        1633660275, 
        0.5115706354282743
      ]
    ], 
    "name": "geth.eth/fetcher/block/broadcasts/drop.meter", 
    "columns": [
      "time", 
      "mean"
    ]
  }, 
  "memory_used": {
    "values": [
      [
        1633659975, 
        1864677992
      ], 
      [
        1633659990, 
        2025988224
      ], 
      [
        1633660005, 
        1715504932
      ], 
      [
        1633660020, 
        1969778928
      ], 
      [
        1633660035, 
        1616226744
      ], 
      [
        1633660050, 
        1862455792
      ], 
      [
        1633660065, 
        1755102624
      ], 
      [
        1633660080, 
        1954846056
      ], 
      [
        1633660095, 
        1919537368
      ], 
      [
        1633660110, 
        1562758672
      ], 
      [
        1633660125, 
        1886529112
      ], 
      [
        1633660140, 
        1677760072
      ], 
      [
        1633660155, 
        1926949372
      ], 
      [
        1633660170, 
        1666429208
      ], 
      [
        1633660185, 
        1873936584
      ], 
      [
        1633660200, 
        1562466696
      ], 
      [
        1633660215, 
        1763951924
      ], 
      [
        1633660230, 
        1991450936
      ], 
      [
        1633660245, 
        1635875324
      ], 
      [
        1633660260, 
        1871574800
      ], 
      [
        1633660275, 
        1993800744
      ]
    ], 
    "name": "geth.system/memory/used.gauge", 
    "columns": [
      "time", 
      "mean"
    ]
  }, 
  "stat": {
    "known_broadcasts": {
      "max": 0.8343269180071109, 
      "mean": 0.5561898673709537, 
      "variance": 0.033437514715752265, 
      "pvalue": 6.193914413923075e-06, 
      "min": 0.31531203324927276
    }, 
    "memory_used": {
      "max": 1993800744.0, 
      "mean": 1814171528.7619047, 
      "variance": 2.1289865488800868e+16, 
      "pvalue": 0.2979534522256097, 
      "min": 1562758672.0
    }, 
    "disk_write": {
      "max": 135838.9877755343, 
      "mean": 47390.734263729646, 
      "variance": 1772863339.9093275, 
      "pvalue": 2.9283100555775295e-08, 
      "min": 11383.963604560153
    }, 
    "disk_read": {
      "max": 37323565.30575679, 
      "mean": 24198531.137751456, 
      "variance": 40008977375129.42, 
      "pvalue": 0.034523492000182614, 
      "min": 18338005.69574496
    }, 
    "traffic_egress": {
      "max": 3864.6023294057477, 
      "mean": 3227.994632057381, 
      "variance": 215402.68353155855, 
      "pvalue": 0.03935804079931393, 
      "min": 2720.7753898988826
    }, 
    "peer_stats": {
      "max": 50.0, 
      "mean": 48.19047619047619, 
      "variance": 1.2018140589569155, 
      "pvalue": 7.982915993045557e-15, 
      "min": 47.0
    }, 
    "traffic_ingress": {
      "max": 190065.99179502937, 
      "mean": 170647.46451553397, 
      "variance": 279246805.29936683, 
      "pvalue": 0.0016285177199927407, 
      "min": 143842.43504982087
    }, 
    "known_announcements": {
      "max": 2.1316474051121648, 
      "mean": 1.5316335739100455, 
      "variance": 0.19052278616409243, 
      "pvalue": 1.3258909838239909e-05, 
      "min": 0.9071658553274504
    }
  }, 
  "disk_write": {
    "values": [
      [
        1633659975, 
        27555.455620927125
      ], 
      [
        1633659990, 
        27407.476928997254
      ], 
      [
        1633660005, 
        38171.641097400236
      ], 
      [
        1633660020, 
        39765.39854559829
      ], 
      [
        1633660035, 
        33890.27426071151
      ], 
      [
        1633660050, 
        29349.618053445683
      ], 
      [
        1633660065, 
        25632.26037389824
      ], 
      [
        1633660080, 
        173808.47417417844
      ], 
      [
        1633660095, 
        135838.9877755343
      ], 
      [
        1633660110, 
        105456.54150873232
      ], 
      [
        1633660125, 
        82444.9310408791
      ], 
      [
        1633660140, 
        64003.29068324987
      ], 
      [
        1633660155, 
        50018.988825268476
      ], 
      [
        1633660170, 
        38848.614203687845
      ], 
      [
        1633660185, 
        30393.497245703194
      ], 
      [
        1633660200, 
        23966.57433055211
      ], 
      [
        1633660215, 
        18970.48644306897
      ], 
      [
        1633660230, 
        15449.122739447062
      ], 
      [
        1633660245, 
        12665.845421835562
      ], 
      [
        1633660260, 
        11383.963604560153
      ], 
      [
        1633660275, 
        10183.976660646793
      ]
    ], 
    "name": "geth.eth/db/chaindata/disk/write.meter", 
    "columns": [
      "time", 
      "mean"
    ]
  }, 
  "disk_read": {
    "values": [
      [
        1633659975, 
        18353442.62075362
      ], 
      [
        1633659990, 
        17981173.002261702
      ], 
      [
        1633660005, 
        19016349.624565758
      ], 
      [
        1633660020, 
        19174089.06474084
      ], 
      [
        1633660035, 
        18845886.005450506
      ], 
      [
        1633660050, 
        18631405.66624914
      ], 
      [
        1633660065, 
        18338005.69574496
      ], 
      [
        1633660080, 
        22102510.943404168
      ], 
      [
        1633660095, 
        38130273.240550786
      ], 
      [
        1633660110, 
        37323565.30575679
      ], 
      [
        1633660125, 
        34404865.61242971
      ], 
      [
        1633660140, 
        31602266.87842891
      ], 
      [
        1633660155, 
        29493576.865593202
      ], 
      [
        1633660170, 
        27720510.346572142
      ], 
      [
        1633660185, 
        26058868.734479055
      ], 
      [
        1633660200, 
        24325401.60525199
      ], 
      [
        1633660215, 
        23046089.410719875
      ], 
      [
        1633660230, 
        22074271.30201063
      ], 
      [
        1633660245, 
        21241608.91333919
      ], 
      [
        1633660260, 
        20537877.107671842
      ], 
      [
        1633660275, 
        19767115.946805768
      ]
    ], 
    "name": "geth.eth/db/chaindata/disk/read.meter", 
    "columns": [
      "time", 
      "mean"
    ]
  },