{
  "known_broadcasts": {
    "values": [
      [
        1633655460, 
        0.8001465226696213
      ], 
      [
        1633655475, 
        0.9555077112719462
      ], 
      [
        1633655490, 
        1.056208701969333
      ], 
      [
        1633655505, 
        0.867364069840756
      ], 
      [
        1633655520, 
        0.9322282840658429
      ], 
      [
        1633655535, 
        1.0164636956632171
      ], 
      [
        1633655550, 
        1.2401301699591503
      ], 
      [
        1633655565, 
        1.27486099465508
      ], 
      [
        1633655580, 
        1.3772884603156543
      ], 
      [
        1633655595, 
        1.2824690248792319
      ], 
      [
        1633655610, 
        1.010042411815238
      ], 
      [
        1633655625, 
        0.959597122151763
      ], 
      [
        1633655640, 
        0.9364663880015873
      ], 
      [
        1633655655, 
        0.7392108548342442
      ], 
      [
        1633655670, 
        0.628422821835239
      ], 
      [
        1633655685, 
        0.49911208969296916
      ], 
      [
        1633655700, 
        0.5066317165889915
      ], 
      [
        1633655715, 
        0.5663498031955931
      ], 
      [
        1633655730, 
        0.6144582059300585
      ], 
      [
        1633655745, 
        0.5679882883339145
      ]
    ], 
    "name": "geth.eth/fetcher/block/broadcasts/drop.meter", 
    "columns": [
      "time", 
      "mean"
    ]
  }, 
  "memory_used": {
    "values": [
      [
        1633655460, 
        1690687488
      ], 
      [
        1633655475, 
        1720426888
      ], 
      [
        1633655490, 
        1719280840
      ], 
      [
        1633655505, 
        1858237072
      ], 
      [
        1633655520, 
        1868779032
      ], 
      [
        1633655535, 
        1638966720
      ], 
      [
        1633655550, 
        1893197592
      ], 
      [
        1633655565, 
        1627614272
      ], 
      [
        1633655580, 
        1669716672
      ], 
      [
        1633655595, 
        1985871552
      ], 
      [
        1633655610, 
        1637455768
      ], 
      [
        1633655625, 
        1801529028
      ], 
      [
        1633655640, 
        1736220280
      ], 
      [
        1633655655, 
        1820284056
      ], 
      [
        1633655670, 
        1745210040
      ], 
      [
        1633655685, 
        1646046160
      ], 
      [
        1633655700, 
        1987313960
      ], 
      [
        1633655715, 
        1867733260
      ], 
      [
        1633655730, 
        1682010384
      ], 
      [
        1633655745, 
        1795530284
      ]
    ], 
    "name": "geth.system/memory/used.gauge", 
    "columns": [
      "time", 
      "mean"
    ]
  }, 
  "stat": {
    "known_broadcasts": {
      "max": 1.287209996651053, 
      "mean": 0.8915473668834716, 
      "variance": 0.07085620283078349, 
      "pvalue": 4.2733138385801737e-13, 
      "min": 0.5062557352441904
    }, 
    "memory_used": {
      "max": 1985943672.4, 
      "mean": 1769605567.4, 
      "variance": 1.207602619131857e+16, 
      "pvalue": 0.011854727482168717, 
      "min": 1636963693.2
    }, 
    "disk_write": {
      "max": 141277.4598100535, 
      "mean": 47682.20567737878, 
      "variance": 1984034734.592235, 
      "pvalue": 5.527326500507343e-08, 
      "min": 14528.915040196443
    }, 
    "disk_read": {
      "max": 50792985.64204386, 
      "mean": 32237863.254234307, 
      "variance": 164705922123731.3, 
      "pvalue": 0.002893037921392666, 
      "min": 17943208.36811134
    }, 
    "traffic_egress": {
      "max": 330477.71759420977, 
      "mean": 106665.10020721777, 
      "variance": 11627380298.711203, 
      "pvalue": 3.7785457336916e-14, 
      "min": 10089.06434203784
    }, 
    "peer_stats": {
      "max": 46.1, 
      "mean": 44.925, 
      "variance": 1.2818750000000012, 
      "pvalue": 6.386837457286858e-16, 
      "min": 43.9
    }, 
    "traffic_ingress": {
      "max": 277873.0448060406, 
      "mean": 203858.30498015758, 
      "variance": 1002985277.6152496, 
      "pvalue": 0.06635544104025948, 
      "min": 178921.7824546688
    }, 
    "known_announcements": {
      "max": 3.2407107330684304, 
      "mean": 2.31991270150043, 
      "variance": 0.32788356791392104, 
      "pvalue": 0.06085307429989609, 
      "min": 1.3273344213609923
    }
  }, 
  "disk_write": {
    "values": [
      [
        1633655460, 
        21941.64471642552
      ], 
      [
        1633655475, 
        22042.426430095486
      ], 
      [
        1633655490, 
        22690.36706437969
      ], 
      [
        1633655505, 
        23019.68581729925
      ], 
      [
        1633655520, 
        23318.1815016272
      ], 
      [
        1633655535, 
        24080.39487130802
      ], 
      [
        1633655550, 
        23475.009157324916
      ], 
      [
        1633655565, 
        25803.100503615497
      ], 
      [
        1633655580, 
        178255.80295335955
      ], 
      [
        1633655595, 
        139331.23122356366
      ], 
      [
        1633655610, 
        108135.5838692571
      ], 
      [
        1633655625, 
        84521.13247298826
      ], 
      [
        1633655640, 
        65608.65638138569
      ], 
      [
        1633655655, 
        51284.69006936005
      ], 
      [
        1633655670, 
        39802.27444703907
      ], 
      [
        1633655685, 
        31105.736900926895
      ], 
      [
        1633655700, 
        24141.299778425902
      ], 
      [
        1633655715, 
        18911.703979305465
      ], 
      [
        1633655730, 
        14689.061633002253
      ], 
      [
        1633655745, 
        11486.129776886062
      ]
    ], 
    "name": "geth.eth/db/chaindata/disk/write.meter", 
    "columns": [
      "time", 
      "mean"
    ]
  }, 
  "disk_read": {
    "values": [
      [
        1633655460, 
        17946742.873453267
      ], 
      [
        1633655475, 
        18289299.45210295
      ], 
      [
        1633655490, 
        17876052.766614717
      ], 
      [
        1633655505, 
        18552158.47752261
      ], 
      [
        1633655520, 
        17979667.83219375
      ], 
      [
        1633655535, 
        18609294.399434417
      ], 
      [
        1633655550, 
        18424476.984189123
      ], 
      [
        1633655565, 
        19161976.7715282
      ], 
      [
        1633655580, 
        26059498.440165713
      ], 
      [
        1633655595, 
        45766497.8821152
      ], 
      [
        1633655610, 
        47247791.140884824
      ], 
      [
        1633655625, 
        51577399.2220567
      ], 
      [
        1633655640, 
        48936046.49285632
      ], 
      [
        1633655655, 
        50751700.71678002
      ], 
      [
        1633655670, 
        45489639.35820634
      ], 
      [
        1633655685, 
        41485080.45099995
      ], 
      [
        1633655700, 
        37640323.57589063
      ], 
      [
        1633655715, 
        36158538.01329436
      ], 
      [
        1633655730, 
        33872783.12797559
      ], 
      [
        1633655745, 
        32932297.106421575
      ]
    ], 
    "name": "geth.eth/db/chaindata/disk/read.meter", 
    "columns": [
      "time", 
      "mean"
    ]
  },