{
  "known_broadcasts": {
    "values": [
      [
        1633497660, 
        0.8628649627768917
      ], 
      [
        1633497675, 
        0.7303994220390589
      ], 
      [
        1633497690, 
        0.7140003400815533
      ], 
      [
        1633497705, 
        0.898623684018869
      ], 
      [
        1633497720, 
        1.0238644244880277
      ], 
      [
        1633497735, 
        1.0002490948095009
      ], 
      [
        1633497750, 
        1.4378130871532164
      ], 
      [
        1633497765, 
        1.4152466988674426
      ], 
      [
        1633497780, 
        1.3625901863618037
      ], 
      [
        1633497795, 
        1.0943235015977117
      ], 
      [
        1633497810, 
        1.0160954930893942
      ], 
      [
        1633497825, 
        1.175331823039322
      ], 
      [
        1633497840, 
        0.9728623450978306
      ], 
      [
        1633497855, 
        0.7550427623995404
      ], 
      [
        1633497870, 
        0.590070839981767
      ], 
      [
        1633497885, 
        0.7298055750497433
      ], 
      [
        1633497900, 
        1.2687677049185329
      ], 
      [
        1633497915, 
        1.329056698706703
      ], 
      [
        1633497930, 
        1.0386664724749315
      ], 
      [
        1633497945, 
        0.9820159240775602
      ], 
      [
        1633497960, 
        0.8606836091787072
      ]
    ], 
    "name": "geth.eth/fetcher/block/broadcasts/drop.meter", 
    "columns": [
      "time", 
      "mean"
    ]
  }, 
  "memory_used": {
    "values": [
      [
        1633497660, 
        1571100784
      ], 
      [
        1633497675, 
        1689553200
      ], 
      [
        1633497690, 
        1896172184
      ], 
      [
        1633497705, 
        1553043240
      ], 
      [
        1633497720, 
        1736867160
      ], 
      [
        1633497735, 
        1927348216
      ], 
      [
        1633497750, 
        1602310296
      ], 
      [
        1633497765, 
        1790046456
      ], 
      [
        1633497780, 
        1717586164
      ], 
      [
        1633497795, 
        1634246936
      ], 
      [
        1633497810, 
        1810147656
      ], 
      [
        1633497825, 
        1475241320
      ], 
      [
        1633497840, 
        1656356640
      ], 
      [
        1633497855, 
        1821877400
      ], 
      [
        1633497870, 
        1735080184
      ], 
      [
        1633497885, 
        1667965304
      ], 
      [
        1633497900, 
        1855061840
      ], 
      [
        1633497915, 
        1529938088
      ], 
      [
        1633497930, 
        1741958892
      ], 
      [
        1633497945, 
        1947287344
      ], 
      [
        1633497960, 
        1541621880
      ]
    ], 
    "name": "geth.system/memory/used.gauge", 
    "columns": [
      "time", 
      "mean"
    ]
  }, 
  "stat": {
    "known_broadcasts": {
      "max": 1.4152466988674426, 
      "mean": 1.0123035547718149, 
      "variance": 0.058093452984647985, 
      "pvalue": 3.919756419365896e-06, 
      "min": 0.7140003400815533
    }, 
    "memory_used": {
      "max": 1927348216.0, 
      "mean": 1709562437.3333333, 
      "variance": 1.7754265962300898e+16, 
      "pvalue": 5.4301267084373214e-05, 
      "min": 1529938088.0
    }, 
    "disk_write": {
      "max": 23343.44885342811, 
      "mean": 6613.955283612085, 
      "variance": 59437503.82413842, 
      "pvalue": 0.00017805332388007755, 
      "min": 897.0743516474058
    }, 
    "disk_read": {
      "max": 28445458.679544505, 
      "mean": 19871288.18070623, 
      "variance": 16283304202438.596, 
      "pvalue": 0.6686385201163395, 
      "min": 16439450.120306287
    }, 
    "traffic_egress": {
      "max": 140067.15463266286, 
      "mean": 39673.45559060662, 
      "variance": 2164166707.6528025, 
      "pvalue": 1.0507418151924978e-08, 
      "min": 4200.362158358108
    }, 
    "peer_stats": {
      "max": 39.5, 
      "mean": 37.476190476190474, 
      "variance": 2.6303854875283443, 
      "pvalue": 1.6526653304976648e-19, 
      "min": 35.0
    }, 
    "traffic_ingress": {
      "max": 108742.90509420927, 
      "mean": 89009.79018700046, 
      "variance": 156942486.38963965, 
      "pvalue": 9.071774814699397e-18, 
      "min": 74399.876815022
    }, 
    "known_announcements": {
      "max": 1.7104560748240327, 
      "mean": 1.2115238030615154, 
      "variance": 0.08332234291984267, 
      "pvalue": 8.088842263947851e-07, 
      "min": 0.7841446141393783
    }
  }, 
  "disk_write": {
    "values": [
      [
        1633497660, 
        27577.026375193924
      ], 
      [
        1633497675, 
        23343.44885342811
      ], 
      [
        1633497690, 
        18254.971693046587
      ], 
      [
        1633497705, 
        14192.689123832264
      ], 
      [
        1633497720, 
        11102.776542076554
      ], 
      [
        1633497735, 
        8640.350979502764
      ], 
      [
        1633497750, 
        6787.923372500796
      ], 
      [
        1633497765, 
        5293.062281307849
      ], 
      [
        1633497780, 
        4148.624575875974
      ], 
      [
        1633497795, 
        3219.765854554712
      ], 
      [
        1633497810, 
        2528.736881292798
      ], 
      [
        1633497825, 
        1985.8690847614826
      ], 
      [
        1633497840, 
        1551.969633103981
      ], 
      [
        1633497855, 
        1204.490486083306
      ], 
      [
        1633497870, 
        941.3171654205314
      ], 
      [
        1633497885, 
        755.8743474700545
      ], 
      [
        1633497900, 
        897.0743516474058
      ], 
      [
        1633497915, 
        1211.6112590582438
      ], 
      [
        1633497930, 
        1742.3708626867099
      ], 
      [
        1633497945, 
        1791.1184613389948
      ], 
      [
        1633497960, 
        1721.9887716707206
      ]
    ], 
    "name": "geth.eth/db/chaindata/disk/write.meter", 
    "columns": [
      "time", 
      "mean"
    ]
  }, 
  "disk_read": {
    "values": [
      [
        1633497660, 
        30824692.744449273
      ], 
      [
        1633497675, 
        28445458.679544505
      ], 
      [
        1633497690, 
        26186689.125308603
      ], 
      [
        1633497705, 
        23587778.17131943
      ], 
      [
        1633497720, 
        22276043.404773086
      ], 
      [
        1633497735, 
        20624147.980314568
      ], 
      [
        1633497750, 
        19947237.76541254
      ], 
      [
        1633497765, 
        18725878.829491746
      ], 
      [
        1633497780, 
        18420438.66692242
      ], 
      [
        1633497795, 
        17453075.56807605
      ], 
      [
        1633497810, 
        17495133.073395982
      ], 
      [
        1633497825, 
        16729641.657170853
      ], 
      [
        1633497840, 
        16932468.884223364
      ], 
      [
        1633497855, 
        16314211.323642556
      ], 
      [
        1633497870, 
        17058074.765670165
      ], 
      [
        1633497885, 
        16439450.120306287
      ], 
      [
        1633497900, 
        16857987.446074627
      ], 
      [
        1633497915, 
        16987832.958139658
      ], 
      [
        1633497930, 
        18321810.655540533
      ], 
      [
        1633497945, 
        18244157.39684156
      ], 
      [
        1633497960, 
        19424842.57821298
      ]
    ], 
    "name": "geth.eth/db/chaindata/disk/read.meter", 
    "columns": [
      "time", 
      "mean"
    ]
  },