{
  "known_broadcasts": {
    "values": [
      [
        1633497360, 
        0.5852801494280032
      ], 
      [
        1633497375, 
        0.5913756528768646
      ], 
      [
        1633497390, 
        0.6457387315567368
      ], 
      [
        1633497405, 
        0.7091422802684597
      ], 
      [
        1633497420, 
        0.7570935687528152
      ], 
      [
        1633497435, 
        0.7887216994733521
      ], 
      [
        1633497450, 
        0.6752413006062109
      ], 
      [
        1633497465, 
        0.689952868226374
      ], 
      [
        1633497480, 
        0.6718080409874105
      ], 
      [
        1633497495, 
        0.5287239875320809
      ], 
      [
        1633497510, 
        0.5854555608790539
      ], 
      [
        1633497525, 
        0.659905389333521
      ], 
      [
        1633497540, 
        0.727850244534971
      ], 
      [
        1633497555, 
        0.8609190968208367
      ], 
      [
        1633497570, 
        0.808646047641929
      ], 
      [
        1633497585, 
        0.8022174774186627
      ], 
      [
        1633497600, 
        0.8846331759633943
      ], 
      [
        1633497615, 
        0.72087716131661
      ], 
      [
        1633497630, 
        0.7275492312321642
      ], 
      [
        1633497645, 
        0.7424832058722811
      ], 
      [
        1633497660, 
        0.9483208062917884
      ]
    ], 
    "name": "geth.eth/fetcher/block/broadcasts/drop.meter", 
    "columns": [
      "time", 
      "mean"
    ]
  }, 
  "memory_used": {
    "values": [
      [
        1633497360, 
        1682989432
      ], 
      [
        1633497375, 
        1798210376
      ], 
      [
        1633497390, 
        1725288448
      ], 
      [
        1633497405, 
        1667723656
      ], 
      [
        1633497420, 
        1657067040
      ], 
      [
        1633497435, 
        1658893128
      ], 
      [
        1633497450, 
        1911991720
      ], 
      [
        1633497465, 
        1574258216
      ], 
      [
        1633497480, 
        1812165504
      ], 
      [
        1633497495, 
        1494065944
      ], 
      [
        1633497510, 
        1694651308
      ], 
      [
        1633497525, 
        1922063400
      ], 
      [
        1633497540, 
        1591532356
      ], 
      [
        1633497555, 
        1794073672
      ], 
      [
        1633497570, 
        1929259220
      ], 
      [
        1633497585, 
        1573884640
      ], 
      [
        1633497600, 
        1922976700
      ], 
      [
        1633497615, 
        1784627488
      ], 
      [
        1633497630, 
        1736896316
      ], 
      [
        1633497645, 
        1704118536
      ], 
      [
        1633497660, 
        1882770656
      ]
    ], 
    "name": "geth.system/memory/used.gauge", 
    "columns": [
      "time", 
      "mean"
    ]
  }, 
  "stat": {
    "known_broadcasts": {
      "max": 0.8846331759633943, 
      "mean": 0.7196159846196915, 
      "variance": 0.01068028066535133, 
      "pvalue": 0.06667159500354741, 
      "min": 0.5852801494280032
    }, 
    "memory_used": {
      "max": 1922976700.0, 
      "mean": 1739024178.857143, 
      "variance": 1.5666394223821918e+16, 
      "pvalue": 0.0002534960424865194, 
      "min": 1573884640.0
    }, 
    "disk_write": {
      "max": 104465.55793301384, 
      "mean": 36298.07666054893, 
      "variance": 1008592439.4378644, 
      "pvalue": 1.8163008239109742e-08, 
      "min": 16710.23432611031
    }, 
    "disk_read": {
      "max": 39574767.1159215, 
      "mean": 24926789.908011038, 
      "variance": 66766389409866.71, 
      "pvalue": 0.00010607781646195078, 
      "min": 18371642.80593203
    }, 
    "traffic_egress": {
      "max": 129908.8350461441, 
      "mean": 43144.78744093974, 
      "variance": 2506690795.168252, 
      "pvalue": 1.0356047081622192e-15, 
      "min": 7924.5403523497425
    }, 
    "peer_stats": {
      "max": 39.0, 
      "mean": 35.95238095238095, 
      "variance": 4.092970521541949, 
      "pvalue": 1.6526653304976648e-19, 
      "min": 33.0
    }, 
    "traffic_ingress": {
      "max": 147884.19072186376, 
      "mean": 94290.73791581343, 
      "variance": 828481516.3478292, 
      "pvalue": 6.857637241404732e-14, 
      "min": 69219.17381993422
    }, 
    "known_announcements": {
      "max": 1.2004403445684328, 
      "mean": 0.8550521221305912, 
      "variance": 0.050372131531362364, 
      "pvalue": 5.230493046744238e-15, 
      "min": 0.48767085059586013
    }
  }, 
  "disk_write": {
    "values": [
      [
        1633497360, 
        18795.821862308207
      ], 
      [
        1633497375, 
        17577.826807151094
      ], 
      [
        1633497390, 
        17790.914526461485
      ], 
      [
        1633497405, 
        23128.371028753554
      ], 
      [
        1633497420, 
        21704.852886714933
      ], 
      [
        1633497435, 
        20697.295541684183
      ], 
      [
        1633497450, 
        18907.73632334763
      ], 
      [
        1633497465, 
        18246.997795114192
      ], 
      [
        1633497480, 
        19050.91599043087
      ], 
      [
        1633497495, 
        17618.456593629
      ], 
      [
        1633497510, 
        17663.451782557204
      ], 
      [
        1633497525, 
        16941.390511480688
      ], 
      [
        1633497540, 
        16710.23432611031
      ], 
      [
        1633497555, 
        15579.693351576918
      ], 
      [
        1633497570, 
        131734.82758294334
      ], 
      [
        1633497585, 
        104465.55793301384
      ], 
      [
        1633497600, 
        81669.75971954773
      ], 
      [
        1633497615, 
        63389.70413150613
      ], 
      [
        1633497630, 
        49551.52884015933
      ], 
      [
        1633497645, 
        38470.0651945229
      ], 
      [
        1633497660, 
        32564.20714251413
      ]
    ], 
    "name": "geth.eth/db/chaindata/disk/write.meter", 
    "columns": [
      "time", 
      "mean"
    ]
  }, 
  "disk_read": {
    "values": [
      [
        1633497360, 
        18897215.340824682
      ], 
      [
        1633497375, 
        18402883.622116636
      ], 
      [
        1633497390, 
        18371642.80593203
      ], 
      [
        1633497405, 
        18100430.791238174
      ], 
      [
        1633497420, 
        18831514.268986546
      ], 
      [
        1633497435, 
        19346790.078079898
      ], 
      [
        1633497450, 
        21081639.741057552
      ], 
      [
        1633497465, 
        20085203.93383305
      ], 
      [
        1633497480, 
        21030979.622067958
      ], 
      [
        1633497495, 
        20413601.8639892
      ], 
      [
        1633497510, 
        20322475.681074634
      ], 
      [
        1633497525, 
        19809283.011968307
      ], 
      [
        1633497540, 
        19887096.156568117
      ], 
      [
        1633497555, 
        19045173.989136126
      ], 
      [
        1633497570, 
        24549081.64503515
      ], 
      [
        1633497585, 
        39680489.76274277
      ], 
      [
        1633497600, 
        38621005.295601964
      ], 
      [
        1633497615, 
        39574767.1159215
      ], 
      [
        1633497630, 
        38050558.72986549
      ], 
      [
        1633497645, 
        35618182.939563334
      ], 
      [
        1633497660, 
        33742571.67262873
      ]
    ], 
    "name": "geth.eth/db/chaindata/disk/read.meter", 
    "columns": [
      "time", 
      "mean"
    ]
  },