{
  "known_broadcasts": {
    "values": [
      [
        1633498260, 
        0.9229727773874699
      ], 
      [
        1633498275, 
        0.7812795886300262
      ], 
      [
        1633498290, 
        0.6105750906854989
      ], 
      [
        1633498305, 
        0.6075614449678548
      ], 
      [
        1633498320, 
        0.5990982833955965
      ], 
      [
        1633498335, 
        0.4717074851520827
      ], 
      [
        1633498350, 
        0.43260694240595976
      ], 
      [
        1633498365, 
        0.3943945590714147
      ], 
      [
        1633498380, 
        0.4534975726716022
      ], 
      [
        1633498395, 
        0.5815995919940173
      ], 
      [
        1633498410, 
        0.6596304231599545
      ], 
      [
        1633498425, 
        0.5846639468042093
      ], 
      [
        1633498440, 
        0.47050190133415537
      ], 
      [
        1633498455, 
        0.6600397739867281
      ], 
      [
        1633498470, 
        0.6678650468027558
      ], 
      [
        1633498485, 
        0.6178301419006198
      ], 
      [
        1633498500, 
        0.5173609841678813
      ], 
      [
        1633498515, 
        0.4082708062519802
      ], 
      [
        1633498530, 
        0.31906629608570347
      ], 
      [
        1633498545, 
        0.2476287614574224
      ], 
      [
        1633498560, 
        0.20961322113100536
      ]
    ], 
    "name": "geth.eth/fetcher/block/broadcasts/drop.meter", 
    "columns": [
      "time", 
      "mean"
    ]
  }, 
  "memory_used": {
    "values": [
      [
        1633498260, 
        1589277432
      ], 
      [
        1633498275, 
        1725383560
      ], 
      [
        1633498290, 
        1663691560
      ], 
      [
        1633498305, 
        1586721024
      ], 
      [
        1633498320, 
        1784761724
      ], 
      [
        1633498335, 
        1502126856
      ], 
      [
        1633498350, 
        1827507312
      ], 
      [
        1633498365, 
        1547435072
      ], 
      [
        1633498380, 
        1747379224
      ], 
      [
        1633498395, 
        1929594024
      ], 
      [
        1633498410, 
        1545834640
      ], 
      [
        1633498425, 
        1700777832
      ], 
      [
        1633498440, 
        1867614812
      ], 
      [
        1633498455, 
        1491367864
      ], 
      [
        1633498470, 
        1660848608
      ], 
      [
        1633498485, 
        1827518912
      ], 
      [
        1633498500, 
        1736478104
      ], 
      [
        1633498515, 
        1645692888
      ], 
      [
        1633498530, 
        1827560116
      ], 
      [
        1633498545, 
        1552981560
      ], 
      [
        1633498560, 
        1658183424
      ]
    ], 
    "name": "geth.system/memory/used.gauge", 
    "columns": [
      "time", 
      "mean"
    ]
  }, 
  "stat": {
    "known_broadcasts": {
      "max": 0.7812795886300262, 
      "mean": 0.5341792685449495, 
      "variance": 0.02776608464038243, 
      "pvalue": 0.0007673931236417216, 
      "min": 0.2476287614574224
    }, 
    "memory_used": {
      "max": 1867614812.0, 
      "mean": 1686606502.2857144, 
      "variance": 1.5295997905025418e+16, 
      "pvalue": 2.9061230032834538e-06, 
      "min": 1502126856.0
    }, 
    "disk_write": {
      "max": 24055.46567524898, 
      "mean": 18576.581784890863, 
      "variance": 9319661.252283461, 
      "pvalue": 2.073240952702994e-06, 
      "min": 13654.58986868072
    }, 
    "disk_read": {
      "max": 19106266.838918425, 
      "mean": 16853869.15866583, 
      "variance": 1695962701264.5562, 
      "pvalue": 0.007091525358906667, 
      "min": 15336738.564631589
    }, 
    "traffic_egress": {
      "max": 127063.24341564388, 
      "mean": 50230.8103664179, 
      "variance": 1340557792.7163208, 
      "pvalue": 4.3944675459984914e-16, 
      "min": 14030.403488784435
    }, 
    "peer_stats": {
      "max": 41.5, 
      "mean": 40.23809523809524, 
      "variance": 1.2052154195011338, 
      "pvalue": 1.6526653304976648e-19, 
      "min": 39.0
    }, 
    "traffic_ingress": {
      "max": 300946.7570987657, 
      "mean": 154279.86071992558, 
      "variance": 6327456870.330636, 
      "pvalue": 2.6641460621657475e-06, 
      "min": 93038.0212653222
    }, 
    "known_announcements": {
      "max": 1.2630794867663413, 
      "mean": 0.920269140972642, 
      "variance": 0.05873253719525493, 
      "pvalue": 6.459518321937661e-13, 
      "min": 0.5432702874045101
    }
  }, 
  "disk_write": {
    "values": [
      [
        1633498260, 
        19344.39763236329
      ], 
      [
        1633498275, 
        19676.42437959612
      ], 
      [
        1633498290, 
        19696.077743932503
      ], 
      [
        1633498305, 
        17839.31784637961
      ], 
      [
        1633498320, 
        17885.415684816762
      ], 
      [
        1633498335, 
        17252.524995942702
      ], 
      [
        1633498350, 
        16210.768261290137
      ], 
      [
        1633498365, 
        15307.164765589461
      ], 
      [
        1633498380, 
        14858.784864824527
      ], 
      [
        1633498395, 
        13654.58986868072
      ], 
      [
        1633498410, 
        13042.759486711526
      ], 
      [
        1633498425, 
        20877.827420806938
      ], 
      [
        1633498440, 
        19679.770954550113
      ], 
      [
        1633498455, 
        18004.44010016609
      ], 
      [
        1633498470, 
        18109.66524424608
      ], 
      [
        1633498485, 
        19251.594768580093
      ], 
      [
        1633498500, 
        17804.530187027904
      ], 
      [
        1633498515, 
        19690.636793035563
      ], 
      [
        1633498530, 
        21911.092696014486
      ], 
      [
        1633498545, 
        24055.46567524898
      ], 
      [
        1633498560, 
        25954.968112904506
      ]
    ], 
    "name": "geth.eth/db/chaindata/disk/write.meter", 
    "columns": [
      "time", 
      "mean"
    ]
  }, 
  "disk_read": {
    "values": [
      [
        1633498260, 
        19106266.838918425
      ], 
      [
        1633498275, 
        18970494.324646506
      ], 
      [
        1633498290, 
        19367017.305476174
      ], 
      [
        1633498305, 
        18287411.22554509
      ], 
      [
        1633498320, 
        18394380.21353991
      ], 
      [
        1633498335, 
        17758254.92480367
      ], 
      [
        1633498350, 
        17599212.383231163
      ], 
      [
        1633498365, 
        16824871.78424821
      ], 
      [
        1633498380, 
        17027592.508260448
      ], 
      [
        1633498395, 
        16305118.706553198
      ], 
      [
        1633498410, 
        16110748.504711622
      ], 
      [
        1633498425, 
        15410569.173152415
      ], 
      [
        1633498440, 
        15749490.512307294
      ], 
      [
        1633498455, 
        15262403.904913003
      ], 
      [
        1633498470, 
        15607091.105580734
      ], 
      [
        1633498485, 
        15336738.564631589
      ], 
      [
        1633498500, 
        15742111.540904064
      ], 
      [
        1633498515, 
        15632463.986887662
      ], 
      [
        1633498530, 
        16448584.09261614
      ], 
      [
        1633498545, 
        16164431.235715052
      ], 
      [
        1633498560, 
        16825999.495340094
      ]
    ], 
    "name": "geth.eth/db/chaindata/disk/read.meter", 
    "columns": [
      "time", 
      "mean"
    ]
  },