{
  "known_broadcasts": {
    "values": [
      [
        1633498560, 
        0.3053626975759339
      ], 
      [
        1633498575, 
        0.2584839429613275
      ], 
      [
        1633498590, 
        0.20200688615339607
      ], 
      [
        1633498605, 
        0.1567784364494567
      ], 
      [
        1633498620, 
        0.3272373507072051
      ], 
      [
        1633498635, 
        0.46464458260658636
      ], 
      [
        1633498650, 
        0.40564102969420923
      ], 
      [
        1633498665, 
        0.4760206357561814
      ], 
      [
        1633498680, 
        0.4199865806408882
      ], 
      [
        1633498695, 
        0.5612012337457187
      ], 
      [
        1633498710, 
        0.6048531063451092
      ], 
      [
        1633498725, 
        0.6974321463596642
      ], 
      [
        1633498740, 
        0.6384206212681396
      ], 
      [
        1633498755, 
        0.6521297209719695
      ], 
      [
        1633498770, 
        0.618309357135536
      ], 
      [
        1633498785, 
        0.4798726226598408
      ], 
      [
        1633498800, 
        0.49340645404355404
      ], 
      [
        1633498815, 
        0.3896795896341387
      ], 
      [
        1633498830, 
        0.30453713912628916
      ], 
      [
        1633498845, 
        0.23635261857734252
      ], 
      [
        1633498860, 
        0.3177684758376969
      ]
    ], 
    "name": "geth.eth/fetcher/block/broadcasts/drop.meter", 
    "columns": [
      "time", 
      "mean"
    ]
  }, 
  "memory_used": {
    "values": [
      [
        1633498560, 
        1818452136
      ], 
      [
        1633498575, 
        1934004840
      ], 
      [
        1633498590, 
        1629440256
      ], 
      [
        1633498605, 
        1872811016
      ], 
      [
        1633498620, 
        1825201888
      ], 
      [
        1633498635, 
        1769302824
      ], 
      [
        1633498650, 
        1763337024
      ], 
      [
        1633498665, 
        1795477456
      ], 
      [
        1633498680, 
        1868486124
      ], 
      [
        1633498695, 
        1572205440
      ], 
      [
        1633498710, 
        1685358764
      ], 
      [
        1633498725, 
        1476973280
      ], 
      [
        1633498740, 
        1720539128
      ], 
      [
        1633498755, 
        1991129728
      ], 
      [
        1633498770, 
        1656005620
      ], 
      [
        1633498785, 
        1607316008
      ], 
      [
        1633498800, 
        1861504428
      ], 
      [
        1633498815, 
        1537688328
      ], 
      [
        1633498830, 
        1728786752
      ], 
      [
        1633498845, 
        1910407864
      ], 
      [
        1633498860, 
        1507603808
      ]
    ], 
    "name": "geth.system/memory/used.gauge", 
    "columns": [
      "time", 
      "mean"
    ]
  }, 
  "stat": {
    "known_broadcasts": {
      "max": 0.6521297209719695, 
      "mean": 0.4290535822976278, 
      "variance": 0.02417401318770546, 
      "pvalue": 5.865732820184694e-06, 
      "min": 0.20200688615339607
    }, 
    "memory_used": {
      "max": 1934004840.0, 
      "mean": 1739620605.3333333, 
      "variance": 2.0437880263916788e+16, 
      "pvalue": 0.001457476222252958, 
      "min": 1507603808.0
    }, 
    "disk_write": {
      "max": 70086.62110427597, 
      "mean": 28873.596985984845, 
      "variance": 513860481.83007383, 
      "pvalue": 0.0012393778715161364, 
      "min": 4487.779484191817
    }, 
    "disk_read": {
      "max": 39614489.58303979, 
      "mean": 28035378.526436467, 
      "variance": 75533747676157.67, 
      "pvalue": 0.00019602313540260675, 
      "min": 16507279.197559718
    }, 
    "traffic_egress": {
      "max": 73109.47038300813, 
      "mean": 23018.923068735592, 
      "variance": 552420829.2354848, 
      "pvalue": 1.4318225891782754e-07, 
      "min": 3440.361963529193
    }, 
    "peer_stats": {
      "max": 43.0, 
      "mean": 41.45238095238095, 
      "variance": 0.9024943310657593, 
      "pvalue": 1.6526653304976648e-19, 
      "min": 40.0
    }, 
    "traffic_ingress": {
      "max": 191241.7897413514, 
      "mean": 122389.78465974593, 
      "variance": 991066764.5482527, 
      "pvalue": 4.946147942241948e-10, 
      "min": 91368.63423881792
    }, 
    "known_announcements": {
      "max": 1.162193047016167, 
      "mean": 0.8313294172367501, 
      "variance": 0.06288766513429966, 
      "pvalue": 2.906850279546571e-14, 
      "min": 0.48549156284757
    }
  }, 
  "disk_write": {
    "values": [
      [
        1633498560, 
        25999.409377674612
      ], 
      [
        1633498575, 
        24335.186991137987
      ], 
      [
        1633498590, 
        24223.66984830785
      ], 
      [
        1633498605, 
        23325.554052083007
      ], 
      [
        1633498620, 
        25116.584685710477
      ], 
      [
        1633498635, 
        24011.666758164483
      ], 
      [
        1633498650, 
        64767.47571825042
      ], 
      [
        1633498665, 
        89681.42877126008
      ], 
      [
        1633498680, 
        70086.62110427597
      ], 
      [
        1633498695, 
        54431.66996316845
      ], 
      [
        1633498710, 
        42538.70484726426
      ], 
      [
        1633498725, 
        33037.60480167475
      ], 
      [
        1633498740, 
        25836.517554001395
      ], 
      [
        1633498755, 
        20057.751328931416
      ], 
      [
        1633498770, 
        15698.422786537754
      ], 
      [
        1633498785, 
        12183.615252239437
      ], 
      [
        1633498800, 
        9533.636633437998
      ], 
      [
        1633498815, 
        7399.097493798697
      ], 
      [
        1633498830, 
        5782.442916739681
      ], 
      [
        1633498845, 
        4487.779484191817
      ], 
      [
        1633498860, 
        3810.696336831227
      ]
    ], 
    "name": "geth.eth/db/chaindata/disk/write.meter", 
    "columns": [
      "time", 
      "mean"
    ]
  }, 
  "disk_read": {
    "values": [
      [
        1633498560, 
        16507279.197559718
      ], 
      [
        1633498575, 
        16045961.500284523
      ], 
      [
        1633498590, 
        17722866.34784399
      ], 
      [
        1633498605, 
        18189216.47012409
      ], 
      [
        1633498620, 
        18665692.003002446
      ], 
      [
        1633498635, 
        18163044.46144482
      ], 
      [
        1633498650, 
        18942517.045002814
      ], 
      [
        1633498665, 
        32270807.821593355
      ], 
      [
        1633498680, 
        39502755.655167006
      ], 
      [
        1633498695, 
        35176462.55907431
      ], 
      [
        1633498710, 
        39922313.05359192
      ], 
      [
        1633498725, 
        35834854.19795768
      ], 
      [
        1633498740, 
        38238334.9737847
      ], 
      [
        1633498755, 
        37812644.87287961
      ], 
      [
        1633498770, 
        39614489.58303979
      ], 
      [
        1633498785, 
        34449393.76852154
      ], 
      [
        1633498800, 
        31343073.822919853
      ], 
      [
        1633498815, 
        27887056.173838217
      ], 
      [
        1633498830, 
        25896747.338535924
      ], 
      [
        1633498845, 
        23468418.715809353
      ], 
      [
        1633498860, 
        23089019.493190005
      ]
    ], 
    "name": "geth.eth/db/chaindata/disk/read.meter", 
    "columns": [
      "time", 
      "mean"
    ]
  },