{
  "known_broadcasts": {
    "values": [
      [
        1633655160, 
        0.925886364191622
      ], 
      [
        1633655175, 
        0.9233828588279898
      ], 
      [
        1633655190, 
        0.9486330447411333
      ], 
      [
        1633655205, 
        0.7561265601203276
      ], 
      [
        1633655220, 
        0.586833162526713
      ], 
      [
        1633655235, 
        0.6575279691838305
      ], 
      [
        1633655250, 
        0.9012600539872503
      ], 
      [
        1633655265, 
        0.7474511280243218
      ], 
      [
        1633655280, 
        0.6978004249463656
      ], 
      [
        1633655295, 
        0.8156255469728039
      ], 
      [
        1633655310, 
        1.036834297186182
      ], 
      [
        1633655325, 
        1.0125358031454377
      ], 
      [
        1633655340, 
        1.0209377140333282
      ], 
      [
        1633655355, 
        1.097392322061445
      ], 
      [
        1633655370, 
        0.912979120841554
      ], 
      [
        1633655385, 
        0.8043315194303279
      ], 
      [
        1633655400, 
        0.8853547724187356
      ], 
      [
        1633655415, 
        0.6919105251505521
      ], 
      [
        1633655430, 
        0.5369948141948644
      ], 
      [
        1633655445, 
        0.5098580436577204
      ]
    ], 
    "name": "geth.eth/fetcher/block/broadcasts/drop.meter", 
    "columns": [
      "time", 
      "mean"
    ]
  }, 
  "memory_used": {
    "values": [
      [
        1633655160, 
        1628890416
      ], 
      [
        1633655175, 
        1905166044
      ], 
      [
        1633655190, 
        1602147432
      ], 
      [
        1633655205, 
        1864820960
      ], 
      [
        1633655220, 
        1536855888
      ], 
      [
        1633655235, 
        1817504180
      ], 
      [
        1633655250, 
        1497493704
      ], 
      [
        1633655265, 
        1751820132
      ], 
      [
        1633655280, 
        1998629976
      ], 
      [
        1633655295, 
        1737244660
      ], 
      [
        1633655310, 
        1957250496
      ], 
      [
        1633655325, 
        1683894584
      ], 
      [
        1633655340, 
        1924751416
      ], 
      [
        1633655355, 
        1672740832
      ], 
      [
        1633655370, 
        1886756656
      ], 
      [
        1633655385, 
        1592921824
      ], 
      [
        1633655400, 
        1843854384
      ], 
      [
        1633655415, 
        1818278604
      ], 
      [
        1633655430, 
        1755419240
      ], 
      [
        1633655445, 
        1736357572
      ]
    ], 
    "name": "geth.system/memory/used.gauge", 
    "columns": [
      "time", 
      "mean"
    ]
  }, 
  "stat": {
    "known_broadcasts": {
      "max": 1.039862198429945, 
      "mean": 0.8234828022821251, 
      "variance": 0.027856215874512757, 
      "pvalue": 1.2481041430448195e-13, 
      "min": 0.5356379756680072
    }, 
    "memory_used": {
      "max": 1959319470.0, 
      "mean": 1760639950.0, 
      "variance": 1.9407269672981508e+16, 
      "pvalue": 0.015759481836800773, 
      "min": 1534887778.8
    }, 
    "disk_write": {
      "max": 27619.6287141522, 
      "mean": 24313.97240733404, 
      "variance": 5685736.69195068, 
      "pvalue": 3.2289522242917904e-07, 
      "min": 20530.17183089621
    }, 
    "disk_read": {
      "max": 22525233.466154378, 
      "mean": 20025863.0898239, 
      "variance": 2169486726113.839, 
      "pvalue": 0.4320414365957517, 
      "min": 18328503.560614415
    }, 
    "traffic_egress": {
      "max": 42792.800932215236, 
      "mean": 21249.579312936472, 
      "variance": 133281344.68795519, 
      "pvalue": 1.7001246770001234e-13, 
      "min": 9761.276648341383
    }, 
    "peer_stats": {
      "max": 43.025, 
      "mean": 42.5, 
      "variance": 0.25, 
      "pvalue": 6.386784709489134e-16, 
      "min": 42.0
    }, 
    "traffic_ingress": {
      "max": 205004.80663193064, 
      "mean": 183274.1396891095, 
      "variance": 249022845.38221255, 
      "pvalue": 0.19726902182455874, 
      "min": 155733.8066231271
    }, 
    "known_announcements": {
      "max": 2.672746791571888, 
      "mean": 2.138726908673269, 
      "variance": 0.16108586262439767, 
      "pvalue": 0.2953387165769886, 
      "min": 1.4698882773052908
    }
  }, 
  "disk_write": {
    "values": [
      [
        1633655160, 
        23221.014351852613
      ], 
      [
        1633655175, 
        21685.144346772544
      ], 
      [
        1633655190, 
        19584.566987142665
      ], 
      [
        1633655205, 
        22390.640771521037
      ], 
      [
        1633655220, 
        23326.00601146936
      ], 
      [
        1633655235, 
        27497.530286257712
      ], 
      [
        1633655250, 
        27609.044753934555
      ], 
      [
        1633655265, 
        26332.043204744972
      ], 
      [
        1633655280, 
        26847.284352376613
      ], 
      [
        1633655295, 
        27820.72395828746
      ], 
      [
        1633655310, 
        26778.71008035537
      ], 
      [
        1633655325, 
        25598.22238643901
      ], 
      [
        1633655340, 
        25858.795705891822
      ], 
      [
        1633655355, 
        25080.20495141693
      ], 
      [
        1633655370, 
        23841.52165141915
      ], 
      [
        1633655385, 
        21433.59232421167
      ], 
      [
        1633655400, 
        20579.940506883242
      ], 
      [
        1633655415, 
        23373.35424128477
      ], 
      [
        1633655430, 
        23629.47299399839
      ], 
      [
        1633655445, 
        23791.634280420956
      ]
    ], 
    "name": "geth.eth/db/chaindata/disk/write.meter", 
    "columns": [
      "time", 
      "mean"
    ]
  }, 
  "disk_read": {
    "values": [
      [
        1633655160, 
        23037406.0903878
      ], 
      [
        1633655175, 
        22498277.012247354
      ], 
      [
        1633655190, 
        21668210.464885954
      ], 
      [
        1633655205, 
        21990053.658187278
      ], 
      [
        1633655220, 
        21195544.061500773
      ], 
      [
        1633655235, 
        21378504.48149699
      ], 
      [
        1633655250, 
        20441578.519871544
      ], 
      [
        1633655265, 
        20666493.31497559
      ], 
      [
        1633655280, 
        19940501.87858951
      ], 
      [
        1633655295, 
        20143031.307609145
      ], 
      [
        1633655310, 
        19408439.234131888
      ], 
      [
        1633655325, 
        19413843.531751044
      ], 
      [
        1633655340, 
        18737529.50638197
      ], 
      [
        1633655355, 
        19191320.960379787
      ], 
      [
        1633655370, 
        18559782.96976803
      ], 
      [
        1633655385, 
        18662352.93244939
      ], 
      [
        1633655400, 
        18337525.858950082
      ], 
      [
        1633655415, 
        18536037.85646216
      ], 
      [
        1633655430, 
        18157079.89223674
      ], 
      [
        1633655445, 
        18553748.26421498
      ]
    ], 
    "name": "geth.eth/db/chaindata/disk/read.meter", 
    "columns": [
      "time", 
      "mean"
    ]
  },