{
  "stat": {
    "blockchaincache_size": {
      "max": 5825712.0, 
      "mean": 1028619.8095238095, 
      "variance": 6901427449286.824, 
      "pvalue": 2.159241598544645e-09, 
      "min": 744.0
    }, 
    "kvdb_bytes_read": {
      "max": 616419.7, 
      "mean": 113546.50952380954, 
      "variance": 76034248931.22559, 
      "pvalue": 8.675578843794871e-08, 
      "min": 0.0
    }, 
    "sync_blocks_highest": {
      "max": 0.0, 
      "mean": 0.07142857142857142, 
      "variance": 0.10204081632653078, 
      "pvalue": 1.4874151221199568e-05, 
      "min": 0.0
    }, 
    "import_blocks": {
      "max": 3.0, 
      "mean": 0.35714285714285715, 
      "variance": 0.8367346938775506, 
      "pvalue": 0.0023865546914149847, 
      "min": 0.0
    }, 
    "peer_stats": {
      "max": 0.0, 
      "mean": 0.09523809523809523, 
      "variance": 0.18140589569161011, 
      "pvalue": 1.2689900751574623e-15, 
      "min": 0.0
    }, 
    "sync_blocks_recieved": {
      "max": 0.0, 
      "mean": 0.07142857142857142, 
      "variance": 0.10204081632653078, 
      "pvalue": 1.543305843642483e-05, 
      "min": 0.0
    }, 
    "kvdb_bytes_write": {
      "max": 8471726.5, 
      "mean": 896281.9761904762, 
      "variance": 6590828944585.721, 
      "pvalue": 0.0036689483067802375, 
      "min": 0.0
    }
  }, 
  "blockchaincache_size": {
    "metric": {
      "__name__": "blockchaincache_size", 
      "job": "openethereum", 
      "instance": "172.17.0.1:3033"
    }, 
    "values": [
      [
        1633623094, 
        "5760656"
      ], 
      [
        1633623109, 
        "5825712"
      ], 
      [
        1633623124, 
        "10001256"
      ], 
      [
        1633623139, 
        "744"
      ], 
      [
        1633623154, 
        "744"
      ], 
      [
        1633623169, 
        "744"
      ], 
      [
        1633623184, 
        "744"
      ], 
      [
        1633623199, 
        "744"
      ], 
      [
        1633623214, 
        "744"
      ], 
      [
        1633623229, 
        "744"
      ], 
      [
        1633623244, 
        "744"
      ], 
      [
        1633623259, 
        "744"
      ], 
      [
        1633623274, 
        "744"
      ], 
      [
        1633623289, 
        "744"
      ], 
      [
        1633623304, 
        "744"
      ], 
      [
        1633623319, 
        "744"
      ], 
      [
        1633623334, 
        "744"
      ], 
      [
        1633623349, 
        "744"
      ], 
      [
        1633623364, 
        "744"
      ], 
      [
        1633623379, 
        "744"
      ], 
      [
        1633623394, 
        "744"
      ]
    ]
  }, 
  "kvdb_bytes_read": {
    "metric": {
      "instance": "172.17.0.1:3033", 
      "job": "openethereum"
    }, 
    "values": [
      [
        1633623094, 
        "1119059.5"
      ], 
      [
        1633623109, 
        "616419.7"
      ], 
      [
        1633623124, 
        "435408.5"
      ], 
      [
        1633623139, 
        "213589"
      ], 
      [
        1633623154, 
        "0"
      ], 
      [
        1633623169, 
        "0"
      ], 
      [
        1633623184, 
        "0"
      ], 
      [
        1633623199, 
        "0"
      ], 
      [
        1633623214, 
        "0"
      ], 
      [
        1633623229, 
        "0"
      ], 
      [
        1633623244, 
        "0"
      ], 
      [
        1633623259, 
        "0"
      ], 
      [
        1633623274, 
        "0"
      ], 
      [
        1633623289, 
        "0"
      ], 
      [
        1633623304, 
        "0"
      ], 
      [
        1633623319, 
        "0"
      ], 
      [
        1633623334, 
        "0"
      ], 
      [
        1633623349, 
        "0"
      ], 
      [
        1633623364, 
        "0"
      ], 
      [
        1633623379, 
        "0"
      ], 
      [
        1633623394, 
        "0"
      ]
    ]
  }, 
  "sync_blocks_highest": {
    "metric": {
      "instance": "172.17.0.1:3033", 
      "job": "openethereum"
    }, 
    "values": [
      [
        1633623094, 
        "1.5"
      ], 
      [
        1633623109, 
        "0"
      ], 
      [
        1633623124, 
        "0"
      ], 
      [
        1633623139, 
        "0"
      ], 
      [
        1633623154, 
        "0"
      ], 
      [
        1633623169, 
        "0"
      ], 
      [
        1633623184, 
        "0"
      ], 
      [
        1633623199, 
        "0"
      ], 
      [
        1633623214, 
        "0"
      ], 
      [
        1633623229, 
        "0"
      ], 
      [
        1633623244, 
        "0"
      ], 
      [
        1633623259, 
        "0"
      ], 
      [
        1633623274, 
        "0"
      ], 
      [
        1633623289, 
        "0"
      ], 
      [
        1633623304, 
        "0"
      ], 
      [
        1633623319, 
        "0"
      ], 
      [
        1633623334, 
        "0"
      ], 
      [
        1633623349, 
        "0"
      ], 
      [
        1633623364, 
        "0"
      ], 
      [
        1633623379, 
        "0"
      ], 
      [
        1633623394, 
        "0"
      ]
    ]
  }, 
  "import_blocks": {
    "metric": {
      "instance": "172.17.0.1:3033", 
      "job": "openethereum"
    }, 
    "values": [
      [
        1633623094, 
        "3"
      ], 
      [
        1633623109, 
        "1.5"
      ], 
      [
        1633623124, 
        "3"
      ], 
      [
        1633623139, 
        "0"
      ], 
      [
        1633623154, 
        "0"
      ], 
      [
        1633623169, 
        "0"
      ], 
      [
        1633623184, 
        "0"
      ], 
      [
        1633623199, 
        "0"
      ], 
      [
        1633623214, 
        "0"
      ], 
      [
        1633623229, 
        "0"
      ], 
      [
        1633623244, 
        "0"
      ], 
      [
        1633623259, 
        "0"
      ], 
      [
        1633623274, 
        "0"
      ], 
      [
        1633623289, 
        "0"
      ], 
      [
        1633623304, 
        "0"
      ], 
      [
        1633623319, 
        "0"
      ], 
      [
        1633623334, 
        "0"
      ], 
      [
        1633623349, 
        "0"
      ], 
      [
        1633623364, 
        "0"
      ], 
      [
        1633623379, 
        "0"
      ], 
      [
        1633623394, 
        "0"
      ]
    ]
  }, 
  "peer_stats": {
    "metric": {
      "__name__": "net_peers", 
      "job": "openethereum", 
      "instance": "172.17.0.1:3033"
    }, 
    "values": [
      [
        1633623094, 
        "2"
      ], 
      [
        1633623109, 
        "0"
      ], 
      [
        1633623124, 
        "0"
      ], 
      [
        1633623139, 
        "0"
      ], 
      [
        1633623154, 
        "0"
      ], 
      [
        1633623169, 
        "0"
      ], 
      [
        1633623184, 
        "0"
      ], 
      [
        1633623199, 
        "0"
      ], 
      [
        1633623214, 
        "0"
      ], 
      [
        1633623229, 
        "0"
      ], 
      [
        1633623244, 
        "0"
      ], 
      [
        1633623259, 
        "0"
      ], 
      [
        1633623274, 
        "0"
      ], 
      [
        1633623289, 
        "0"
      ], 
      [
        1633623304, 
        "0"
      ], 
      [
        1633623319, 
        "0"
      ], 
      [
        1633623334, 
        "0"
      ], 
      [
        1633623349, 
        "0"
      ], 
      [
        1633623364, 
        "0"
      ], 
      [
        1633623379, 
        "0"
      ], 
      [
        1633623394, 
        "0"
      ]
    ]
  }, 
  "sync_blocks_recieved": {
    "metric": {
      "instance": "172.17.0.1:3033", 
      "job": "openethereum"
    },