{
  "stat": {
    "blockchaincache_size": {
      "max": 4649232.0, 
      "mean": 4255674.285714285, 
      "variance": 1125470764014.5854, 
      "pvalue": 6.061936182666157e-07, 
      "min": 2322192.0
    }, 
    "kvdb_bytes_read": {
      "max": 23104.6, 
      "mean": 19230.371428571427, 
      "variance": 6554488458.152522, 
      "pvalue": 9.063829373277218e-17, 
      "min": 0.0
    }, 
    "sync_blocks_highest": {
      "max": 0.0, 
      "mean": 0.07142857142857142, 
      "variance": 0.10204081632653078, 
      "pvalue": 8.094606236883097e-05, 
      "min": 0.0
    }, 
    "import_blocks": {
      "max": 0.0, 
      "mean": 0.07142857142857142, 
      "variance": 0.10204081632653078, 
      "pvalue": 0.000488907422452825, 
      "min": 0.0
    }, 
    "peer_stats": {
      "max": 12.0, 
      "mean": 3.0952380952380953, 
      "variance": 59.60997732426307, 
      "pvalue": 1.0816467479240752e-17, 
      "min": 0.0
    }, 
    "sync_blocks_recieved": {
      "max": 0.0, 
      "mean": 0.07142857142857142, 
      "variance": 0.10204081632653078, 
      "pvalue": 8.39336170257315e-05, 
      "min": 0.0
    }, 
    "kvdb_bytes_write": {
      "max": 10689634.6, 
      "mean": 1898196.761904762, 
      "variance": 13484465821171.566, 
      "pvalue": 0.00981207537833427, 
      "min": 0.0
    }
  }, 
  "blockchaincache_size": {
    "metric": {
      "__name__": "blockchaincache_size", 
      "job": "openethereum", 
      "instance": "172.17.0.1:3033"
    }, 
    "values": [
      [
        1633482427, 
        "3069248"
      ], 
      [
        1633482442, 
        "2322192"
      ], 
      [
        1633482457, 
        "4647696"
      ], 
      [
        1633482472, 
        "293080"
      ], 
      [
        1633482487, 
        "4649232"
      ], 
      [
        1633482502, 
        "4649232"
      ], 
      [
        1633482517, 
        "4649232"
      ], 
      [
        1633482532, 
        "4649232"
      ], 
      [
        1633482547, 
        "4649232"
      ], 
      [
        1633482562, 
        "4649232"
      ], 
      [
        1633482577, 
        "4649232"
      ], 
      [
        1633482592, 
        "4649232"
      ], 
      [
        1633482607, 
        "4649232"
      ], 
      [
        1633482622, 
        "4649232"
      ], 
      [
        1633482637, 
        "4649232"
      ], 
      [
        1633482652, 
        "4649232"
      ], 
      [
        1633482667, 
        "4649232"
      ], 
      [
        1633482682, 
        "4649232"
      ], 
      [
        1633482697, 
        "4649232"
      ], 
      [
        1633482712, 
        "4649232"
      ], 
      [
        1633482727, 
        "4649232"
      ]
    ]
  }, 
  "kvdb_bytes_read": {
    "metric": {
      "instance": "172.17.0.1:3033", 
      "job": "openethereum"
    }, 
    "values": [
      [
        1633482427, 
        "380626.3"
      ], 
      [
        1633482442, 
        "23104.6"
      ], 
      [
        1633482457, 
        "51.8"
      ], 
      [
        1633482472, 
        "55.1"
      ], 
      [
        1633482487, 
        "0"
      ], 
      [
        1633482502, 
        "0"
      ], 
      [
        1633482517, 
        "0"
      ], 
      [
        1633482532, 
        "0"
      ], 
      [
        1633482547, 
        "0"
      ], 
      [
        1633482562, 
        "0"
      ], 
      [
        1633482577, 
        "0"
      ], 
      [
        1633482592, 
        "0"
      ], 
      [
        1633482607, 
        "0"
      ], 
      [
        1633482622, 
        "0"
      ], 
      [
        1633482637, 
        "0"
      ], 
      [
        1633482652, 
        "0"
      ], 
      [
        1633482667, 
        "0"
      ], 
      [
        1633482682, 
        "0"
      ], 
      [
        1633482697, 
        "0"
      ], 
      [
        1633482712, 
        "0"
      ], 
      [
        1633482727, 
        "0"
      ]
    ]
  }, 
  "sync_blocks_highest": {
    "metric": {
      "instance": "172.17.0.1:3033", 
      "job": "openethereum"
    }, 
    "values": [
      [
        1633482427, 
        "1.5"
      ], 
      [
        1633482442, 
        "0"
      ], 
      [
        1633482457, 
        "0"
      ], 
      [
        1633482472, 
        "0"
      ], 
      [
        1633482487, 
        "0"
      ], 
      [
        1633482502, 
        "0"
      ], 
      [
        1633482517, 
        "0"
      ], 
      [
        1633482532, 
        "0"
      ], 
      [
        1633482547, 
        "0"
      ], 
      [
        1633482562, 
        "0"
      ], 
      [
        1633482577, 
        "0"
      ], 
      [
        1633482592, 
        "0"
      ], 
      [
        1633482607, 
        "0"
      ], 
      [
        1633482622, 
        "0"
      ], 
      [
        1633482637, 
        "0"
      ], 
      [
        1633482652, 
        "0"
      ], 
      [
        1633482667, 
        "0"
      ], 
      [
        1633482682, 
        "0"
      ], 
      [
        1633482697, 
        "0"
      ], 
      [
        1633482712, 
        "0"
      ], 
      [
        1633482727, 
        "0"
      ]
    ]
  }, 
  "import_blocks": {
    "metric": {
      "instance": "172.17.0.1:3033", 
      "job": "openethereum"
    }, 
    "values": [
      [
        1633482427, 
        "1.5"
      ], 
      [
        1633482442, 
        "0"
      ], 
      [
        1633482457, 
        "0"
      ], 
      [
        1633482472, 
        "0"
      ], 
      [
        1633482487, 
        "0"
      ], 
      [
        1633482502, 
        "0"
      ], 
      [
        1633482517, 
        "0"
      ], 
      [
        1633482532, 
        "0"
      ], 
      [
        1633482547, 
        "0"
      ], 
      [
        1633482562, 
        "0"
      ], 
      [
        1633482577, 
        "0"
      ], 
      [
        1633482592, 
        "0"
      ], 
      [
        1633482607, 
        "0"
      ], 
      [
        1633482622, 
        "0"
      ], 
      [
        1633482637, 
        "0"
      ], 
      [
        1633482652, 
        "0"
      ], 
      [
        1633482667, 
        "0"
      ], 
      [
        1633482682, 
        "0"
      ], 
      [
        1633482697, 
        "0"
      ], 
      [
        1633482712, 
        "0"
      ], 
      [
        1633482727, 
        "0"
      ]
    ]
  }, 
  "peer_stats": {
    "metric": {
      "__name__": "net_peers", 
      "job": "openethereum", 
      "instance": "172.17.0.1:3033"
    }, 
    "values": [
      [
        1633482427, 
        "35"
      ], 
      [
        1633482442, 
        "12"
      ], 
      [
        1633482457, 
        "6"
      ], 
      [
        1633482472, 
        "6"
      ], 
      [
        1633482487, 
        "3"
      ], 
      [
        1633482502, 
        "1"
      ], 
      [
        1633482517, 
        "1"
      ], 
      [
        1633482532, 
        "1"
      ], 
      [
        1633482547, 
        "0"
      ], 
      [
        1633482562, 
        "0"
      ], 
      [
        1633482577, 
        "0"
      ], 
      [
        1633482592, 
        "0"
      ], 
      [
        1633482607, 
        "0"
      ], 
      [
        1633482622, 
        "0"
      ], 
      [
        1633482637, 
        "0"
      ], 
      [
        1633482652, 
        "0"
      ], 
      [
        1633482667, 
        "0"
      ], 
      [
        1633482682, 
        "0"
      ], 
      [
        1633482697, 
        "0"
      ], 
      [
        1633482712, 
        "0"
      ], 
      [
        1633482727, 
        "0"
      ]
    ]
  }, 
  "sync_blocks_recieved": {
    "metric": {
      "instance": "172.17.0.1:3033", 
      "job": "openethereum"
    },