{
  "stat": {
    "blockchaincache_size": {
      "max": 7521616.0, 
      "mean": 5676065.142857143, 
      "variance": 13053640721269.553, 
      "pvalue": 5.0780846755985185e-05, 
      "min": 3069248.0
    }, 
    "kvdb_bytes_read": {
      "max": 494780.0, 
      "mean": 412230.71428571426, 
      "variance": 8889763275.148844, 
      "pvalue": 3.4994833056944075e-11, 
      "min": 330861.0
    }, 
    "sync_blocks_highest": {
      "max": 3.0, 
      "mean": 0.6428571428571429, 
      "variance": 1.4081632653061222, 
      "pvalue": 0.15328233275652198, 
      "min": 0.0
    }, 
    "import_blocks": {
      "max": 7.5, 
      "mean": 3.7142857142857144, 
      "variance": 4.846938775510203, 
      "pvalue": 1.52051640130124e-05, 
      "min": 1.5
    }, 
    "peer_stats": {
      "max": 39.0, 
      "mean": 37.666666666666664, 
      "variance": 1.8412698412698414, 
      "pvalue": 1.6968908805978206e-19, 
      "min": 35.0
    }, 
    "sync_blocks_recieved": {
      "max": 3.0, 
      "mean": 0.6428571428571429, 
      "variance": 1.4081632653061222, 
      "pvalue": 0.15610087356427374, 
      "min": 0.0
    }, 
    "kvdb_bytes_write": {
      "max": 8075396.4, 
      "mean": 2169963.223809524, 
      "variance": 10101648636634.842, 
      "pvalue": 6.345458123570241e-09, 
      "min": 504544.5
    }
  }, 
  "blockchaincache_size": {
    "metric": {
      "__name__": "blockchaincache_size", 
      "job": "openethereum", 
      "instance": "172.17.0.1:3033"
    }, 
    "values": [
      [
        1633482127, 
        "5231520"
      ], 
      [
        1633482142, 
        "5232760"
      ], 
      [
        1633482157, 
        "5588184"
      ], 
      [
        1633482172, 
        "5588728"
      ], 
      [
        1633482187, 
        "4077672"
      ], 
      [
        1633482202, 
        "5225384"
      ], 
      [
        1633482217, 
        "5226216"
      ], 
      [
        1633482232, 
        "5226488"
      ], 
      [
        1633482247, 
        "5227848"
      ], 
      [
        1633482262, 
        "5229352"
      ], 
      [
        1633482277, 
        "5230712"
      ], 
      [
        1633482292, 
        "5231528"
      ], 
      [
        1633482307, 
        "5232072"
      ], 
      [
        1633482322, 
        "5232888"
      ], 
      [
        1633482337, 
        "5234248"
      ], 
      [
        1633482352, 
        "4483888"
      ], 
      [
        1633482367, 
        "5226768"
      ], 
      [
        1633482382, 
        "7521616"
      ], 
      [
        1633482397, 
        "20734592"
      ], 
      [
        1633482412, 
        "145656"
      ], 
      [
        1633482427, 
        "3069248"
      ]
    ]
  }, 
  "kvdb_bytes_read": {
    "metric": {
      "instance": "172.17.0.1:3033", 
      "job": "openethereum"
    }, 
    "values": [
      [
        1633482127, 
        "98983.8"
      ], 
      [
        1633482142, 
        "395344.3"
      ], 
      [
        1633482157, 
        "494780"
      ], 
      [
        1633482172, 
        "470425.4"
      ], 
      [
        1633482187, 
        "454673.7"
      ], 
      [
        1633482202, 
        "452961.4"
      ], 
      [
        1633482217, 
        "429853.6"
      ], 
      [
        1633482232, 
        "341811.3"
      ], 
      [
        1633482247, 
        "371648.3"
      ], 
      [
        1633482262, 
        "330861"
      ], 
      [
        1633482277, 
        "399178.8"
      ], 
      [
        1633482292, 
        "454874.1"
      ], 
      [
        1633482307, 
        "476082.3"
      ], 
      [
        1633482322, 
        "372013.7"
      ], 
      [
        1633482337, 
        "443903.7"
      ], 
      [
        1633482352, 
        "415385.3"
      ], 
      [
        1633482367, 
        "611414.9"
      ], 
      [
        1633482382, 
        "457955"
      ], 
      [
        1633482397, 
        "333443.9"
      ], 
      [
        1633482412, 
        "470624.2"
      ], 
      [
        1633482427, 
        "380626.3"
      ]
    ]
  }, 
  "sync_blocks_highest": {
    "metric": {
      "instance": "172.17.0.1:3033", 
      "job": "openethereum"
    }, 
    "values": [
      [
        1633482127, 
        "0"
      ], 
      [
        1633482142, 
        "0"
      ], 
      [
        1633482157, 
        "1.5"
      ], 
      [
        1633482172, 
        "0"
      ], 
      [
        1633482187, 
        "0"
      ], 
      [
        1633482202, 
        "0"
      ], 
      [
        1633482217, 
        "0"
      ], 
      [
        1633482232, 
        "0"
      ], 
      [
        1633482247, 
        "0"
      ], 
      [
        1633482262, 
        "1.5"
      ], 
      [
        1633482277, 
        "0"
      ], 
      [
        1633482292, 
        "4.5"
      ], 
      [
        1633482307, 
        "0"
      ], 
      [
        1633482322, 
        "0"
      ], 
      [
        1633482337, 
        "0"
      ], 
      [
        1633482352, 
        "3"
      ], 
      [
        1633482367, 
        "0"
      ], 
      [
        1633482382, 
        "1.5"
      ], 
      [
        1633482397, 
        "0"
      ], 
      [
        1633482412, 
        "0"
      ], 
      [
        1633482427, 
        "1.5"
      ]
    ]
  }, 
  "import_blocks": {
    "metric": {
      "instance": "172.17.0.1:3033", 
      "job": "openethereum"
    }, 
    "values": [
      [
        1633482127, 
        "1.5"
      ], 
      [
        1633482142, 
        "4.5"
      ], 
      [
        1633482157, 
        "6"
      ], 
      [
        1633482172, 
        "3"
      ], 
      [
        1633482187, 
        "7.5"
      ], 
      [
        1633482202, 
        "4.5"
      ], 
      [
        1633482217, 
        "1.5"
      ], 
      [
        1633482232, 
        "1.5"
      ], 
      [
        1633482247, 
        "3"
      ], 
      [
        1633482262, 
        "4.5"
      ], 
      [
        1633482277, 
        "6"
      ], 
      [
        1633482292, 
        "4.5"
      ], 
      [
        1633482307, 
        "1.5"
      ], 
      [
        1633482322, 
        "1.5"
      ], 
      [
        1633482337, 
        "4.5"
      ], 
      [
        1633482352, 
        "3"
      ], 
      [
        1633482367, 
        "9"
      ], 
      [
        1633482382, 
        "6"
      ], 
      [
        1633482397, 
        "1.5"
      ], 
      [
        1633482412, 
        "1.5"
      ], 
      [
        1633482427, 
        "1.5"
      ]
    ]
  }, 
  "peer_stats": {
    "metric": {
      "__name__": "net_peers", 
      "job": "openethereum", 
      "instance": "172.17.0.1:3033"
    }, 
    "values": [
      [
        1633482127, 
        "39"
      ], 
      [
        1633482142, 
        "39"
      ], 
      [
        1633482157, 
        "39"
      ], 
      [
        1633482172, 
        "37"
      ], 
      [
        1633482187, 
        "37"
      ], 
      [
        1633482202, 
        "39"
      ], 
      [
        1633482217, 
        "38"
      ], 
      [
        1633482232, 
        "37"
      ], 
      [
        1633482247, 
        "38"
      ], 
      [
        1633482262, 
        "39"
      ], 
      [
        1633482277, 
        "39"
      ], 
      [
        1633482292, 
        "39"
      ], 
      [
        1633482307, 
        "38"
      ], 
      [
        1633482322, 
        "38"
      ], 
      [
        1633482337, 
        "38"
      ], 
      [
        1633482352, 
        "38"
      ], 
      [
        1633482367, 
        "38"
      ], 
      [
        1633482382, 
        "36"
      ], 
      [
        1633482397, 
        "35"
      ], 
      [
        1633482412, 
        "35"
      ], 
      [
        1633482427, 
        "35"
      ]
    ]
  }, 
  "sync_blocks_recieved": {
    "metric": {
      "instance": "172.17.0.1:3033", 
      "job": "openethereum"
    },