{
  "stat": {
    "blockchaincache_size": {
      "max": 11052407.19999995, 
      "mean": 6431064.0, 
      "variance": 70985345761742.22, 
      "pvalue": 0.07490710051366348, 
      "min": 600076.8
    }, 
    "kvdb_bytes_read": {
      "max": 481314.56499999965, 
      "mean": 322469.91405110306, 
      "variance": 25136628702.030376, 
      "pvalue": 1.87469407866298e-05, 
      "min": 43697.555
    }, 
    "sync_blocks_highest": {
      "max": 4.135783326621012, 
      "mean": 1.5873271580077863, 
      "variance": 5.939549923053981, 
      "pvalue": 0.999999963571397, 
      "min": 0.0
    }, 
    "import_blocks": {
      "max": 4.5, 
      "mean": 2.5, 
      "variance": 3.0, 
      "pvalue": 0.013222166610281486, 
      "min": 0.0
    }, 
    "peer_stats": {
      "max": 39.15, 
      "mean": 33.0, 
      "variance": 31.77777777777778, 
      "pvalue": 3.155895018010211e-10, 
      "min": 27.6
    }, 
    "sync_blocks_recieved": {
      "max": 3.0, 
      "mean": 1.083903879715398, 
      "variance": 1.2018698781012356, 
      "pvalue": 0.9999999999998654, 
      "min": 0.0
    }, 
    "kvdb_bytes_write": {
      "max": 969960.4749999997, 
      "mean": 563755.534669083, 
      "variance": 91761246994.58704, 
      "pvalue": 0.002996677043505333, 
      "min": 68851.475
    }
  }, 
  "blockchaincache_size": {
    "metric": {
      "__name__": "blockchaincache_size", 
      "job": "openethereum", 
      "instance": "172.17.0.1:3033"
    }, 
    "values": [
      [
        1633483332, 
        "3675856"
      ], 
      [
        1633483347, 
        "4083624"
      ], 
      [
        1633483362, 
        "4085288"
      ], 
      [
        1633483377, 
        "4087240"
      ], 
      [
        1633483392, 
        "4088632"
      ], 
      [
        1633483407, 
        "5237448"
      ], 
      [
        1633483422, 
        "5238424"
      ], 
      [
        1633483437, 
        "5239672"
      ], 
      [
        1633483452, 
        "5241768"
      ], 
      [
        1633483467, 
        "5243680"
      ], 
      [
        1633483482, 
        "5245216"
      ], 
      [
        1633483497, 
        "5245776"
      ], 
      [
        1633483512, 
        "5839048"
      ], 
      [
        1633483527, 
        "5840152"
      ], 
      [
        1633483542, 
        "5841688"
      ], 
      [
        1633483602, 
        "40579816"
      ], 
      [
        1633483617, 
        "291248"
      ], 
      [
        1633483632, 
        "654576"
      ]
    ]
  }, 
  "kvdb_bytes_read": {
    "metric": {
      "instance": "172.17.0.1:3033", 
      "job": "openethereum"
    }, 
    "values": [
      [
        1633483332, 
        "14795.6"
      ], 
      [
        1633483347, 
        "696809.2"
      ], 
      [
        1633483362, 
        "368239.4"
      ], 
      [
        1633483377, 
        "424118.8"
      ], 
      [
        1633483392, 
        "392460.8"
      ], 
      [
        1633483407, 
        "365501.3"
      ], 
      [
        1633483422, 
        "411104.3"
      ], 
      [
        1633483437, 
        "323799.4"
      ], 
      [
        1633483452, 
        "368434"
      ], 
      [
        1633483467, 
        "351161.2"
      ], 
      [
        1633483482, 
        "443286.1"
      ], 
      [
        1633483497, 
        "369217.2"
      ], 
      [
        1633483512, 
        "307938.6"
      ], 
      [
        1633483527, 
        "369910"
      ], 
      [
        1633483542, 
        "324049.7"
      ], 
      [
        1633483602, 
        "163934.252919855"
      ], 
      [
        1633483617, 
        "48797.9"
      ], 
      [
        1633483632, 
        "60900.7"
      ]
    ]
  }, 
  "sync_blocks_highest": {
    "metric": {
      "instance": "172.17.0.1:3033", 
      "job": "openethereum"
    }, 
    "values": [
      [
        1633483332, 
        "1.5"
      ], 
      [
        1633483347, 
        "1.5"
      ], 
      [
        1633483362, 
        "0"
      ], 
      [
        1633483377, 
        "3"
      ], 
      [
        1633483392, 
        "1.5"
      ], 
      [
        1633483407, 
        "0"
      ], 
      [
        1633483422, 
        "0"
      ], 
      [
        1633483437, 
        "3"
      ], 
      [
        1633483452, 
        "0"
      ], 
      [
        1633483467, 
        "0"
      ], 
      [
        1633483482, 
        "1.5"
      ], 
      [
        1633483497, 
        "3"
      ], 
      [
        1633483512, 
        "1.5"
      ], 
      [
        1633483527, 
        "0"
      ], 
      [
        1633483542, 
        "1.5"
      ], 
      [
        1633483602, 
        "10.571888844140153"
      ], 
      [
        1633483617, 
        "0"
      ], 
      [
        1633483632, 
        "0"
      ]
    ]
  }, 
  "import_blocks": {
    "metric": {
      "instance": "172.17.0.1:3033", 
      "job": "openethereum"
    }, 
    "values": [
      [
        1633483332, 
        "0"
      ], 
      [
        1633483347, 
        "3"
      ], 
      [
        1633483362, 
        "4.5"
      ], 
      [
        1633483377, 
        "3"
      ], 
      [
        1633483392, 
        "1.5"
      ], 
      [
        1633483407, 
        "4.5"
      ], 
      [
        1633483422, 
        "1.5"
      ], 
      [
        1633483437, 
        "4.5"
      ], 
      [
        1633483452, 
        "4.5"
      ], 
      [
        1633483467, 
        "4.5"
      ], 
      [
        1633483482, 
        "1.5"
      ], 
      [
        1633483497, 
        "1.5"
      ], 
      [
        1633483512, 
        "3"
      ], 
      [
        1633483527, 
        "4.5"
      ], 
      [
        1633483542, 
        "3"
      ], 
      [
        1633483602, 
        "0"
      ], 
      [
        1633483617, 
        "0"
      ], 
      [
        1633483632, 
        "0"
      ]
    ]
  }, 
  "peer_stats": {
    "metric": {
      "__name__": "net_peers", 
      "job": "openethereum", 
      "instance": "172.17.0.1:3033"
    }, 
    "values": [
      [
        1633483332, 
        "32"
      ], 
      [
        1633483347, 
        "32"
      ], 
      [
        1633483362, 
        "30"
      ], 
      [
        1633483377, 
        "31"
      ], 
      [
        1633483392, 
        "31"
      ], 
      [
        1633483407, 
        "30"
      ], 
      [
        1633483422, 
        "31"
      ], 
      [
        1633483437, 
        "32"
      ], 
      [
        1633483452, 
        "37"
      ], 
      [
        1633483467, 
        "39"
      ], 
      [
        1633483482, 
        "40"
      ], 
      [
        1633483497, 
        "37"
      ], 
      [
        1633483512, 
        "37"
      ], 
      [
        1633483527, 
        "36"
      ], 
      [
        1633483542, 
        "37"
      ], 
      [
        1633483602, 
        "37"
      ], 
      [
        1633483617, 
        "31"
      ], 
      [
        1633483632, 
        "14"
      ]
    ]
  }, 
  "sync_blocks_recieved": {
    "metric": {
      "instance": "172.17.0.1:3033", 
      "job": "openethereum"
    },