{
  "stat": {
    "blockchaincache_size": {
      "max": 5978152.0, 
      "mean": 4425710.476190476, 
      "variance": 1573473424771.7737, 
      "pvalue": 0.08084861566740564, 
      "min": 3097464.0
    }, 
    "kvdb_bytes_read": {
      "max": 190761.2, 
      "mean": 121257.44761904764, 
      "variance": 4062137026.518684, 
      "pvalue": 0.05235662350805573, 
      "min": 48446.3
    }, 
    "sync_blocks_highest": {
      "max": 3.0, 
      "mean": 0.9285714285714286, 
      "variance": 0.9591836734693876, 
      "pvalue": 0.9990803601079744, 
      "min": 0.0
    }, 
    "import_blocks": {
      "max": 3.0, 
      "mean": 0.9285714285714286, 
      "variance": 1.6020408163265305, 
      "pvalue": 0.9999999506676599, 
      "min": 0.0
    }, 
    "peer_stats": {
      "max": 36.0, 
      "mean": 32.04761904761905, 
      "variance": 9.378684807256235, 
      "pvalue": 4.457823915631797e-11, 
      "min": 27.0
    }, 
    "sync_blocks_recieved": {
      "max": 3.0, 
      "mean": 0.9285714285714286, 
      "variance": 0.9591836734693876, 
      "pvalue": 0.9978740315635578, 
      "min": 0.0
    }, 
    "kvdb_bytes_write": {
      "max": 652530.7, 
      "mean": 209277.36666666667, 
      "variance": 74654602389.18509, 
      "pvalue": 0.5488343817323604, 
      "min": 0.0
    }
  }, 
  "blockchaincache_size": {
    "metric": {
      "__name__": "blockchaincache_size", 
      "job": "openethereum", 
      "instance": "172.17.0.1:3033"
    }, 
    "values": [
      [
        1633483028, 
        "4170832"
      ], 
      [
        1633483043, 
        "4173280"
      ], 
      [
        1633483058, 
        "7238832"
      ], 
      [
        1633483073, 
        "5404672"
      ], 
      [
        1633483088, 
        "5405248"
      ], 
      [
        1633483103, 
        "5405600"
      ], 
      [
        1633483118, 
        "5405600"
      ], 
      [
        1633483133, 
        "5680688"
      ], 
      [
        1633483148, 
        "5680688"
      ], 
      [
        1633483163, 
        "5681976"
      ], 
      [
        1633483178, 
        "5978152"
      ], 
      [
        1633483193, 
        "3096208"
      ], 
      [
        1633483208, 
        "3097464"
      ], 
      [
        1633483223, 
        "3097464"
      ], 
      [
        1633483238, 
        "3098152"
      ], 
      [
        1633483253, 
        "3098840"
      ], 
      [
        1633483268, 
        "3099256"
      ], 
      [
        1633483283, 
        "3099672"
      ], 
      [
        1633483298, 
        "3675584"
      ], 
      [
        1633483313, 
        "3675856"
      ], 
      [
        1633483328, 
        "3675856"
      ]
    ]
  }, 
  "kvdb_bytes_read": {
    "metric": {
      "instance": "172.17.0.1:3033", 
      "job": "openethereum"
    }, 
    "values": [
      [
        1633483028, 
        "96837.7"
      ], 
      [
        1633483043, 
        "190761.2"
      ], 
      [
        1633483058, 
        "320411"
      ], 
      [
        1633483073, 
        "175933.9"
      ], 
      [
        1633483088, 
        "114548.1"
      ], 
      [
        1633483103, 
        "114588"
      ], 
      [
        1633483118, 
        "48446.3"
      ], 
      [
        1633483133, 
        "179085.2"
      ], 
      [
        1633483148, 
        "100350.4"
      ], 
      [
        1633483163, 
        "120144.4"
      ], 
      [
        1633483178, 
        "68547.3"
      ], 
      [
        1633483193, 
        "161073.8"
      ], 
      [
        1633483208, 
        "163387.6"
      ], 
      [
        1633483223, 
        "55957.3"
      ], 
      [
        1633483238, 
        "172271.5"
      ], 
      [
        1633483253, 
        "75719.7"
      ], 
      [
        1633483268, 
        "65031.4"
      ], 
      [
        1633483283, 
        "104726.2"
      ], 
      [
        1633483298, 
        "104266.7"
      ], 
      [
        1633483313, 
        "79890.7"
      ], 
      [
        1633483328, 
        "34428"
      ]
    ]
  }, 
  "sync_blocks_highest": {
    "metric": {
      "instance": "172.17.0.1:3033", 
      "job": "openethereum"
    }, 
    "values": [
      [
        1633483028, 
        "0"
      ], 
      [
        1633483043, 
        "0"
      ], 
      [
        1633483058, 
        "1.5"
      ], 
      [
        1633483073, 
        "1.5"
      ], 
      [
        1633483088, 
        "0"
      ], 
      [
        1633483103, 
        "1.5"
      ], 
      [
        1633483118, 
        "0"
      ], 
      [
        1633483133, 
        "1.5"
      ], 
      [
        1633483148, 
        "1.5"
      ], 
      [
        1633483163, 
        "3"
      ], 
      [
        1633483178, 
        "0"
      ], 
      [
        1633483193, 
        "0"
      ], 
      [
        1633483208, 
        "0"
      ], 
      [
        1633483223, 
        "0"
      ], 
      [
        1633483238, 
        "0"
      ], 
      [
        1633483253, 
        "3"
      ], 
      [
        1633483268, 
        "1.5"
      ], 
      [
        1633483283, 
        "1.5"
      ], 
      [
        1633483298, 
        "1.5"
      ], 
      [
        1633483313, 
        "0"
      ], 
      [
        1633483328, 
        "1.5"
      ]
    ]
  }, 
  "import_blocks": {
    "metric": {
      "instance": "172.17.0.1:3033", 
      "job": "openethereum"
    }, 
    "values": [
      [
        1633483028, 
        "0"
      ], 
      [
        1633483043, 
        "1.5"
      ], 
      [
        1633483058, 
        "0"
      ], 
      [
        1633483073, 
        "4.5"
      ], 
      [
        1633483088, 
        "1.5"
      ], 
      [
        1633483103, 
        "0"
      ], 
      [
        1633483118, 
        "0"
      ], 
      [
        1633483133, 
        "1.5"
      ], 
      [
        1633483148, 
        "0"
      ], 
      [
        1633483163, 
        "1.5"
      ], 
      [
        1633483178, 
        "0"
      ], 
      [
        1633483193, 
        "1.5"
      ], 
      [
        1633483208, 
        "3"
      ], 
      [
        1633483223, 
        "0"
      ], 
      [
        1633483238, 
        "3"
      ], 
      [
        1633483253, 
        "0"
      ], 
      [
        1633483268, 
        "0"
      ], 
      [
        1633483283, 
        "0"
      ], 
      [
        1633483298, 
        "1.5"
      ], 
      [
        1633483313, 
        "0"
      ], 
      [
        1633483328, 
        "0"
      ]
    ]
  }, 
  "peer_stats": {
    "metric": {
      "__name__": "net_peers", 
      "job": "openethereum", 
      "instance": "172.17.0.1:3033"
    }, 
    "values": [
      [
        1633483028, 
        "24"
      ], 
      [
        1633483043, 
        "27"
      ], 
      [
        1633483058, 
        "28"
      ], 
      [
        1633483073, 
        "30"
      ], 
      [
        1633483088, 
        "31"
      ], 
      [
        1633483103, 
        "31"
      ], 
      [
        1633483118, 
        "32"
      ], 
      [
        1633483133, 
        "32"
      ], 
      [
        1633483148, 
        "33"
      ], 
      [
        1633483163, 
        "31"
      ], 
      [
        1633483178, 
        "31"
      ], 
      [
        1633483193, 
        "35"
      ], 
      [
        1633483208, 
        "36"
      ], 
      [
        1633483223, 
        "37"
      ], 
      [
        1633483238, 
        "36"
      ], 
      [
        1633483253, 
        "35"
      ], 
      [
        1633483268, 
        "34"
      ], 
      [
        1633483283, 
        "34"
      ], 
      [
        1633483298, 
        "32"
      ], 
      [
        1633483313, 
        "32"
      ], 
      [
        1633483328, 
        "32"
      ]
    ]
  }, 
  "sync_blocks_recieved": {
    "metric": {
      "instance": "172.17.0.1:3033", 
      "job": "openethereum"
    },