{
  "stat": {
    "blockchaincache_size": {
      "max": 5389791.199999999, 
      "mean": 3412292.6315789474, 
      "variance": 1767117401858.1274, 
      "pvalue": 0.02564118996972066, 
      "min": 1602024.0
    }, 
    "kvdb_bytes_read": {
      "max": 1118866.8399999999, 
      "mean": 644878.6609039999, 
      "variance": 134801490715.40576, 
      "pvalue": 3.640893891679218e-08, 
      "min": 127200.455904
    }, 
    "sync_blocks_highest": {
      "max": 6.450000000000006, 
      "mean": 1.5, 
      "variance": 11.7, 
      "pvalue": 0.1154132420832586, 
      "min": 0.0
    }, 
    "import_blocks": {
      "max": 3.075000000000001, 
      "mean": 1.125, 
      "variance": 1.771875, 
      "pvalue": 0.45541795515297595, 
      "min": 0.0
    }, 
    "peer_stats": {
      "max": 3.0, 
      "mean": 1.4210526315789473, 
      "variance": 1.2963988919667588, 
      "pvalue": 2.4955586259527862e-14, 
      "min": 0.0
    }, 
    "sync_blocks_recieved": {
      "max": 8.17500000000001, 
      "mean": 1.95, 
      "variance": 22.0725, 
      "pvalue": 0.19482016053761347, 
      "min": 0.0
    }, 
    "kvdb_bytes_write": {
      "max": 753653.7400000006, 
      "mean": 346961.01999999996, 
      "variance": 137027207277.95561, 
      "pvalue": 0.4495634020546809, 
      "min": 0.0
    }
  }, 
  "blockchaincache_size": {
    "metric": {
      "__name__": "blockchaincache_size", 
      "job": "openethereum", 
      "instance": "172.17.0.1:3033"
    }, 
    "values": [
      [
        1633622808, 
        "693960"
      ], 
      [
        1633622823, 
        "1702920"
      ], 
      [
        1633622838, 
        "2857824"
      ], 
      [
        1633622853, 
        "2860408"
      ], 
      [
        1633622868, 
        "2863264"
      ], 
      [
        1633622883, 
        "2863264"
      ], 
      [
        1633622898, 
        "2863264"
      ], 
      [
        1633622913, 
        "2863400"
      ], 
      [
        1633622928, 
        "2863536"
      ], 
      [
        1633622943, 
        "3049896"
      ], 
      [
        1633622973, 
        "3050304"
      ], 
      [
        1633622988, 
        "3050304"
      ], 
      [
        1633623003, 
        "3050712"
      ], 
      [
        1633623018, 
        "3050984"
      ], 
      [
        1633623033, 
        "5345576"
      ], 
      [
        1633623048, 
        "5346664"
      ], 
      [
        1633623063, 
        "5348040"
      ], 
      [
        1633623078, 
        "5348584"
      ], 
      [
        1633623093, 
        "5760656"
      ]
    ]
  }, 
  "kvdb_bytes_read": {
    "metric": {
      "instance": "172.17.0.1:3033", 
      "job": "openethereum"
    }, 
    "values": [
      [
        1633622808, 
        "785614.8"
      ], 
      [
        1633622823, 
        "1118856.7"
      ], 
      [
        1633622838, 
        "922984.2"
      ], 
      [
        1633622853, 
        "1030326.6"
      ], 
      [
        1633622868, 
        "906045"
      ], 
      [
        1633622883, 
        "1039954.1"
      ], 
      [
        1633622898, 
        "186354.5"
      ], 
      [
        1633622913, 
        "374934.8"
      ], 
      [
        1633622928, 
        "137545.2"
      ], 
      [
        1633622943, 
        "130658.2"
      ], 
      [
        1633622958, 
        "61503.318080000005"
      ], 
      [
        1633622973, 
        "396072.7"
      ], 
      [
        1633622988, 
        "420967.4"
      ], 
      [
        1633623003, 
        "371799.6"
      ], 
      [
        1633623018, 
        "273328.6"
      ], 
      [
        1633623033, 
        "927596.3"
      ], 
      [
        1633623048, 
        "1001396.8"
      ], 
      [
        1633623063, 
        "942299.7"
      ], 
      [
        1633623078, 
        "750275.2"
      ], 
      [
        1633623093, 
        "1119059.5"
      ]
    ]
  }, 
  "sync_blocks_highest": {
    "metric": {
      "instance": "172.17.0.1:3033", 
      "job": "openethereum"
    }, 
    "values": [
      [
        1633622808, 
        "1.5"
      ], 
      [
        1633622823, 
        "0"
      ], 
      [
        1633622838, 
        "1.5"
      ], 
      [
        1633622853, 
        "0"
      ], 
      [
        1633622868, 
        "0"
      ], 
      [
        1633622883, 
        "6"
      ], 
      [
        1633622898, 
        "0"
      ], 
      [
        1633622913, 
        "0"
      ], 
      [
        1633622928, 
        "0"
      ], 
      [
        1633622943, 
        "0"
      ], 
      [
        1633622958, 
        "0"
      ], 
      [
        1633622973, 
        "0"
      ], 
      [
        1633622988, 
        "15"
      ], 
      [
        1633623003, 
        "0"
      ], 
      [
        1633623018, 
        "0"
      ], 
      [
        1633623033, 
        "0"
      ], 
      [
        1633623048, 
        "1.5"
      ], 
      [
        1633623063, 
        "3"
      ], 
      [
        1633623078, 
        "0"
      ], 
      [
        1633623093, 
        "1.5"
      ]
    ]
  }, 
  "import_blocks": {
    "metric": {
      "instance": "172.17.0.1:3033", 
      "job": "openethereum"
    }, 
    "values": [
      [
        1633622808, 
        "0"
      ], 
      [
        1633622823, 
        "0"
      ], 
      [
        1633622838, 
        "0"
      ], 
      [
        1633622853, 
        "0"
      ], 
      [
        1633622868, 
        "0"
      ], 
      [
        1633622883, 
        "0"
      ], 
      [
        1633622898, 
        "0"
      ], 
      [
        1633622913, 
        "1.5"
      ], 
      [
        1633622928, 
        "1.5"
      ], 
      [
        1633622943, 
        "1.5"
      ], 
      [
        1633622958, 
        "0"
      ], 
      [
        1633622973, 
        "1.5"
      ], 
      [
        1633622988, 
        "0"
      ], 
      [
        1633623003, 
        "0"
      ], 
      [
        1633623018, 
        "1.5"
      ], 
      [
        1633623033, 
        "4.5"
      ], 
      [
        1633623048, 
        "3"
      ], 
      [
        1633623063, 
        "3"
      ], 
      [
        1633623078, 
        "1.5"
      ], 
      [
        1633623093, 
        "3"
      ]
    ]
  }, 
  "peer_stats": {
    "metric": {
      "__name__": "net_peers", 
      "job": "openethereum", 
      "instance": "172.17.0.1:3033"
    }, 
    "values": [
      [
        1633622808, 
        "2"
      ], 
      [
        1633622823, 
        "1"
      ], 
      [
        1633622838, 
        "1"
      ], 
      [
        1633622853, 
        "1"
      ], 
      [
        1633622868, 
        "1"
      ], 
      [
        1633622883, 
        "1"
      ], 
      [
        1633622898, 
        "0"
      ], 
      [
        1633622913, 
        "0"
      ], 
      [
        1633622928, 
        "0"
      ], 
      [
        1633622943, 
        "0"
      ], 
      [
        1633622973, 
        "0"
      ], 
      [
        1633622988, 
        "1"
      ], 
      [
        1633623003, 
        "3"
      ], 
      [
        1633623018, 
        "3"
      ], 
      [
        1633623033, 
        "3"
      ], 
      [
        1633623048, 
        "3"
      ], 
      [
        1633623063, 
        "3"
      ], 
      [
        1633623078, 
        "2"
      ], 
      [
        1633623093, 
        "2"
      ]
    ]
  }, 
  "sync_blocks_recieved": {
    "metric": {
      "instance": "172.17.0.1:3033", 
      "job": "openethereum"
    },