{
  "stat": {
    "blockchaincache_size": {
      "max": 5889596.799999991, 
      "mean": 4294500.631578947, 
      "variance": 4567970819956.653, 
      "pvalue": 0.3215547524585191, 
      "min": 339232.0
    }, 
    "kvdb_bytes_read": {
      "max": 444713.86500000005, 
      "mean": 220864.88662316016, 
      "variance": 27295680644.8188, 
      "pvalue": 0.33274690331699236, 
      "min": 21383.194476493536
    }, 
    "sync_blocks_highest": {
      "max": 3.0, 
      "mean": 0.9434072716074727, 
      "variance": 1.2840496649553785, 
      "pvalue": 0.9992311226969428, 
      "min": 0.0
    }, 
    "import_blocks": {
      "max": 4.5, 
      "mean": 1.15358, 
      "variance": 2.258829511600001, 
      "pvalue": 0.999999911943408, 
      "min": 0.0
    }, 
    "peer_stats": {
      "max": 46.0, 
      "mean": 16.263157894736842, 
      "variance": 196.2991689750692, 
      "pvalue": 1.264420770440112e-09, 
      "min": 5.9
    }, 
    "sync_blocks_recieved": {
      "max": 3.0, 
      "mean": 0.9434072716074727, 
      "variance": 1.2840496649553785, 
      "pvalue": 0.9996783730667562, 
      "min": 0.0
    }, 
    "kvdb_bytes_write": {
      "max": 10552436.205000006, 
      "mean": 2304634.011911883, 
      "variance": 18379718563567.04, 
      "pvalue": 0.06508292192110561, 
      "min": 0.0
    }
  }, 
  "blockchaincache_size": {
    "metric": {
      "__name__": "blockchaincache_size", 
      "job": "openethereum", 
      "instance": "172.17.0.1:3033"
    }, 
    "values": [
      [
        1633488988, 
        "5146064"
      ], 
      [
        1633489003, 
        "5109480"
      ], 
      [
        1633489018, 
        "5112128"
      ], 
      [
        1633489033, 
        "5112976"
      ], 
      [
        1633489048, 
        "5113664"
      ], 
      [
        1633489078, 
        "364392"
      ], 
      [
        1633489093, 
        "5227216"
      ], 
      [
        1633489108, 
        "112792"
      ], 
      [
        1633489123, 
        "2321928"
      ], 
      [
        1633489138, 
        "1140968"
      ], 
      [
        1633489153, 
        "1954024"
      ], 
      [
        1633489168, 
        "4650440"
      ], 
      [
        1633489183, 
        "9279256"
      ], 
      [
        1633489198, 
        "4637416"
      ], 
      [
        1633489213, 
        "4757648"
      ], 
      [
        1633489228, 
        "5021112"
      ], 
      [
        1633489243, 
        "5510520"
      ], 
      [
        1633489258, 
        "5510520"
      ], 
      [
        1633489288, 
        "5512968"
      ]
    ]
  }, 
  "kvdb_bytes_read": {
    "metric": {
      "instance": "172.17.0.1:3033", 
      "job": "openethereum"
    }, 
    "values": [
      [
        1633488988, 
        "382710.7"
      ], 
      [
        1633489003, 
        "485466.3"
      ], 
      [
        1633489018, 
        "437966.6"
      ], 
      [
        1633489033, 
        "397639.5"
      ], 
      [
        1633489048, 
        "379562.1"
      ], 
      [
        1633489063, 
        "229524.02685333334"
      ], 
      [
        1633489078, 
        "268295.8"
      ], 
      [
        1633489093, 
        "442569"
      ], 
      [
        1633489108, 
        "111987.71607999998"
      ], 
      [
        1633489123, 
        "393908.8"
      ], 
      [
        1633489138, 
        "331637.6"
      ], 
      [
        1633489153, 
        "30815.9"
      ], 
      [
        1633489168, 
        "22288.4"
      ], 
      [
        1633489183, 
        "113205.6"
      ], 
      [
        1633489198, 
        "33323.2"
      ], 
      [
        1633489213, 
        "72681.6"
      ], 
      [
        1633489228, 
        "108287.1"
      ], 
      [
        1633489243, 
        "93185.4"
      ], 
      [
        1633489258, 
        "78058.1"
      ], 
      [
        1633489288, 
        "4184.2895298706635"
      ]
    ]
  }, 
  "sync_blocks_highest": {
    "metric": {
      "instance": "172.17.0.1:3033", 
      "job": "openethereum"
    }, 
    "values": [
      [
        1633488988, 
        "0"
      ], 
      [
        1633489003, 
        "0"
      ], 
      [
        1633489018, 
        "0"
      ], 
      [
        1633489033, 
        "3"
      ], 
      [
        1633489048, 
        "1.5"
      ], 
      [
        1633489063, 
        "0"
      ], 
      [
        1633489078, 
        "3"
      ], 
      [
        1633489093, 
        "3"
      ], 
      [
        1633489108, 
        "1.9284"
      ], 
      [
        1633489123, 
        "1.5"
      ], 
      [
        1633489138, 
        "0"
      ], 
      [
        1633489153, 
        "0"
      ], 
      [
        1633489168, 
        "0"
      ], 
      [
        1633489183, 
        "0"
      ], 
      [
        1633489198, 
        "0"
      ], 
      [
        1633489213, 
        "0"
      ], 
      [
        1633489228, 
        "1.5"
      ], 
      [
        1633489243, 
        "0"
      ], 
      [
        1633489258, 
        "1.5"
      ], 
      [
        1633489288, 
        "1.939745432149456"
      ]
    ]
  }, 
  "import_blocks": {
    "metric": {
      "instance": "172.17.0.1:3033", 
      "job": "openethereum"
    }, 
    "values": [
      [
        1633488988, 
        "3"
      ], 
      [
        1633489003, 
        "4.5"
      ], 
      [
        1633489018, 
        "4.5"
      ], 
      [
        1633489033, 
        "1.5"
      ], 
      [
        1633489048, 
        "1.5"
      ], 
      [
        1633489063, 
        "2.0716"
      ], 
      [
        1633489078, 
        "0"
      ], 
      [
        1633489093, 
        "3"
      ], 
      [
        1633489108, 
        "0"
      ], 
      [
        1633489123, 
        "1.5"
      ], 
      [
        1633489138, 
        "1.5"
      ], 
      [
        1633489153, 
        "0"
      ], 
      [
        1633489168, 
        "0"
      ], 
      [
        1633489183, 
        "0"
      ], 
      [
        1633489198, 
        "0"
      ], 
      [
        1633489213, 
        "0"
      ], 
      [
        1633489228, 
        "0"
      ], 
      [
        1633489243, 
        "0"
      ], 
      [
        1633489258, 
        "0"
      ], 
      [
        1633489288, 
        "0"
      ]
    ]
  }, 
  "peer_stats": {
    "metric": {
      "__name__": "net_peers", 
      "job": "openethereum", 
      "instance": "172.17.0.1:3033"
    }, 
    "values": [
      [
        1633488988, 
        "46"
      ], 
      [
        1633489003, 
        "46"
      ], 
      [
        1633489018, 
        "45"
      ], 
      [
        1633489033, 
        "25"
      ], 
      [
        1633489048, 
        "26"
      ], 
      [
        1633489078, 
        "17"
      ], 
      [
        1633489093, 
        "13"
      ], 
      [
        1633489108, 
        "8"
      ], 
      [
        1633489123, 
        "7"
      ], 
      [
        1633489138, 
        "7"
      ], 
      [
        1633489153, 
        "5"
      ], 
      [
        1633489168, 
        "6"
      ], 
      [
        1633489183, 
        "6"
      ], 
      [
        1633489198, 
        "8"
      ], 
      [
        1633489213, 
        "6"
      ], 
      [
        1633489228, 
        "10"
      ], 
      [
        1633489243, 
        "10"
      ], 
      [
        1633489258, 
        "12"
      ], 
      [
        1633489288, 
        "6"
      ]
    ]
  }, 
  "sync_blocks_recieved": {
    "metric": {
      "instance": "172.17.0.1:3033", 
      "job": "openethereum"
    },