{
  "stat": {
    "blockchaincache_size": {
      "max": 6345043.999999999, 
      "mean": 4747736.842105263, 
      "variance": 1451736414153.396, 
      "pvalue": 0.1382186454375547, 
      "min": 3218556.0
    }, 
    "kvdb_bytes_read": {
      "max": 863508.1, 
      "mean": 357838.24768761906, 
      "variance": 82344756025.19058, 
      "pvalue": 0.005994591279251407, 
      "min": 44214.573840000005
    }, 
    "sync_blocks_highest": {
      "max": 3.0, 
      "mean": 1.225161904761905, 
      "variance": 2.0698052861678002, 
      "pvalue": 0.3590998974444921, 
      "min": 0.0
    }, 
    "import_blocks": {
      "max": 3.0, 
      "mean": 1.0843619047619046, 
      "variance": 1.2792878156916103, 
      "pvalue": 0.3628527482917372, 
      "min": 0.0
    }, 
    "peer_stats": {
      "max": 21.199999999999996, 
      "mean": 15.368421052631579, 
      "variance": 16.127423822714682, 
      "pvalue": 1.412772511169608e-13, 
      "min": 9.9
    }, 
    "sync_blocks_recieved": {
      "max": 3.0, 
      "mean": 1.1537333333333333, 
      "variance": 1.4897263746031748, 
      "pvalue": 0.37088556225448066, 
      "min": 0.0
    }, 
    "kvdb_bytes_write": {
      "max": 771989.9, 
      "mean": 298475.8232888889, 
      "variance": 134553293541.04288, 
      "pvalue": 0.2653228759062468, 
      "min": 0.0
    }
  }, 
  "blockchaincache_size": {
    "metric": {
      "__name__": "blockchaincache_size", 
      "job": "openethereum", 
      "instance": "172.17.0.1:3033"
    }, 
    "values": [
      [
        1633637627, 
        "3242112"
      ], 
      [
        1633637642, 
        "3242656"
      ], 
      [
        1633637657, 
        "3242928"
      ], 
      [
        1633637672, 
        "3242928"
      ], 
      [
        1633637687, 
        "3243464"
      ], 
      [
        1633637702, 
        "5537496"
      ], 
      [
        1633637717, 
        "5538304"
      ], 
      [
        1633637732, 
        "5538304"
      ], 
      [
        1633637747, 
        "6298488"
      ], 
      [
        1633637762, 
        "6299168"
      ], 
      [
        1633637777, 
        "3006552"
      ], 
      [
        1633637792, 
        "4348592"
      ], 
      [
        1633637807, 
        "4514264"
      ], 
      [
        1633637837, 
        "4714496"
      ], 
      [
        1633637867, 
        "4973648"
      ], 
      [
        1633637882, 
        "4974064"
      ], 
      [
        1633637897, 
        "5436336"
      ], 
      [
        1633637912, 
        "6757928"
      ], 
      [
        1633637927, 
        "6055272"
      ]
    ]
  }, 
  "kvdb_bytes_read": {
    "metric": {
      "instance": "172.17.0.1:3033", 
      "job": "openethereum"
    }, 
    "values": [
      [
        1633637627, 
        "863508.1"
      ], 
      [
        1633637642, 
        "560762.1"
      ], 
      [
        1633637657, 
        "275140.1"
      ], 
      [
        1633637672, 
        "53897.7"
      ], 
      [
        1633637687, 
        "133378.7"
      ], 
      [
        1633637702, 
        "89813.7"
      ], 
      [
        1633637717, 
        "486850.9"
      ], 
      [
        1633637732, 
        "79647.7"
      ], 
      [
        1633637747, 
        "877048.1"
      ], 
      [
        1633637762, 
        "847511.7"
      ], 
      [
        1633637777, 
        "117696.9"
      ], 
      [
        1633637792, 
        "489858.5"
      ], 
      [
        1633637807, 
        "92547.2"
      ], 
      [
        1633637822, 
        "303351.7356000001"
      ], 
      [
        1633637837, 
        "509704.7"
      ], 
      [
        1633637852, 
        "44214.573840000005"
      ], 
      [
        1633637867, 
        "35210"
      ], 
      [
        1633637882, 
        "195488.9536"
      ], 
      [
        1633637897, 
        "810465.1"
      ], 
      [
        1633637912, 
        "317669.4"
      ], 
      [
        1633637927, 
        "330837.3384"
      ]
    ]
  }, 
  "sync_blocks_highest": {
    "metric": {
      "instance": "172.17.0.1:3033", 
      "job": "openethereum"
    }, 
    "values": [
      [
        1633637627, 
        "0"
      ], 
      [
        1633637642, 
        "0"
      ], 
      [
        1633637657, 
        "1.5"
      ], 
      [
        1633637672, 
        "0"
      ], 
      [
        1633637687, 
        "1.5"
      ], 
      [
        1633637702, 
        "1.5"
      ], 
      [
        1633637717, 
        "0"
      ], 
      [
        1633637732, 
        "0"
      ], 
      [
        1633637747, 
        "6"
      ], 
      [
        1633637762, 
        "1.5"
      ], 
      [
        1633637777, 
        "1.5"
      ], 
      [
        1633637792, 
        "3"
      ], 
      [
        1633637807, 
        "1.5"
      ], 
      [
        1633637822, 
        "0"
      ], 
      [
        1633637837, 
        "1.5"
      ], 
      [
        1633637852, 
        "0"
      ], 
      [
        1633637867, 
        "3"
      ], 
      [
        1633637882, 
        "1.7284"
      ], 
      [
        1633637897, 
        "0"
      ], 
      [
        1633637912, 
        "1.5"
      ], 
      [
        1633637927, 
        "0"
      ]
    ]
  }, 
  "import_blocks": {
    "metric": {
      "instance": "172.17.0.1:3033", 
      "job": "openethereum"
    }, 
    "values": [
      [
        1633637627, 
        "1.5"
      ], 
      [
        1633637642, 
        "3"
      ], 
      [
        1633637657, 
        "1.5"
      ], 
      [
        1633637672, 
        "0"
      ], 
      [
        1633637687, 
        "0"
      ], 
      [
        1633637702, 
        "0"
      ], 
      [
        1633637717, 
        "1.5"
      ], 
      [
        1633637732, 
        "0"
      ], 
      [
        1633637747, 
        "3"
      ], 
      [
        1633637762, 
        "3"
      ], 
      [
        1633637777, 
        "0"
      ], 
      [
        1633637792, 
        "0"
      ], 
      [
        1633637807, 
        "0"
      ], 
      [
        1633637822, 
        "2.2716000000000003"
      ], 
      [
        1633637837, 
        "1.5"
      ], 
      [
        1633637852, 
        "0"
      ], 
      [
        1633637867, 
        "0"
      ], 
      [
        1633637882, 
        "1.7284"
      ], 
      [
        1633637897, 
        "0"
      ], 
      [
        1633637912, 
        "1.5"
      ], 
      [
        1633637927, 
        "2.2716000000000003"
      ]
    ]
  }, 
  "peer_stats": {
    "metric": {
      "__name__": "net_peers", 
      "job": "openethereum", 
      "instance": "172.17.0.1:3033"
    }, 
    "values": [
      [
        1633637627, 
        "15"
      ], 
      [
        1633637642, 
        "14"
      ], 
      [
        1633637657, 
        "12"
      ], 
      [
        1633637672, 
        "17"
      ], 
      [
        1633637687, 
        "19"
      ], 
      [
        1633637702, 
        "21"
      ], 
      [
        1633637717, 
        "23"
      ], 
      [
        1633637732, 
        "21"
      ], 
      [
        1633637747, 
        "20"
      ], 
      [
        1633637762, 
        "19"
      ], 
      [
        1633637777, 
        "11"
      ], 
      [
        1633637792, 
        "12"
      ], 
      [
        1633637807, 
        "13"
      ], 
      [
        1633637837, 
        "14"
      ], 
      [
        1633637867, 
        "12"
      ], 
      [
        1633637882, 
        "16"
      ], 
      [
        1633637897, 
        "14"
      ], 
      [
        1633637912, 
        "10"
      ], 
      [
        1633637927, 
        "9"
      ]
    ]
  }, 
  "sync_blocks_recieved": {
    "metric": {
      "instance": "172.17.0.1:3033", 
      "job": "openethereum"
    },