{
  "stat": {
    "blockchaincache_size": {
      "max": 7439016.0, 
      "mean": 5498827.80952381, 
      "variance": 525152758952.3446, 
      "pvalue": 9.956951565891307e-07, 
      "min": 4731440.0
    }, 
    "kvdb_bytes_read": {
      "max": 468410.2, 
      "mean": 412789.87619047624, 
      "variance": 17697498258.651337, 
      "pvalue": 5.08785694929292e-12, 
      "min": 324695.2
    }, 
    "sync_blocks_highest": {
      "max": 3.0, 
      "mean": 1.4285714285714286, 
      "variance": 1.1734693877551017, 
      "pvalue": 0.1759632952998698, 
      "min": 0.0
    }, 
    "import_blocks": {
      "max": 6.0, 
      "mean": 3.357142857142857, 
      "variance": 1.9081632653061225, 
      "pvalue": 1.272032961188377e-06, 
      "min": 1.5
    }, 
    "peer_stats": {
      "max": 46.0, 
      "mean": 44.42857142857143, 
      "variance": 1.6734693877551015, 
      "pvalue": 1.6968908805978206e-19, 
      "min": 43.0
    }, 
    "sync_blocks_recieved": {
      "max": 3.0, 
      "mean": 1.4285714285714286, 
      "variance": 1.1734693877551017, 
      "pvalue": 0.17286282358081173, 
      "min": 0.0
    }, 
    "kvdb_bytes_write": {
      "max": 1020638.0, 
      "mean": 748941.2095238096, 
      "variance": 45085753193.59896, 
      "pvalue": 2.6205648545169916e-09, 
      "min": 482307.0
    }
  }, 
  "blockchaincache_size": {
    "metric": {
      "__name__": "blockchaincache_size", 
      "job": "openethereum", 
      "instance": "172.17.0.1:3033"
    }, 
    "values": [
      [
        1633488687, 
        "5806728"
      ], 
      [
        1633488702, 
        "5807544"
      ], 
      [
        1633488717, 
        "5808088"
      ], 
      [
        1633488732, 
        "5363576"
      ], 
      [
        1633488747, 
        "5364952"
      ], 
      [
        1633488762, 
        "7659256"
      ], 
      [
        1633488777, 
        "5364408"
      ], 
      [
        1633488792, 
        "5365648"
      ], 
      [
        1633488807, 
        "5179144"
      ], 
      [
        1633488822, 
        "5180520"
      ], 
      [
        1633488837, 
        "4729648"
      ], 
      [
        1633488852, 
        "4731440"
      ], 
      [
        1633488867, 
        "5197672"
      ], 
      [
        1633488882, 
        "5608704"
      ], 
      [
        1633488897, 
        "5143456"
      ], 
      [
        1633488912, 
        "7439016"
      ], 
      [
        1633488927, 
        "5144832"
      ], 
      [
        1633488942, 
        "5143896"
      ], 
      [
        1633488957, 
        "5145832"
      ], 
      [
        1633488972, 
        "5144960"
      ], 
      [
        1633488987, 
        "5146064"
      ]
    ]
  }, 
  "kvdb_bytes_read": {
    "metric": {
      "instance": "172.17.0.1:3033", 
      "job": "openethereum"
    }, 
    "values": [
      [
        1633488687, 
        "389339"
      ], 
      [
        1633488702, 
        "410840.3"
      ], 
      [
        1633488717, 
        "357493.9"
      ], 
      [
        1633488732, 
        "422317.3"
      ], 
      [
        1633488747, 
        "468410.2"
      ], 
      [
        1633488762, 
        "393382.7"
      ], 
      [
        1633488777, 
        "315288.3"
      ], 
      [
        1633488792, 
        "324695.2"
      ], 
      [
        1633488807, 
        "410966.9"
      ], 
      [
        1633488822, 
        "379566"
      ], 
      [
        1633488837, 
        "373790.1"
      ], 
      [
        1633488852, 
        "422389.2"
      ], 
      [
        1633488867, 
        "374494.7"
      ], 
      [
        1633488882, 
        "984738.2"
      ], 
      [
        1633488897, 
        "330275.5"
      ], 
      [
        1633488912, 
        "345627.4"
      ], 
      [
        1633488927, 
        "430489"
      ], 
      [
        1633488942, 
        "384002.1"
      ], 
      [
        1633488957, 
        "404609.9"
      ], 
      [
        1633488972, 
        "363160.8"
      ], 
      [
        1633488987, 
        "382710.7"
      ]
    ]
  }, 
  "sync_blocks_highest": {
    "metric": {
      "instance": "172.17.0.1:3033", 
      "job": "openethereum"
    }, 
    "values": [
      [
        1633488687, 
        "1.5"
      ], 
      [
        1633488702, 
        "3"
      ], 
      [
        1633488717, 
        "0"
      ], 
      [
        1633488732, 
        "1.5"
      ], 
      [
        1633488747, 
        "1.5"
      ], 
      [
        1633488762, 
        "0"
      ], 
      [
        1633488777, 
        "4.5"
      ], 
      [
        1633488792, 
        "1.5"
      ], 
      [
        1633488807, 
        "1.5"
      ], 
      [
        1633488822, 
        "1.5"
      ], 
      [
        1633488837, 
        "1.5"
      ], 
      [
        1633488852, 
        "1.5"
      ], 
      [
        1633488867, 
        "1.5"
      ], 
      [
        1633488882, 
        "1.5"
      ], 
      [
        1633488897, 
        "0"
      ], 
      [
        1633488912, 
        "0"
      ], 
      [
        1633488927, 
        "1.5"
      ], 
      [
        1633488942, 
        "1.5"
      ], 
      [
        1633488957, 
        "3"
      ], 
      [
        1633488972, 
        "1.5"
      ], 
      [
        1633488987, 
        "0"
      ]
    ]
  }, 
  "import_blocks": {
    "metric": {
      "instance": "172.17.0.1:3033", 
      "job": "openethereum"
    }, 
    "values": [
      [
        1633488687, 
        "3"
      ], 
      [
        1633488702, 
        "1.5"
      ], 
      [
        1633488717, 
        "1.5"
      ], 
      [
        1633488732, 
        "4.5"
      ], 
      [
        1633488747, 
        "4.5"
      ], 
      [
        1633488762, 
        "1.5"
      ], 
      [
        1633488777, 
        "4.5"
      ], 
      [
        1633488792, 
        "3"
      ], 
      [
        1633488807, 
        "3"
      ], 
      [
        1633488822, 
        "4.5"
      ], 
      [
        1633488837, 
        "3"
      ], 
      [
        1633488852, 
        "6"
      ], 
      [
        1633488867, 
        "3"
      ], 
      [
        1633488882, 
        "3"
      ], 
      [
        1633488897, 
        "1.5"
      ], 
      [
        1633488912, 
        "4.5"
      ], 
      [
        1633488927, 
        "4.5"
      ], 
      [
        1633488942, 
        "3"
      ], 
      [
        1633488957, 
        "6"
      ], 
      [
        1633488972, 
        "1.5"
      ], 
      [
        1633488987, 
        "3"
      ]
    ]
  }, 
  "peer_stats": {
    "metric": {
      "__name__": "net_peers", 
      "job": "openethereum", 
      "instance": "172.17.0.1:3033"
    }, 
    "values": [
      [
        1633488687, 
        "45"
      ], 
      [
        1633488702, 
        "44"
      ], 
      [
        1633488717, 
        "44"
      ], 
      [
        1633488732, 
        "44"
      ], 
      [
        1633488747, 
        "46"
      ], 
      [
        1633488762, 
        "43"
      ], 
      [
        1633488777, 
        "43"
      ], 
      [
        1633488792, 
        "43"
      ], 
      [
        1633488807, 
        "42"
      ], 
      [
        1633488822, 
        "43"
      ], 
      [
        1633488837, 
        "43"
      ], 
      [
        1633488852, 
        "43"
      ], 
      [
        1633488867, 
        "45"
      ], 
      [
        1633488882, 
        "45"
      ], 
      [
        1633488897, 
        "45"
      ], 
      [
        1633488912, 
        "45"
      ], 
      [
        1633488927, 
        "46"
      ], 
      [
        1633488942, 
        "46"
      ], 
      [
        1633488957, 
        "46"
      ], 
      [
        1633488972, 
        "46"
      ], 
      [
        1633488987, 
        "46"
      ]
    ]
  }, 
  "sync_blocks_recieved": {
    "metric": {
      "instance": "172.17.0.1:3033", 
      "job": "openethereum"
    },