{
  "stat": {
    "blockchaincache_size": {
      "max": 6238024.0, 
      "mean": 5683173.333333333, 
      "variance": 542438636728.88885, 
      "pvalue": 1.4279459546624734e-07, 
      "min": 5108848.0
    }, 
    "kvdb_bytes_read": {
      "max": 579678.6, 
      "mean": 309455.28571428574, 
      "variance": 28563526009.63741, 
      "pvalue": 0.00017292576261386186, 
      "min": 85820.5
    }, 
    "sync_blocks_highest": {
      "max": 1.5, 
      "mean": 0.7857142857142857, 
      "variance": 0.7755102040816326, 
      "pvalue": 0.8702001417188631, 
      "min": 0.0
    }, 
    "import_blocks": {
      "max": 3.0, 
      "mean": 0.9285714285714286, 
      "variance": 0.9591836734693876, 
      "pvalue": 0.9785747008012934, 
      "min": 0.0
    }, 
    "peer_stats": {
      "max": 32.0, 
      "mean": 27.61904761904762, 
      "variance": 5.283446712018138, 
      "pvalue": 0.7255552891193149, 
      "min": 25.0
    }, 
    "sync_blocks_recieved": {
      "max": 1.5, 
      "mean": 0.7857142857142857, 
      "variance": 0.7755102040816326, 
      "pvalue": 0.8429051954665239, 
      "min": 0.0
    }, 
    "kvdb_bytes_write": {
      "max": 556769.2, 
      "mean": 223273.63333333336, 
      "variance": 54249427625.02794, 
      "pvalue": 0.2921333214104763, 
      "min": 0.0
    }
  }, 
  "blockchaincache_size": {
    "metric": {
      "__name__": "blockchaincache_size", 
      "job": "openethereum", 
      "instance": "172.17.0.1:3033"
    }, 
    "values": [
      [
        1633489892, 
        "5108848"
      ], 
      [
        1633489907, 
        "5109264"
      ], 
      [
        1633489922, 
        "5109952"
      ], 
      [
        1633489937, 
        "5109952"
      ], 
      [
        1633489952, 
        "5683936"
      ], 
      [
        1633489967, 
        "5683936"
      ], 
      [
        1633489982, 
        "5684352"
      ], 
      [
        1633489997, 
        "5685184"
      ], 
      [
        1633490012, 
        "5685456"
      ], 
      [
        1633490027, 
        "5685456"
      ], 
      [
        1633490042, 
        "5686280"
      ], 
      [
        1633490057, 
        "6236072"
      ], 
      [
        1633490072, 
        "6236344"
      ], 
      [
        1633490087, 
        "6236344"
      ], 
      [
        1633490102, 
        "6236760"
      ], 
      [
        1633490117, 
        "6236760"
      ], 
      [
        1633490132, 
        "6237752"
      ], 
      [
        1633490147, 
        "6238024"
      ], 
      [
        1633490162, 
        "6238024"
      ], 
      [
        1633490177, 
        "6238864"
      ], 
      [
        1633490192, 
        "2979080"
      ]
    ]
  }, 
  "kvdb_bytes_read": {
    "metric": {
      "instance": "172.17.0.1:3033", 
      "job": "openethereum"
    }, 
    "values": [
      [
        1633489892, 
        "142954.7"
      ], 
      [
        1633489907, 
        "312917.6"
      ], 
      [
        1633489922, 
        "378267.6"
      ], 
      [
        1633489937, 
        "330507.6"
      ], 
      [
        1633489952, 
        "295934.1"
      ], 
      [
        1633489967, 
        "502527.1"
      ], 
      [
        1633489982, 
        "330585.9"
      ], 
      [
        1633489997, 
        "267244"
      ], 
      [
        1633490012, 
        "293930.3"
      ], 
      [
        1633490027, 
        "126932.9"
      ], 
      [
        1633490042, 
        "579678.6"
      ], 
      [
        1633490057, 
        "303141"
      ], 
      [
        1633490072, 
        "221864.9"
      ], 
      [
        1633490087, 
        "86226.2"
      ], 
      [
        1633490102, 
        "314316.4"
      ], 
      [
        1633490117, 
        "74793.1"
      ], 
      [
        1633490132, 
        "418340.9"
      ], 
      [
        1633490147, 
        "325229.6"
      ], 
      [
        1633490162, 
        "302058"
      ], 
      [
        1633490177, 
        "805290"
      ], 
      [
        1633490192, 
        "85820.5"
      ]
    ]
  }, 
  "sync_blocks_highest": {
    "metric": {
      "instance": "172.17.0.1:3033", 
      "job": "openethereum"
    }, 
    "values": [
      [
        1633489892, 
        "1.5"
      ], 
      [
        1633489907, 
        "0"
      ], 
      [
        1633489922, 
        "1.5"
      ], 
      [
        1633489937, 
        "1.5"
      ], 
      [
        1633489952, 
        "1.5"
      ], 
      [
        1633489967, 
        "0"
      ], 
      [
        1633489982, 
        "3"
      ], 
      [
        1633489997, 
        "0"
      ], 
      [
        1633490012, 
        "1.5"
      ], 
      [
        1633490027, 
        "1.5"
      ], 
      [
        1633490042, 
        "1.5"
      ], 
      [
        1633490057, 
        "0"
      ], 
      [
        1633490072, 
        "0"
      ], 
      [
        1633490087, 
        "0"
      ], 
      [
        1633490102, 
        "0"
      ], 
      [
        1633490117, 
        "0"
      ], 
      [
        1633490132, 
        "0"
      ], 
      [
        1633490147, 
        "1.5"
      ], 
      [
        1633490162, 
        "0"
      ], 
      [
        1633490177, 
        "1.5"
      ], 
      [
        1633490192, 
        "0"
      ]
    ]
  }, 
  "import_blocks": {
    "metric": {
      "instance": "172.17.0.1:3033", 
      "job": "openethereum"
    }, 
    "values": [
      [
        1633489892, 
        "1.5"
      ], 
      [
        1633489907, 
        "1.5"
      ], 
      [
        1633489922, 
        "3"
      ], 
      [
        1633489937, 
        "0"
      ], 
      [
        1633489952, 
        "1.5"
      ], 
      [
        1633489967, 
        "0"
      ], 
      [
        1633489982, 
        "1.5"
      ], 
      [
        1633489997, 
        "0"
      ], 
      [
        1633490012, 
        "1.5"
      ], 
      [
        1633490027, 
        "0"
      ], 
      [
        1633490042, 
        "1.5"
      ], 
      [
        1633490057, 
        "0"
      ], 
      [
        1633490072, 
        "1.5"
      ], 
      [
        1633490087, 
        "0"
      ], 
      [
        1633490102, 
        "1.5"
      ], 
      [
        1633490117, 
        "0"
      ], 
      [
        1633490132, 
        "3"
      ], 
      [
        1633490147, 
        "0"
      ], 
      [
        1633490162, 
        "0"
      ], 
      [
        1633490177, 
        "1.5"
      ], 
      [
        1633490192, 
        "0"
      ]
    ]
  }, 
  "peer_stats": {
    "metric": {
      "__name__": "net_peers", 
      "job": "openethereum", 
      "instance": "172.17.0.1:3033"
    }, 
    "values": [
      [
        1633489892, 
        "25"
      ], 
      [
        1633489907, 
        "25"
      ], 
      [
        1633489922, 
        "25"
      ], 
      [
        1633489937, 
        "26"
      ], 
      [
        1633489952, 
        "29"
      ], 
      [
        1633489967, 
        "26"
      ], 
      [
        1633489982, 
        "27"
      ], 
      [
        1633489997, 
        "26"
      ], 
      [
        1633490012, 
        "26"
      ], 
      [
        1633490027, 
        "26"
      ], 
      [
        1633490042, 
        "27"
      ], 
      [
        1633490057, 
        "24"
      ], 
      [
        1633490072, 
        "29"
      ], 
      [
        1633490087, 
        "30"
      ], 
      [
        1633490102, 
        "29"
      ], 
      [
        1633490117, 
        "32"
      ], 
      [
        1633490132, 
        "32"
      ], 
      [
        1633490147, 
        "31"
      ], 
      [
        1633490162, 
        "29"
      ], 
      [
        1633490177, 
        "28"
      ], 
      [
        1633490192, 
        "28"
      ]
    ]
  }, 
  "sync_blocks_recieved": {
    "metric": {
      "instance": "172.17.0.1:3033", 
      "job": "openethereum"
    },