{
  "stat": {
    "blockchaincache_size": {
      "max": 7046537.6, 
      "mean": 5226872.842105263, 
      "variance": 1855687616598.87, 
      "pvalue": 0.028184986821810903, 
      "min": 2905147.2
    }, 
    "kvdb_bytes_read": {
      "max": 677695.6, 
      "mean": 391238.81928888883, 
      "variance": 52165972171.65902, 
      "pvalue": 3.2845546506614236e-05, 
      "min": 52650.2
    }, 
    "sync_blocks_highest": {
      "max": 1.8716000000000002, 
      "mean": 0.9462666666666667, 
      "variance": 0.7713835174603174, 
      "pvalue": 0.899863364384024, 
      "min": 0.0
    }, 
    "import_blocks": {
      "max": 1.5, 
      "mean": 0.8571428571428571, 
      "variance": 0.7653061224489794, 
      "pvalue": 0.7173784600128592, 
      "min": 0.0
    }, 
    "peer_stats": {
      "max": 27.0, 
      "mean": 22.63157894736842, 
      "variance": 8.864265927977842, 
      "pvalue": 1.219951435960274e-06, 
      "min": 17.7
    }, 
    "sync_blocks_recieved": {
      "max": 1.8716000000000002, 
      "mean": 0.9462666666666667, 
      "variance": 0.7713835174603174, 
      "pvalue": 0.8753904682158578, 
      "min": 0.0
    }, 
    "kvdb_bytes_write": {
      "max": 851253.9636533334, 
      "mean": 363301.6935073016, 
      "variance": 278218469551.02057, 
      "pvalue": 0.8631354700946483, 
      "min": 0.0
    }
  }, 
  "blockchaincache_size": {
    "metric": {
      "__name__": "blockchaincache_size", 
      "job": "openethereum", 
      "instance": "172.17.0.1:3033"
    }, 
    "values": [
      [
        1633489589, 
        "2389872"
      ], 
      [
        1633489604, 
        "2962400"
      ], 
      [
        1633489619, 
        "2962400"
      ], 
      [
        1633489634, 
        "7021376"
      ], 
      [
        1633489664, 
        "4074960"
      ], 
      [
        1633489679, 
        "6004048"
      ], 
      [
        1633489694, 
        "7272992"
      ], 
      [
        1633489709, 
        "6412568"
      ], 
      [
        1633489724, 
        "4501912"
      ], 
      [
        1633489739, 
        "4886760"
      ], 
      [
        1633489754, 
        "6931488"
      ], 
      [
        1633489769, 
        "5665184"
      ], 
      [
        1633489784, 
        "5809088"
      ], 
      [
        1633489814, 
        "5809896"
      ], 
      [
        1633489829, 
        "6479392"
      ], 
      [
        1633489844, 
        "4801064"
      ], 
      [
        1633489859, 
        "5108032"
      ], 
      [
        1633489874, 
        "5108576"
      ], 
      [
        1633489889, 
        "5108576"
      ]
    ]
  }, 
  "kvdb_bytes_read": {
    "metric": {
      "instance": "172.17.0.1:3033", 
      "job": "openethereum"
    }, 
    "values": [
      [
        1633489589, 
        "513738.4"
      ], 
      [
        1633489604, 
        "52650.2"
      ], 
      [
        1633489619, 
        "416176"
      ], 
      [
        1633489634, 
        "437554.8"
      ], 
      [
        1633489649, 
        "19381.91528"
      ], 
      [
        1633489664, 
        "181397.4"
      ], 
      [
        1633489679, 
        "806460.6"
      ], 
      [
        1633489694, 
        "492593.4"
      ], 
      [
        1633489709, 
        "546267.3"
      ], 
      [
        1633489724, 
        "661102.2"
      ], 
      [
        1633489739, 
        "327229.3"
      ], 
      [
        1633489754, 
        "101957.3"
      ], 
      [
        1633489769, 
        "344098.1"
      ], 
      [
        1633489784, 
        "513463.1"
      ], 
      [
        1633489799, 
        "54653.58978666667"
      ], 
      [
        1633489814, 
        "677695.6"
      ], 
      [
        1633489829, 
        "597176.4"
      ], 
      [
        1633489844, 
        "318827.1"
      ], 
      [
        1633489859, 
        "622534.9"
      ], 
      [
        1633489874, 
        "450150.4"
      ], 
      [
        1633489889, 
        "80907.2"
      ]
    ]
  }, 
  "sync_blocks_highest": {
    "metric": {
      "instance": "172.17.0.1:3033", 
      "job": "openethereum"
    }, 
    "values": [
      [
        1633489589, 
        "1.5"
      ], 
      [
        1633489604, 
        "1.5"
      ], 
      [
        1633489619, 
        "3"
      ], 
      [
        1633489634, 
        "0"
      ], 
      [
        1633489649, 
        "1.8716000000000002"
      ], 
      [
        1633489664, 
        "1.5"
      ], 
      [
        1633489679, 
        "1.5"
      ], 
      [
        1633489694, 
        "1.5"
      ], 
      [
        1633489709, 
        "0"
      ], 
      [
        1633489724, 
        "1.5"
      ], 
      [
        1633489739, 
        "0"
      ], 
      [
        1633489754, 
        "1.5"
      ], 
      [
        1633489769, 
        "0"
      ], 
      [
        1633489784, 
        "0"
      ], 
      [
        1633489799, 
        "0"
      ], 
      [
        1633489814, 
        "0"
      ], 
      [
        1633489829, 
        "0"
      ], 
      [
        1633489844, 
        "1.5"
      ], 
      [
        1633489859, 
        "1.5"
      ], 
      [
        1633489874, 
        "1.5"
      ], 
      [
        1633489889, 
        "0"
      ]
    ]
  }, 
  "import_blocks": {
    "metric": {
      "instance": "172.17.0.1:3033", 
      "job": "openethereum"
    }, 
    "values": [
      [
        1633489589, 
        "0"
      ], 
      [
        1633489604, 
        "0"
      ], 
      [
        1633489619, 
        "0"
      ], 
      [
        1633489634, 
        "1.5"
      ], 
      [
        1633489649, 
        "0"
      ], 
      [
        1633489664, 
        "0"
      ], 
      [
        1633489679, 
        "0"
      ], 
      [
        1633489694, 
        "1.5"
      ], 
      [
        1633489709, 
        "1.5"
      ], 
      [
        1633489724, 
        "1.5"
      ], 
      [
        1633489739, 
        "1.5"
      ], 
      [
        1633489754, 
        "0"
      ], 
      [
        1633489769, 
        "0"
      ], 
      [
        1633489784, 
        "3"
      ], 
      [
        1633489799, 
        "0"
      ], 
      [
        1633489814, 
        "1.5"
      ], 
      [
        1633489829, 
        "1.5"
      ], 
      [
        1633489844, 
        "1.5"
      ], 
      [
        1633489859, 
        "1.5"
      ], 
      [
        1633489874, 
        "1.5"
      ], 
      [
        1633489889, 
        "0"
      ]
    ]
  }, 
  "peer_stats": {
    "metric": {
      "__name__": "net_peers", 
      "job": "openethereum", 
      "instance": "172.17.0.1:3033"
    }, 
    "values": [
      [
        1633489589, 
        "22"
      ], 
      [
        1633489604, 
        "25"
      ], 
      [
        1633489619, 
        "20"
      ], 
      [
        1633489634, 
        "22"
      ], 
      [
        1633489664, 
        "23"
      ], 
      [
        1633489679, 
        "22"
      ], 
      [
        1633489694, 
        "15"
      ], 
      [
        1633489709, 
        "18"
      ], 
      [
        1633489724, 
        "19"
      ], 
      [
        1633489739, 
        "24"
      ], 
      [
        1633489754, 
        "27"
      ], 
      [
        1633489769, 
        "25"
      ], 
      [
        1633489784, 
        "27"
      ], 
      [
        1633489814, 
        "21"
      ], 
      [
        1633489829, 
        "25"
      ], 
      [
        1633489844, 
        "24"
      ], 
      [
        1633489859, 
        "23"
      ], 
      [
        1633489874, 
        "23"
      ], 
      [
        1633489889, 
        "25"
      ]
    ]
  }, 
  "sync_blocks_recieved": {
    "metric": {
      "instance": "172.17.0.1:3033", 
      "job": "openethereum"
    },