{
  "stat": {
    "blockchaincache_size": {
      "max": 20166095.999999993, 
      "mean": 6297343.529411765, 
      "variance": 43146399437932.96, 
      "pvalue": 0.22043712824238526, 
      "min": 2936985.6
    }, 
    "kvdb_bytes_read": {
      "max": 732921.0999999999, 
      "mean": 369223.2717038596, 
      "variance": 44948913440.11358, 
      "pvalue": 5.510500462938331e-05, 
      "min": 88303.31000000001
    }, 
    "sync_blocks_highest": {
      "max": 4.5, 
      "mean": 1.4871999999999999, 
      "variance": 3.2419385936842104, 
      "pvalue": 0.33224110221917214, 
      "min": 0.0
    }, 
    "import_blocks": {
      "max": 3.0743199999999984, 
      "mean": 0.7496421052631579, 
      "variance": 1.4781180950692516, 
      "pvalue": 0.1028058000462892, 
      "min": 0.0
    }, 
    "peer_stats": {
      "max": 24.2, 
      "mean": 14.411764705882353, 
      "variance": 23.06574394463668, 
      "pvalue": 7.561149388350118e-12, 
      "min": 8.8
    }, 
    "sync_blocks_recieved": {
      "max": 4.5, 
      "mean": 1.4871999999999999, 
      "variance": 3.2419385936842104, 
      "pvalue": 0.3367675319856686, 
      "min": 0.0
    }, 
    "kvdb_bytes_write": {
      "max": 4159039.739999998, 
      "mean": 681352.5722119297, 
      "variance": 1870407319579.95, 
      "pvalue": 0.3112322077166, 
      "min": 0.0
    }
  }, 
  "blockchaincache_size": {
    "metric": {
      "__name__": "blockchaincache_size", 
      "job": "openethereum", 
      "instance": "172.17.0.1:3033"
    }, 
    "values": [
      [
        1633637324, 
        "3723728"
      ], 
      [
        1633637354, 
        "3724544"
      ], 
      [
        1633637369, 
        "3724544"
      ], 
      [
        1633637384, 
        "3724544"
      ], 
      [
        1633637399, 
        "3724952"
      ], 
      [
        1633637429, 
        "3725496"
      ], 
      [
        1633637444, 
        "4142728"
      ], 
      [
        1633637459, 
        "4142728"
      ], 
      [
        1633637474, 
        "4143288"
      ], 
      [
        1633637504, 
        "11311392"
      ], 
      [
        1633637519, 
        "18294480"
      ], 
      [
        1633637534, 
        "27652560"
      ], 
      [
        1633637564, 
        "2387968"
      ], 
      [
        1633637579, 
        "3074240"
      ], 
      [
        1633637594, 
        "3074240"
      ], 
      [
        1633637609, 
        "3241296"
      ], 
      [
        1633637624, 
        "3242112"
      ]
    ]
  }, 
  "kvdb_bytes_read": {
    "metric": {
      "instance": "172.17.0.1:3033", 
      "job": "openethereum"
    }, 
    "values": [
      [
        1633637324, 
        "89440.6"
      ], 
      [
        1633637354, 
        "424794.1"
      ], 
      [
        1633637369, 
        "157927.4"
      ], 
      [
        1633637384, 
        "311144.1"
      ], 
      [
        1633637399, 
        "392129.5"
      ], 
      [
        1633637414, 
        "339787.98181333335"
      ], 
      [
        1633637429, 
        "78067.7"
      ], 
      [
        1633637444, 
        "363861.6"
      ], 
      [
        1633637459, 
        "131179.6"
      ], 
      [
        1633637474, 
        "514264.6"
      ], 
      [
        1633637504, 
        "720398.3"
      ], 
      [
        1633637519, 
        "403368.3"
      ], 
      [
        1633637534, 
        "654050.5"
      ], 
      [
        1633637549, 
        "460835.45864"
      ], 
      [
        1633637564, 
        "161521.72192"
      ], 
      [
        1633637579, 
        "498121.8"
      ], 
      [
        1633637594, 
        "343107.1"
      ], 
      [
        1633637609, 
        "125615.5"
      ], 
      [
        1633637624, 
        "845626.3"
      ]
    ]
  }, 
  "sync_blocks_highest": {
    "metric": {
      "instance": "172.17.0.1:3033", 
      "job": "openethereum"
    }, 
    "values": [
      [
        1633637324, 
        "0"
      ], 
      [
        1633637354, 
        "4.5"
      ], 
      [
        1633637369, 
        "0"
      ], 
      [
        1633637384, 
        "3"
      ], 
      [
        1633637399, 
        "0"
      ], 
      [
        1633637414, 
        "0"
      ], 
      [
        1633637429, 
        "4.5"
      ], 
      [
        1633637444, 
        "0"
      ], 
      [
        1633637459, 
        "4.5"
      ], 
      [
        1633637474, 
        "0"
      ], 
      [
        1633637504, 
        "3"
      ], 
      [
        1633637519, 
        "0"
      ], 
      [
        1633637534, 
        "1.5"
      ], 
      [
        1633637549, 
        "0"
      ], 
      [
        1633637564, 
        "4.2568"
      ], 
      [
        1633637579, 
        "0"
      ], 
      [
        1633637594, 
        "1.5"
      ], 
      [
        1633637609, 
        "1.5"
      ], 
      [
        1633637624, 
        "0"
      ]
    ]
  }, 
  "import_blocks": {
    "metric": {
      "instance": "172.17.0.1:3033", 
      "job": "openethereum"
    }, 
    "values": [
      [
        1633637324, 
        "0"
      ], 
      [
        1633637354, 
        "0"
      ], 
      [
        1633637369, 
        "0"
      ], 
      [
        1633637384, 
        "0"
      ], 
      [
        1633637399, 
        "1.5"
      ], 
      [
        1633637414, 
        "3.7432000000000003"
      ], 
      [
        1633637429, 
        "0"
      ], 
      [
        1633637444, 
        "0"
      ], 
      [
        1633637459, 
        "0"
      ], 
      [
        1633637474, 
        "1.5"
      ], 
      [
        1633637504, 
        "1.5"
      ], 
      [
        1633637519, 
        "0"
      ], 
      [
        1633637534, 
        "0"
      ], 
      [
        1633637549, 
        "0"
      ], 
      [
        1633637564, 
        "0"
      ], 
      [
        1633637579, 
        "3"
      ], 
      [
        1633637594, 
        "0"
      ], 
      [
        1633637609, 
        "0"
      ], 
      [
        1633637624, 
        "3"
      ]
    ]
  }, 
  "peer_stats": {
    "metric": {
      "__name__": "net_peers", 
      "job": "openethereum", 
      "instance": "172.17.0.1:3033"
    }, 
    "values": [
      [
        1633637324, 
        "14"
      ], 
      [
        1633637354, 
        "10"
      ], 
      [
        1633637369, 
        "8"
      ], 
      [
        1633637384, 
        "10"
      ], 
      [
        1633637399, 
        "10"
      ], 
      [
        1633637429, 
        "9"
      ], 
      [
        1633637444, 
        "10"
      ], 
      [
        1633637459, 
        "13"
      ], 
      [
        1633637474, 
        "17"
      ], 
      [
        1633637504, 
        "18"
      ], 
      [
        1633637519, 
        "25"
      ], 
      [
        1633637534, 
        "24"
      ], 
      [
        1633637564, 
        "18"
      ], 
      [
        1633637579, 
        "15"
      ], 
      [
        1633637594, 
        "15"
      ], 
      [
        1633637609, 
        "13"
      ], 
      [
        1633637624, 
        "16"
      ]
    ]
  }, 
  "sync_blocks_recieved": {
    "metric": {
      "instance": "172.17.0.1:3033", 
      "job": "openethereum"
    },