{
  "stat": {
    "blockchaincache_size": {
      "max": 6030636.8, 
      "mean": 4727900.666666667, 
      "variance": 1723504268122.2224, 
      "pvalue": 0.13593352011873217, 
      "min": 3173651.2
    }, 
    "kvdb_bytes_read": {
      "max": 627587.5149999999, 
      "mean": 263984.698143848, 
      "variance": 50111704212.84457, 
      "pvalue": 0.24016889421352128, 
      "min": 597.9304586666667
    }, 
    "sync_blocks_highest": {
      "max": 3.0, 
      "mean": 0.9323514416462576, 
      "variance": 1.461838515365281, 
      "pvalue": 0.3219789614008186, 
      "min": 0.0
    }, 
    "import_blocks": {
      "max": 3.0, 
      "mean": 0.9323514416462576, 
      "variance": 1.4618385153652809, 
      "pvalue": 0.3704250347757522, 
      "min": 0.0
    }, 
    "peer_stats": {
      "max": 11.0, 
      "mean": 6.083333333333333, 
      "variance": 9.743055555555555, 
      "pvalue": 9.605907004852613e-10, 
      "min": 2.0
    }, 
    "sync_blocks_recieved": {
      "max": 4.5, 
      "mean": 1.0394942987891147, 
      "variance": 2.6969979003186326, 
      "pvalue": 0.2347367326968105, 
      "min": 0.0
    }, 
    "kvdb_bytes_write": {
      "max": 711641.0549999999, 
      "mean": 224707.51638945585, 
      "variance": 74416814467.30762, 
      "pvalue": 0.19236888249743272, 
      "min": 0.0
    }
  }, 
  "blockchaincache_size": {
    "metric": {
      "__name__": "blockchaincache_size", 
      "job": "openethereum", 
      "instance": "172.17.0.1:3033"
    }, 
    "values": [
      [
        1633657051, 
        "3164640"
      ], 
      [
        1633657066, 
        "3181024"
      ], 
      [
        1633657081, 
        "3181024"
      ], 
      [
        1633657111, 
        "3199648"
      ], 
      [
        1633657141, 
        "3219504"
      ], 
      [
        1633657156, 
        "5554712"
      ], 
      [
        1633657216, 
        "5556072"
      ], 
      [
        1633657231, 
        "5557032"
      ], 
      [
        1633657261, 
        "6029432"
      ], 
      [
        1633657276, 
        "6030392"
      ], 
      [
        1633657291, 
        "6030392"
      ], 
      [
        1633657321, 
        "6030936"
      ]
    ]
  }, 
  "kvdb_bytes_read": {
    "metric": {
      "instance": "172.17.0.1:3033", 
      "job": "openethereum"
    }, 
    "values": [
      [
        1633657051, 
        "10.596906666666666"
      ], 
      [
        1633657066, 
        "667820.5"
      ], 
      [
        1633657111, 
        "605923.6"
      ], 
      [
        1633657126, 
        "339200"
      ], 
      [
        1633657141, 
        "247064.22970666664"
      ], 
      [
        1633657156, 
        "441554.9"
      ], 
      [
        1633657201, 
        "61457.8"
      ], 
      [
        1633657216, 
        "12713.333093333333"
      ], 
      [
        1633657231, 
        "541251"
      ], 
      [
        1633657246, 
        "275434.2"
      ], 
      [
        1633657261, 
        "89369.9"
      ], 
      [
        1633657276, 
        "90471.5"
      ], 
      [
        1633657291, 
        "914.1869866666667"
      ], 
      [
        1633657321, 
        "322600.02732053824"
      ]
    ]
  }, 
  "sync_blocks_highest": {
    "metric": {
      "instance": "172.17.0.1:3033", 
      "job": "openethereum"
    }, 
    "values": [
      [
        1633657051, 
        "1.5284"
      ], 
      [
        1633657066, 
        "0"
      ], 
      [
        1633657111, 
        "1.5"
      ], 
      [
        1633657126, 
        "3"
      ], 
      [
        1633657141, 
        "0"
      ], 
      [
        1633657156, 
        "0"
      ], 
      [
        1633657201, 
        "3"
      ], 
      [
        1633657216, 
        "0"
      ], 
      [
        1633657231, 
        "0"
      ], 
      [
        1633657246, 
        "0"
      ], 
      [
        1633657261, 
        "3"
      ], 
      [
        1633657276, 
        "0"
      ], 
      [
        1633657291, 
        "0"
      ], 
      [
        1633657321, 
        "1.024520183047606"
      ]
    ]
  }, 
  "import_blocks": {
    "metric": {
      "instance": "172.17.0.1:3033", 
      "job": "openethereum"
    }, 
    "values": [
      [
        1633657051, 
        "0"
      ], 
      [
        1633657066, 
        "3"
      ], 
      [
        1633657111, 
        "0"
      ], 
      [
        1633657126, 
        "0"
      ], 
      [
        1633657141, 
        "1.5284"
      ], 
      [
        1633657156, 
        "3"
      ], 
      [
        1633657201, 
        "0"
      ], 
      [
        1633657216, 
        "0"
      ], 
      [
        1633657231, 
        "1.5"
      ], 
      [
        1633657246, 
        "3"
      ], 
      [
        1633657261, 
        "0"
      ], 
      [
        1633657276, 
        "0"
      ], 
      [
        1633657291, 
        "0"
      ], 
      [
        1633657321, 
        "1.024520183047606"
      ]
    ]
  }, 
  "peer_stats": {
    "metric": {
      "__name__": "net_peers", 
      "job": "openethereum", 
      "instance": "172.17.0.1:3033"
    }, 
    "values": [
      [
        1633657051, 
        "11"
      ], 
      [
        1633657066, 
        "11"
      ], 
      [
        1633657081, 
        "10"
      ], 
      [
        1633657111, 
        "8"
      ], 
      [
        1633657141, 
        "6"
      ], 
      [
        1633657156, 
        "5"
      ], 
      [
        1633657216, 
        "2"
      ], 
      [
        1633657231, 
        "2"
      ], 
      [
        1633657261, 
        "4"
      ], 
      [
        1633657276, 
        "6"
      ], 
      [
        1633657291, 
        "5"
      ], 
      [
        1633657321, 
        "3"
      ]
    ]
  }, 
  "sync_blocks_recieved": {
    "metric": {
      "instance": "172.17.0.1:3033", 
      "job": "openethereum"
    }, 
    "values": [
      [
        1633657051, 
        "0"
      ], 
      [
        1633657066, 
        "0"
      ], 
      [
        1633657111, 
        "4.5"
      ], 
      [
        1633657126, 
        "0"
      ], 
      [
        1633657141, 
        "0"
      ], 
      [
        1633657156, 
        "4.5"
      ], 
      [
        1633657201, 
        "0"
      ], 
      [
        1633657216, 
        "0"
      ], 
      [
        1633657231, 
        "0"
      ], 
      [
        1633657246, 
        "0"
      ], 
      [
        1633657261, 
        "3"
      ], 
      [
        1633657276, 
        "0"
      ], 
      [
        1633657291, 
        "1.5284"
      ], 
      [
        1633657321, 
        "1.024520183047606"
      ]
    ]
  }, 
  "kvdb_bytes_write": {
    "metric": {
      "instance": "172.17.0.1:3033", 
      "job": "openethereum"
    }, 
    "values": [
      [
        1633657051, 
        "0"
      ], 
      [
        1633657066, 
        "727208.1"
      ], 
      [
        1633657111, 
        "0"
      ], 
      [
        1633657126, 
        "0"
      ], 
      [
        1633657141, 
        "322343.83952"
      ], 
      [
        1633657156, 
        "448441.4"
      ], 
      [
        1633657201, 
        "0"
      ], 
      [
        1633657216, 
        "0"
      ], 
      [
        1633657231, 
        "500582.4"
      ], 
      [
        1633657246, 
        "703258.8"
      ], 
      [
        1633657261, 
        "0"
      ], 
      [
        1633657276, 
        "33419.3"
      ], 
      [
        1633657291, 
        "0"
      ], 
      [
        1633657321, 
        "410651.3899323817"
      ]
    ]
  }
}