{
  "stat": {
    "blockchaincache_size": {
      "max": 37119505.6, 
      "mean": 8280468.8, 
      "variance": 144088633223046.8, 
      "pvalue": 0.004529650391815626, 
      "min": 102948.00000000001
    }, 
    "kvdb_bytes_read": {
      "max": 1092831.9, 
      "mean": 476800.33670499997, 
      "variance": 147420185354.22495, 
      "pvalue": 0.0012505096761217809, 
      "min": 60071.86459999999
    }, 
    "sync_blocks_highest": {
      "max": 6.375, 
      "mean": 1.7919749999999999, 
      "variance": 15.525966009374997, 
      "pvalue": 0.9991349808476807, 
      "min": 0.0
    }, 
    "import_blocks": {
      "max": 1.875, 
      "mean": 0.5625, 
      "variance": 0.80859375, 
      "pvalue": 0.7084680050406074, 
      "min": 0.0
    }, 
    "peer_stats": {
      "max": 8.599999999999998, 
      "mean": 4.066666666666666, 
      "variance": 11.795555555555556, 
      "pvalue": 2.6690101783246335e-14, 
      "min": 0.0
    }, 
    "sync_blocks_recieved": {
      "max": 6.5037, 
      "mean": 1.8027, 
      "variance": 25.083928529999994, 
      "pvalue": 0.8295830256000096, 
      "min": 0.0
    }, 
    "kvdb_bytes_write": {
      "max": 5781773.449999999, 
      "mean": 1111966.5052700003, 
      "variance": 3864915804022.494, 
      "pvalue": 0.8052325925771228, 
      "min": 0.0
    }
  }, 
  "blockchaincache_size": {
    "metric": {
      "__name__": "blockchaincache_size", 
      "job": "openethereum", 
      "instance": "172.17.0.1:3033"
    }, 
    "values": [
      [
        1633497575, 
        "37113208"
      ], 
      [
        1633497590, 
        "37134200"
      ], 
      [
        1633497620, 
        "9281760"
      ], 
      [
        1633497635, 
        "9284224"
      ], 
      [
        1633497650, 
        "9284224"
      ], 
      [
        1633497665, 
        "9286968"
      ], 
      [
        1633497710, 
        "9289344"
      ], 
      [
        1633497740, 
        "80520"
      ], 
      [
        1633497755, 
        "112560"
      ], 
      [
        1633497770, 
        "148672"
      ], 
      [
        1633497785, 
        "148944"
      ], 
      [
        1633497830, 
        "687440"
      ], 
      [
        1633497845, 
        "688696"
      ], 
      [
        1633497860, 
        "833136"
      ], 
      [
        1633497875, 
        "833136"
      ]
    ]
  }, 
  "kvdb_bytes_read": {
    "metric": {
      "instance": "172.17.0.1:3033", 
      "job": "openethereum"
    }, 
    "values": [
      [
        1633497575, 
        "898109.2"
      ], 
      [
        1633497590, 
        "664507.2"
      ], 
      [
        1633497605, 
        "516182.7249600001"
      ], 
      [
        1633497620, 
        "617750"
      ], 
      [
        1633497635, 
        "1089539.2"
      ], 
      [
        1633497665, 
        "1102710"
      ], 
      [
        1633497680, 
        "519765.40952000004"
      ], 
      [
        1633497710, 
        "1062817.5"
      ], 
      [
        1633497740, 
        "463191.6"
      ], 
      [
        1633497755, 
        "128856.3"
      ], 
      [
        1633497770, 
        "141566.6"
      ], 
      [
        1633497785, 
        "163826.7"
      ], 
      [
        1633497830, 
        "25897.7"
      ], 
      [
        1633497845, 
        "87509.8"
      ], 
      [
        1633497860, 
        "71463.25279999999"
      ], 
      [
        1633497875, 
        "75112.2"
      ]
    ]
  }, 
  "sync_blocks_highest": {
    "metric": {
      "instance": "172.17.0.1:3033", 
      "job": "openethereum"
    }, 
    "values": [
      [
        1633497575, 
        "1.5"
      ], 
      [
        1633497590, 
        "0"
      ], 
      [
        1633497605, 
        "1.6716000000000002"
      ], 
      [
        1633497620, 
        "3"
      ], 
      [
        1633497635, 
        "1.5"
      ], 
      [
        1633497665, 
        "1.5"
      ], 
      [
        1633497680, 
        "0"
      ], 
      [
        1633497710, 
        "3"
      ], 
      [
        1633497740, 
        "0"
      ], 
      [
        1633497755, 
        "0"
      ], 
      [
        1633497770, 
        "0"
      ], 
      [
        1633497785, 
        "0"
      ], 
      [
        1633497830, 
        "0"
      ], 
      [
        1633497845, 
        "16.5"
      ], 
      [
        1633497860, 
        "0"
      ], 
      [
        1633497875, 
        "0"
      ]
    ]
  }, 
  "import_blocks": {
    "metric": {
      "instance": "172.17.0.1:3033", 
      "job": "openethereum"
    }, 
    "values": [
      [
        1633497575, 
        "0"
      ], 
      [
        1633497590, 
        "0"
      ], 
      [
        1633497605, 
        "0"
      ], 
      [
        1633497620, 
        "0"
      ], 
      [
        1633497635, 
        "0"
      ], 
      [
        1633497665, 
        "0"
      ], 
      [
        1633497680, 
        "0"
      ], 
      [
        1633497710, 
        "0"
      ], 
      [
        1633497740, 
        "1.5"
      ], 
      [
        1633497755, 
        "3"
      ], 
      [
        1633497770, 
        "1.5"
      ], 
      [
        1633497785, 
        "1.5"
      ], 
      [
        1633497830, 
        "0"
      ], 
      [
        1633497845, 
        "1.5"
      ], 
      [
        1633497860, 
        "0"
      ], 
      [
        1633497875, 
        "0"
      ]
    ]
  }, 
  "peer_stats": {
    "metric": {
      "__name__": "net_peers", 
      "job": "openethereum", 
      "instance": "172.17.0.1:3033"
    }, 
    "values": [
      [
        1633497575, 
        "10"
      ], 
      [
        1633497590, 
        "8"
      ], 
      [
        1633497620, 
        "8"
      ], 
      [
        1633497635, 
        "7"
      ], 
      [
        1633497650, 
        "7"
      ], 
      [
        1633497665, 
        "7"
      ], 
      [
        1633497710, 
        "3"
      ], 
      [
        1633497740, 
        "0"
      ], 
      [
        1633497755, 
        "0"
      ], 
      [
        1633497770, 
        "0"
      ], 
      [
        1633497785, 
        "0"
      ], 
      [
        1633497830, 
        "0"
      ], 
      [
        1633497845, 
        "3"
      ], 
      [
        1633497860, 
        "4"
      ], 
      [
        1633497875, 
        "4"
      ]
    ]
  }, 
  "sync_blocks_recieved": {
    "metric": {
      "instance": "172.17.0.1:3033", 
      "job": "openethereum"
    }, 
    "values": [
      [
        1633497575, 
        "1.5"
      ], 
      [
        1633497590, 
        "0"
      ], 
      [
        1633497605, 
        "1.6716000000000002"
      ], 
      [
        1633497620, 
        "0"
      ], 
      [
        1633497635, 
        "1.5"
      ], 
      [
        1633497665, 
        "1.5"
      ], 
      [
        1633497680, 
        "1.6716000000000002"
      ], 
      [
        1633497710, 
        "0"
      ], 
      [
        1633497740, 
        "0"
      ], 
      [
        1633497755, 
        "0"
      ], 
      [
        1633497770, 
        "0"
      ], 
      [
        1633497785, 
        "0"
      ], 
      [
        1633497830, 
        "0"
      ], 
      [
        1633497845, 
        "21"
      ], 
      [
        1633497860, 
        "0"
      ], 
      [
        1633497875, 
        "0"
      ]
    ]
  }, 
  "kvdb_bytes_write": {
    "metric": {
      "instance": "172.17.0.1:3033", 
      "job": "openethereum"
    },