{
  "stat": {
    "blockchaincache_size": {
      "max": 18549144.0, 
      "mean": 7184097.142857143, 
      "variance": 60245044528940.414, 
      "pvalue": 0.145537604458915, 
      "min": 1161024.0
    }, 
    "kvdb_bytes_read": {
      "max": 750083.8, 
      "mean": 307547.5017066667, 
      "variance": 71919442066.56628, 
      "pvalue": 0.03555129203207144, 
      "min": 34608.5
    }, 
    "sync_blocks_highest": {
      "max": 3.0, 
      "mean": 1.3965904761904764, 
      "variance": 2.1648420208616783, 
      "pvalue": 0.9920032809359466, 
      "min": 0.0
    }, 
    "import_blocks": {
      "max": 3.0, 
      "mean": 0.7857142857142857, 
      "variance": 1.204081632653062, 
      "pvalue": 0.9766913068828857, 
      "min": 0.0
    }, 
    "peer_stats": {
      "max": 15.0, 
      "mean": 11.952380952380953, 
      "variance": 4.616780045351474, 
      "pvalue": 3.349254756129379e-19, 
      "min": 8.0
    }, 
    "sync_blocks_recieved": {
      "max": 3.0, 
      "mean": 0.9285714285714286, 
      "variance": 1.6020408163265305, 
      "pvalue": 0.9840981724031926, 
      "min": 0.0
    }, 
    "kvdb_bytes_write": {
      "max": 7750547.1, 
      "mean": 3304668.8706476185, 
      "variance": 4855707452093.236, 
      "pvalue": 2.0543604591361802e-11, 
      "min": 232614.4
    }
  }, 
  "blockchaincache_size": {
    "metric": {
      "__name__": "blockchaincache_size", 
      "job": "openethereum", 
      "instance": "172.17.0.1:3033"
    }, 
    "values": [
      [
        1633497275, 
        "1519904"
      ], 
      [
        1633497290, 
        "5339536"
      ], 
      [
        1633497305, 
        "580424"
      ], 
      [
        1633497320, 
        "9293208"
      ], 
      [
        1633497335, 
        "5145168"
      ], 
      [
        1633497350, 
        "4680096"
      ], 
      [
        1633497365, 
        "9281792"
      ], 
      [
        1633497380, 
        "1230056"
      ], 
      [
        1633497395, 
        "1161024"
      ], 
      [
        1633497410, 
        "4644056"
      ], 
      [
        1633497425, 
        "5280632"
      ], 
      [
        1633497440, 
        "2330176"
      ], 
      [
        1633497455, 
        "4686328"
      ], 
      [
        1633497470, 
        "4965720"
      ], 
      [
        1633497485, 
        "5007160"
      ], 
      [
        1633497500, 
        "5212976"
      ], 
      [
        1633497515, 
        "10138624"
      ], 
      [
        1633497530, 
        "5362736"
      ], 
      [
        1633497545, 
        "9344072"
      ], 
      [
        1633497560, 
        "18549144"
      ], 
      [
        1633497575, 
        "37113208"
      ]
    ]
  }, 
  "kvdb_bytes_read": {
    "metric": {
      "instance": "172.17.0.1:3033", 
      "job": "openethereum"
    }, 
    "values": [
      [
        1633497275, 
        "228550.7"
      ], 
      [
        1633497290, 
        "423251.7"
      ], 
      [
        1633497305, 
        "554879.8"
      ], 
      [
        1633497320, 
        "11513.5"
      ], 
      [
        1633497335, 
        "594328.9"
      ], 
      [
        1633497350, 
        "92985.3"
      ], 
      [
        1633497365, 
        "421004.5"
      ], 
      [
        1633497380, 
        "76269.2"
      ], 
      [
        1633497395, 
        "42743.83583999999"
      ], 
      [
        1633497410, 
        "64642.4"
      ], 
      [
        1633497425, 
        "695809.1"
      ], 
      [
        1633497440, 
        "89471.3"
      ], 
      [
        1633497455, 
        "509781.8"
      ], 
      [
        1633497470, 
        "132808.8"
      ], 
      [
        1633497485, 
        "750083.8"
      ], 
      [
        1633497500, 
        "81974.4"
      ], 
      [
        1633497515, 
        "34608.5"
      ], 
      [
        1633497530, 
        "109427.2"
      ], 
      [
        1633497545, 
        "184111.9"
      ], 
      [
        1633497560, 
        "462141.7"
      ], 
      [
        1633497575, 
        "898109.2"
      ]
    ]
  }, 
  "sync_blocks_highest": {
    "metric": {
      "instance": "172.17.0.1:3033", 
      "job": "openethereum"
    }, 
    "values": [
      [
        1633497275, 
        "0"
      ], 
      [
        1633497290, 
        "1.5"
      ], 
      [
        1633497305, 
        "0"
      ], 
      [
        1633497320, 
        "1.5"
      ], 
      [
        1633497335, 
        "0"
      ], 
      [
        1633497350, 
        "1.5"
      ], 
      [
        1633497365, 
        "0"
      ], 
      [
        1633497380, 
        "1.5"
      ], 
      [
        1633497395, 
        "2.3284"
      ], 
      [
        1633497410, 
        "1.5"
      ], 
      [
        1633497425, 
        "3"
      ], 
      [
        1633497440, 
        "3"
      ], 
      [
        1633497455, 
        "0"
      ], 
      [
        1633497470, 
        "1.5"
      ], 
      [
        1633497485, 
        "3"
      ], 
      [
        1633497500, 
        "0"
      ], 
      [
        1633497515, 
        "0"
      ], 
      [
        1633497530, 
        "1.5"
      ], 
      [
        1633497545, 
        "0"
      ], 
      [
        1633497560, 
        "6"
      ], 
      [
        1633497575, 
        "1.5"
      ]
    ]
  }, 
  "import_blocks": {
    "metric": {
      "instance": "172.17.0.1:3033", 
      "job": "openethereum"
    }, 
    "values": [
      [
        1633497275, 
        "1.5"
      ], 
      [
        1633497290, 
        "1.5"
      ], 
      [
        1633497305, 
        "1.5"
      ], 
      [
        1633497320, 
        "0"
      ], 
      [
        1633497335, 
        "1.5"
      ], 
      [
        1633497350, 
        "0"
      ], 
      [
        1633497365, 
        "0"
      ], 
      [
        1633497380, 
        "1.5"
      ], 
      [
        1633497395, 
        "0"
      ], 
      [
        1633497410, 
        "0"
      ], 
      [
        1633497425, 
        "3"
      ], 
      [
        1633497440, 
        "0"
      ], 
      [
        1633497455, 
        "3"
      ], 
      [
        1633497470, 
        "0"
      ], 
      [
        1633497485, 
        "3"
      ], 
      [
        1633497500, 
        "0"
      ], 
      [
        1633497515, 
        "0"
      ], 
      [
        1633497530, 
        "0"
      ], 
      [
        1633497545, 
        "0"
      ], 
      [
        1633497560, 
        "0"
      ], 
      [
        1633497575, 
        "0"
      ]
    ]
  }, 
  "peer_stats": {
    "metric": {
      "__name__": "net_peers", 
      "job": "openethereum", 
      "instance": "172.17.0.1:3033"
    }, 
    "values": [
      [
        1633497275, 
        "14"
      ], 
      [
        1633497290, 
        "13"
      ], 
      [
        1633497305, 
        "12"
      ], 
      [
        1633497320, 
        "12"
      ], 
      [
        1633497335, 
        "12"
      ], 
      [
        1633497350, 
        "8"
      ], 
      [
        1633497365, 
        "7"
      ], 
      [
        1633497380, 
        "13"
      ], 
      [
        1633497395, 
        "11"
      ], 
      [
        1633497410, 
        "10"
      ], 
      [
        1633497425, 
        "11"
      ], 
      [
        1633497440, 
        "11"
      ], 
      [
        1633497455, 
        "11"
      ], 
      [
        1633497470, 
        "12"
      ], 
      [
        1633497485, 
        "12"
      ], 
      [
        1633497500, 
        "16"
      ], 
      [
        1633497515, 
        "14"
      ], 
      [
        1633497530, 
        "15"
      ], 
      [
        1633497545, 
        "15"
      ], 
      [
        1633497560, 
        "12"
      ], 
      [
        1633497575, 
        "10"
      ]
    ]
  }, 
  "sync_blocks_recieved": {
    "metric": {
      "instance": "172.17.0.1:3033", 
      "job": "openethereum"
    },