{
  "stat": {
    "blockchaincache_size": {
      "max": 7533829.599999988, 
      "mean": 4376212.631578947, 
      "variance": 8530076358947.8125, 
      "pvalue": 0.3460508286044441, 
      "min": 960.0
    }, 
    "kvdb_bytes_read": {
      "max": 1226669.2249999999, 
      "mean": 490682.451916, 
      "variance": 158560435980.064, 
      "pvalue": 0.0010223061907610846, 
      "min": 0.0
    }, 
    "sync_blocks_highest": {
      "max": 7.950000000000006, 
      "mean": 1.275, 
      "variance": 14.911874999999998, 
      "pvalue": 0.005072782986420295, 
      "min": 0.0
    }, 
    "import_blocks": {
      "max": 3.075000000000001, 
      "mean": 0.975, 
      "variance": 1.8618750000000006, 
      "pvalue": 0.9987642405668151, 
      "min": 0.0
    }, 
    "peer_stats": {
      "max": 4.099999999999998, 
      "mean": 1.4210526315789473, 
      "variance": 2.454293628808864, 
      "pvalue": 8.984319853534578e-18, 
      "min": 0.0
    }, 
    "sync_blocks_recieved": {
      "max": 10.950000000000006, 
      "mean": 1.575, 
      "variance": 22.156875000000003, 
      "pvalue": 0.005212748552062508, 
      "min": 0.0
    }, 
    "kvdb_bytes_write": {
      "max": 683925.7450000023, 
      "mean": 294459.74, 
      "variance": 628455190078.8612, 
      "pvalue": 0.08216562292413558, 
      "min": 0.0
    }
  }, 
  "blockchaincache_size": {
    "metric": {
      "__name__": "blockchaincache_size", 
      "job": "openethereum", 
      "instance": "172.17.0.1:3033"
    }, 
    "values": [
      [
        1633498480, 
        "4758880"
      ], 
      [
        1633498495, 
        "4759288"
      ], 
      [
        1633498510, 
        "4759560"
      ], 
      [
        1633498525, 
        "5185136"
      ], 
      [
        1633498540, 
        "5185136"
      ], 
      [
        1633498555, 
        "5185136"
      ], 
      [
        1633498570, 
        "5185808"
      ], 
      [
        1633498585, 
        "5186080"
      ], 
      [
        1633498600, 
        "5186624"
      ], 
      [
        1633498615, 
        "5186896"
      ], 
      [
        1633498645, 
        "12347944"
      ], 
      [
        1633498660, 
        "2607208"
      ], 
      [
        1633498675, 
        "3535320"
      ], 
      [
        1633498705, 
        "6998928"
      ], 
      [
        1633498720, 
        "6998928"
      ], 
      [
        1633498735, 
        "744"
      ], 
      [
        1633498750, 
        "984"
      ], 
      [
        1633498765, 
        "984"
      ], 
      [
        1633498780, 
        "78456"
      ]
    ]
  }, 
  "kvdb_bytes_read": {
    "metric": {
      "instance": "172.17.0.1:3033", 
      "job": "openethereum"
    }, 
    "values": [
      [
        1633498480, 
        "141087.8"
      ], 
      [
        1633498495, 
        "143222"
      ], 
      [
        1633498510, 
        "135502"
      ], 
      [
        1633498525, 
        "383350.6"
      ], 
      [
        1633498540, 
        "520806.1"
      ], 
      [
        1633498555, 
        "0"
      ], 
      [
        1633498570, 
        "303730.8"
      ], 
      [
        1633498585, 
        "551874.5"
      ], 
      [
        1633498600, 
        "727241.7"
      ], 
      [
        1633498615, 
        "258757.9"
      ], 
      [
        1633498630, 
        "592763.40144"
      ], 
      [
        1633498645, 
        "1035059.8"
      ], 
      [
        1633498660, 
        "1226124.9"
      ], 
      [
        1633498675, 
        "826973.6368799999"
      ], 
      [
        1633498705, 
        "771914"
      ], 
      [
        1633498720, 
        "1237011.4"
      ], 
      [
        1633498735, 
        "880256.4"
      ], 
      [
        1633498750, 
        "0"
      ], 
      [
        1633498765, 
        "0"
      ], 
      [
        1633498780, 
        "77972.1"
      ]
    ]
  }, 
  "sync_blocks_highest": {
    "metric": {
      "instance": "172.17.0.1:3033", 
      "job": "openethereum"
    }, 
    "values": [
      [
        1633498480, 
        "0"
      ], 
      [
        1633498495, 
        "0"
      ], 
      [
        1633498510, 
        "0"
      ], 
      [
        1633498525, 
        "0"
      ], 
      [
        1633498540, 
        "0"
      ], 
      [
        1633498555, 
        "0"
      ], 
      [
        1633498570, 
        "7.5"
      ], 
      [
        1633498585, 
        "1.5"
      ], 
      [
        1633498600, 
        "0"
      ], 
      [
        1633498615, 
        "0"
      ], 
      [
        1633498630, 
        "0"
      ], 
      [
        1633498645, 
        "0"
      ], 
      [
        1633498660, 
        "0"
      ], 
      [
        1633498675, 
        "0"
      ], 
      [
        1633498705, 
        "0"
      ], 
      [
        1633498720, 
        "0"
      ], 
      [
        1633498735, 
        "0"
      ], 
      [
        1633498750, 
        "0"
      ], 
      [
        1633498765, 
        "0"
      ], 
      [
        1633498780, 
        "16.5"
      ]
    ]
  }, 
  "import_blocks": {
    "metric": {
      "instance": "172.17.0.1:3033", 
      "job": "openethereum"
    }, 
    "values": [
      [
        1633498480, 
        "4.5"
      ], 
      [
        1633498495, 
        "1.5"
      ], 
      [
        1633498510, 
        "3"
      ], 
      [
        1633498525, 
        "3"
      ], 
      [
        1633498540, 
        "0"
      ], 
      [
        1633498555, 
        "0"
      ], 
      [
        1633498570, 
        "1.5"
      ], 
      [
        1633498585, 
        "1.5"
      ], 
      [
        1633498600, 
        "3"
      ], 
      [
        1633498615, 
        "0"
      ], 
      [
        1633498630, 
        "0"
      ], 
      [
        1633498645, 
        "1.5"
      ], 
      [
        1633498660, 
        "0"
      ], 
      [
        1633498675, 
        "0"
      ], 
      [
        1633498705, 
        "0"
      ], 
      [
        1633498720, 
        "0"
      ], 
      [
        1633498735, 
        "0"
      ], 
      [
        1633498750, 
        "0"
      ], 
      [
        1633498765, 
        "0"
      ], 
      [
        1633498780, 
        "0"
      ]
    ]
  }, 
  "peer_stats": {
    "metric": {
      "__name__": "net_peers", 
      "job": "openethereum", 
      "instance": "172.17.0.1:3033"
    }, 
    "values": [
      [
        1633498480, 
        "0"
      ], 
      [
        1633498495, 
        "0"
      ], 
      [
        1633498510, 
        "0"
      ], 
      [
        1633498525, 
        "0"
      ], 
      [
        1633498540, 
        "0"
      ], 
      [
        1633498555, 
        "1"
      ], 
      [
        1633498570, 
        "5"
      ], 
      [
        1633498585, 
        "3"
      ], 
      [
        1633498600, 
        "2"
      ], 
      [
        1633498615, 
        "4"
      ], 
      [
        1633498645, 
        "3"
      ], 
      [
        1633498660, 
        "1"
      ], 
      [
        1633498675, 
        "1"
      ], 
      [
        1633498705, 
        "1"
      ], 
      [
        1633498720, 
        "1"
      ], 
      [
        1633498735, 
        "1"
      ], 
      [
        1633498750, 
        "0"
      ], 
      [
        1633498765, 
        "0"
      ], 
      [
        1633498780, 
        "4"
      ]
    ]
  }, 
  "sync_blocks_recieved": {
    "metric": {
      "instance": "172.17.0.1:3033", 
      "job": "openethereum"
    },