{
  "stat": {
    "blockchaincache_size": {
      "max": 19506829.200000014, 
      "mean": 7523517.2, 
      "variance": 70107060393000.17, 
      "pvalue": 0.137980122600499, 
      "min": 551612.4
    }, 
    "kvdb_bytes_read": {
      "max": 1183295.8, 
      "mean": 894922.2095238096, 
      "variance": 119323813882.5685, 
      "pvalue": 2.4630670100854345e-13, 
      "min": 124023.7
    }, 
    "sync_blocks_highest": {
      "max": 1.5, 
      "mean": 0.5714285714285714, 
      "variance": 0.5306122448979593, 
      "pvalue": 0.514153467391904, 
      "min": 0.0
    }, 
    "import_blocks": {
      "max": 3.0, 
      "mean": 0.5, 
      "variance": 1.5714285714285714, 
      "pvalue": 0.01250665859666714, 
      "min": 0.0
    }, 
    "peer_stats": {
      "max": 8.0, 
      "mean": 3.0, 
      "variance": 6.6, 
      "pvalue": 1.2318689926179104e-18, 
      "min": 0.0
    }, 
    "sync_blocks_recieved": {
      "max": 3.0, 
      "mean": 0.5714285714285714, 
      "variance": 1.1734693877551023, 
      "pvalue": 0.051601543822671764, 
      "min": 0.0
    }, 
    "kvdb_bytes_write": {
      "max": 7198549.4, 
      "mean": 1247951.9523809527, 
      "variance": 5675693781087.578, 
      "pvalue": 0.6542371855141699, 
      "min": 0.0
    }
  }, 
  "blockchaincache_size": {
    "metric": {
      "__name__": "blockchaincache_size", 
      "job": "openethereum", 
      "instance": "172.17.0.1:3033"
    }, 
    "values": [
      [
        1633498176, 
        "2320608"
      ], 
      [
        1633498191, 
        "18579368"
      ], 
      [
        1633498206, 
        "37128592"
      ], 
      [
        1633498236, 
        "18552728"
      ], 
      [
        1633498251, 
        "1304"
      ], 
      [
        1633498266, 
        "580576"
      ], 
      [
        1633498281, 
        "1160424"
      ], 
      [
        1633498296, 
        "2322464"
      ], 
      [
        1633498311, 
        "4637144"
      ], 
      [
        1633498326, 
        "4639496"
      ], 
      [
        1633498341, 
        "4639496"
      ], 
      [
        1633498356, 
        "4639496"
      ], 
      [
        1633498371, 
        "9239416"
      ], 
      [
        1633498386, 
        "9276584"
      ], 
      [
        1633498401, 
        "9278960"
      ], 
      [
        1633498416, 
        "4649744"
      ], 
      [
        1633498431, 
        "4652112"
      ], 
      [
        1633498446, 
        "4652112"
      ], 
      [
        1633498461, 
        "4760840"
      ], 
      [
        1633498476, 
        "4758880"
      ]
    ]
  }, 
  "kvdb_bytes_read": {
    "metric": {
      "instance": "172.17.0.1:3033", 
      "job": "openethereum"
    }, 
    "values": [
      [
        1633498176, 
        "903606.8"
      ], 
      [
        1633498191, 
        "887376.7"
      ], 
      [
        1633498206, 
        "1133216.3"
      ], 
      [
        1633498221, 
        "725050.6"
      ], 
      [
        1633498236, 
        "887096"
      ], 
      [
        1633498251, 
        "964093.4"
      ], 
      [
        1633498266, 
        "1183295.8"
      ], 
      [
        1633498281, 
        "977445"
      ], 
      [
        1633498296, 
        "1122988.8"
      ], 
      [
        1633498311, 
        "1140877.5"
      ], 
      [
        1633498326, 
        "1168415.8"
      ], 
      [
        1633498341, 
        "1054623.7"
      ], 
      [
        1633498356, 
        "1129087.4"
      ], 
      [
        1633498371, 
        "1100942.3"
      ], 
      [
        1633498386, 
        "922202.4"
      ], 
      [
        1633498401, 
        "908249.1"
      ], 
      [
        1633498416, 
        "1206661.9"
      ], 
      [
        1633498431, 
        "1069068.3"
      ], 
      [
        1633498446, 
        "43957.1"
      ], 
      [
        1633498461, 
        "124023.7"
      ], 
      [
        1633498476, 
        "141087.8"
      ]
    ]
  }, 
  "sync_blocks_highest": {
    "metric": {
      "instance": "172.17.0.1:3033", 
      "job": "openethereum"
    }, 
    "values": [
      [
        1633498176, 
        "0"
      ], 
      [
        1633498191, 
        "0"
      ], 
      [
        1633498206, 
        "1.5"
      ], 
      [
        1633498221, 
        "0"
      ], 
      [
        1633498236, 
        "0"
      ], 
      [
        1633498251, 
        "1.5"
      ], 
      [
        1633498266, 
        "1.5"
      ], 
      [
        1633498281, 
        "0"
      ], 
      [
        1633498296, 
        "0"
      ], 
      [
        1633498311, 
        "1.5"
      ], 
      [
        1633498326, 
        "1.5"
      ], 
      [
        1633498341, 
        "0"
      ], 
      [
        1633498356, 
        "0"
      ], 
      [
        1633498371, 
        "0"
      ], 
      [
        1633498386, 
        "1.5"
      ], 
      [
        1633498401, 
        "1.5"
      ], 
      [
        1633498416, 
        "1.5"
      ], 
      [
        1633498431, 
        "0"
      ], 
      [
        1633498446, 
        "0"
      ], 
      [
        1633498461, 
        "0"
      ], 
      [
        1633498476, 
        "0"
      ]
    ]
  }, 
  "import_blocks": {
    "metric": {
      "instance": "172.17.0.1:3033", 
      "job": "openethereum"
    }, 
    "values": [
      [
        1633498176, 
        "0"
      ], 
      [
        1633498191, 
        "0"
      ], 
      [
        1633498206, 
        "0"
      ], 
      [
        1633498221, 
        "3"
      ], 
      [
        1633498236, 
        "0"
      ], 
      [
        1633498251, 
        "0"
      ], 
      [
        1633498266, 
        "0"
      ], 
      [
        1633498281, 
        "0"
      ], 
      [
        1633498296, 
        "0"
      ], 
      [
        1633498311, 
        "0"
      ], 
      [
        1633498326, 
        "0"
      ], 
      [
        1633498341, 
        "0"
      ], 
      [
        1633498356, 
        "0"
      ], 
      [
        1633498371, 
        "0"
      ], 
      [
        1633498386, 
        "0"
      ], 
      [
        1633498401, 
        "0"
      ], 
      [
        1633498416, 
        "0"
      ], 
      [
        1633498431, 
        "0"
      ], 
      [
        1633498446, 
        "0"
      ], 
      [
        1633498461, 
        "3"
      ], 
      [
        1633498476, 
        "4.5"
      ]
    ]
  }, 
  "peer_stats": {
    "metric": {
      "__name__": "net_peers", 
      "job": "openethereum", 
      "instance": "172.17.0.1:3033"
    }, 
    "values": [
      [
        1633498176, 
        "8"
      ], 
      [
        1633498191, 
        "8"
      ], 
      [
        1633498206, 
        "8"
      ], 
      [
        1633498236, 
        "6"
      ], 
      [
        1633498251, 
        "4"
      ], 
      [
        1633498266, 
        "4"
      ], 
      [
        1633498281, 
        "4"
      ], 
      [
        1633498296, 
        "3"
      ], 
      [
        1633498311, 
        "2"
      ], 
      [
        1633498326, 
        "2"
      ], 
      [
        1633498341, 
        "2"
      ], 
      [
        1633498356, 
        "2"
      ], 
      [
        1633498371, 
        "2"
      ], 
      [
        1633498386, 
        "2"
      ], 
      [
        1633498401, 
        "1"
      ], 
      [
        1633498416, 
        "1"
      ], 
      [
        1633498431, 
        "1"
      ], 
      [
        1633498446, 
        "0"
      ], 
      [
        1633498461, 
        "0"
      ], 
      [
        1633498476, 
        "0"
      ]
    ]
  }, 
  "sync_blocks_recieved": {
    "metric": {
      "instance": "172.17.0.1:3033", 
      "job": "openethereum"
    },