{
  "stat": {
    "blockchaincache_size": {
      "max": 6184048.0, 
      "mean": 4969796.5, 
      "variance": 2589641412583.75, 
      "pvalue": 0.010607278420075804, 
      "min": 2585214.0
    }, 
    "kvdb_bytes_read": {
      "max": 597046.3699999999, 
      "mean": 171526.07449333335, 
      "variance": 33148782826.707626, 
      "pvalue": 0.15138784847113984, 
      "min": 19998.333521333334
    }, 
    "sync_blocks_highest": {
      "max": 4.724999999999998, 
      "mean": 1.7777777777777777, 
      "variance": 3.39272613728395, 
      "pvalue": 0.06474808238600285, 
      "min": 0.0
    }, 
    "import_blocks": {
      "max": 3.0, 
      "mean": 0.6309333333333333, 
      "variance": 1.1401149688888892, 
      "pvalue": 0.0757147162927799, 
      "min": 0.0
    }, 
    "peer_stats": {
      "max": 10.0, 
      "mean": 5.117647058823529, 
      "variance": 11.986159169550174, 
      "pvalue": 4.983959852365665e-13, 
      "min": 2.0
    }, 
    "sync_blocks_recieved": {
      "max": 6.674999999999994, 
      "mean": 1.8611111111111112, 
      "variance": 6.964485396543211, 
      "pvalue": 0.19381816020897996, 
      "min": 0.0
    }, 
    "kvdb_bytes_write": {
      "max": 582013.3949999999, 
      "mean": 130387.40763555554, 
      "variance": 48412712732.523796, 
      "pvalue": 0.0064913088377749955, 
      "min": 0.0
    }
  }, 
  "blockchaincache_size": {
    "metric": {
      "__name__": "blockchaincache_size", 
      "job": "openethereum", 
      "instance": "172.17.0.1:3033"
    }, 
    "values": [
      [
        1633656733, 
        "2584704"
      ], 
      [
        1633656748, 
        "2585384"
      ], 
      [
        1633656763, 
        "2585384"
      ], 
      [
        1633656778, 
        "2585384"
      ], 
      [
        1633656808, 
        "2585656"
      ], 
      [
        1633656823, 
        "6183504"
      ], 
      [
        1633656838, 
        "6184048"
      ], 
      [
        1633656853, 
        "6184048"
      ], 
      [
        1633656913, 
        "5988760"
      ], 
      [
        1633656928, 
        "5989304"
      ], 
      [
        1633656943, 
        "5989304"
      ], 
      [
        1633656958, 
        "5989576"
      ], 
      [
        1633656973, 
        "5990120"
      ], 
      [
        1633656988, 
        "5990120"
      ], 
      [
        1633657003, 
        "5990120"
      ], 
      [
        1633657018, 
        "6111328"
      ]
    ]
  }, 
  "kvdb_bytes_read": {
    "metric": {
      "instance": "172.17.0.1:3033", 
      "job": "openethereum"
    }, 
    "values": [
      [
        1633656733, 
        "646914"
      ], 
      [
        1633656748, 
        "3484.2331199999994"
      ], 
      [
        1633656763, 
        "221022.6"
      ], 
      [
        1633656778, 
        "76166.5"
      ], 
      [
        1633656793, 
        "160221.82530666667"
      ], 
      [
        1633656808, 
        "52623.1"
      ], 
      [
        1633656823, 
        "212032.7"
      ], 
      [
        1633656838, 
        "77361.87991999999"
      ], 
      [
        1633656853, 
        "30651.275199999996"
      ], 
      [
        1633656868, 
        "88207.07072"
      ], 
      [
        1633656883, 
        "22912.586533333335"
      ], 
      [
        1633656913, 
        "588246.2"
      ], 
      [
        1633656928, 
        "272300.62192"
      ], 
      [
        1633656958, 
        "53132.04816"
      ], 
      [
        1633656973, 
        "350996.2"
      ], 
      [
        1633656988, 
        "92367.2"
      ], 
      [
        1633657003, 
        "76429.6"
      ], 
      [
        1633657018, 
        "62399.7"
      ]
    ]
  }, 
  "sync_blocks_highest": {
    "metric": {
      "instance": "172.17.0.1:3033", 
      "job": "openethereum"
    }, 
    "values": [
      [
        1633656733, 
        "1.5"
      ], 
      [
        1633656748, 
        "0"
      ], 
      [
        1633656763, 
        "4.5"
      ], 
      [
        1633656778, 
        "1.5"
      ], 
      [
        1633656793, 
        "2.0716"
      ], 
      [
        1633656808, 
        "0"
      ], 
      [
        1633656823, 
        "1.5"
      ], 
      [
        1633656838, 
        "0"
      ], 
      [
        1633656853, 
        "3.8568"
      ], 
      [
        1633656868, 
        "0"
      ], 
      [
        1633656883, 
        "2.0716"
      ], 
      [
        1633656913, 
        "4.5"
      ], 
      [
        1633656928, 
        "0"
      ], 
      [
        1633656958, 
        "0"
      ], 
      [
        1633656973, 
        "6"
      ], 
      [
        1633656988, 
        "0"
      ], 
      [
        1633657003, 
        "3"
      ], 
      [
        1633657018, 
        "1.5"
      ]
    ]
  }, 
  "import_blocks": {
    "metric": {
      "instance": "172.17.0.1:3033", 
      "job": "openethereum"
    }, 
    "values": [
      [
        1633656733, 
        "3"
      ], 
      [
        1633656748, 
        "0"
      ], 
      [
        1633656763, 
        "0"
      ], 
      [
        1633656778, 
        "0"
      ], 
      [
        1633656793, 
        "0"
      ], 
      [
        1633656808, 
        "0"
      ], 
      [
        1633656823, 
        "0"
      ], 
      [
        1633656838, 
        "1.9284"
      ], 
      [
        1633656853, 
        "0"
      ], 
      [
        1633656868, 
        "0"
      ], 
      [
        1633656883, 
        "0"
      ], 
      [
        1633656913, 
        "1.5"
      ], 
      [
        1633656928, 
        "1.9284"
      ], 
      [
        1633656958, 
        "0"
      ], 
      [
        1633656973, 
        "3"
      ], 
      [
        1633656988, 
        "0"
      ], 
      [
        1633657003, 
        "0"
      ], 
      [
        1633657018, 
        "0"
      ]
    ]
  }, 
  "peer_stats": {
    "metric": {
      "__name__": "net_peers", 
      "job": "openethereum", 
      "instance": "172.17.0.1:3033"
    }, 
    "values": [
      [
        1633656733, 
        "2"
      ], 
      [
        1633656748, 
        "2"
      ], 
      [
        1633656763, 
        "3"
      ], 
      [
        1633656778, 
        "3"
      ], 
      [
        1633656808, 
        "8"
      ], 
      [
        1633656823, 
        "10"
      ], 
      [
        1633656838, 
        "10"
      ], 
      [
        1633656853, 
        "9"
      ], 
      [
        1633656913, 
        "2"
      ], 
      [
        1633656928, 
        "2"
      ], 
      [
        1633656943, 
        "2"
      ], 
      [
        1633656958, 
        "2"
      ], 
      [
        1633656973, 
        "3"
      ], 
      [
        1633656988, 
        "2"
      ], 
      [
        1633657003, 
        "7"
      ], 
      [
        1633657018, 
        "10"
      ], 
      [
        1633657033, 
        "10"
      ]
    ]
  }, 
  "sync_blocks_recieved": {
    "metric": {
      "instance": "172.17.0.1:3033", 
      "job": "openethereum"
    }, 
    "values": [
      [
        1633656733, 
        "1.5"
      ], 
      [
        1633656748, 
        "0"
      ], 
      [
        1633656763, 
        "6"
      ], 
      [
        1633656778, 
        "1.5"
      ], 
      [
        1633656793, 
        "2.0716"
      ], 
      [
        1633656808, 
        "0"
      ], 
      [
        1633656823, 
        "1.5"
      ], 
      [
        1633656838, 
        "0"
      ], 
      [
        1633656853, 
        "3.8568"
      ], 
      [
        1633656868, 
        "0"
      ], 
      [
        1633656883, 
        "2.0716"
      ], 
      [
        1633656913, 
        "0"
      ], 
      [
        1633656928, 
        "0"
      ], 
      [
        1633656958, 
        "0"
      ], 
      [
        1633656973, 
        "10.5"
      ], 
      [
        1633656988, 
        "0"
      ], 
      [
        1633657003, 
        "3"
      ], 
      [
        1633657018, 
        "1.5"
      ]
    ]
  },