{
  "stat": {
    "blockchaincache_size": {
      "max": 5908635.199999998, 
      "mean": 3306101.4736842103, 
      "variance": 1844311454518.2493, 
      "pvalue": 0.011269429486327653, 
      "min": 1849929.5999999999
    }, 
    "kvdb_bytes_read": {
      "max": 695851.6350000001, 
      "mean": 303895.62393401685, 
      "variance": 59008132777.49082, 
      "pvalue": 0.05279954280799572, 
      "min": 21656.437253333334
    }, 
    "sync_blocks_highest": {
      "max": 1.5, 
      "mean": 0.225, 
      "variance": 0.2868750000000001, 
      "pvalue": 0.00037770277443886123, 
      "min": 0.0
    }, 
    "import_blocks": {
      "max": 3.075000000000001, 
      "mean": 1.2, 
      "variance": 1.935, 
      "pvalue": 0.3858901733199629, 
      "min": 0.0
    }, 
    "peer_stats": {
      "max": 13.099999999999955, 
      "mean": 4.473684210526316, 
      "variance": 50.35457063711913, 
      "pvalue": 7.0409366626997485e-12, 
      "min": 0.0
    }, 
    "sync_blocks_recieved": {
      "max": 456.07500000000005, 
      "mean": 45.9, 
      "variance": 18755.640000000003, 
      "pvalue": 0.01813233030795787, 
      "min": 0.0
    }, 
    "kvdb_bytes_write": {
      "max": 891907.595, 
      "mean": 302829.245, 
      "variance": 113440047882.02847, 
      "pvalue": 0.3387510486055523, 
      "min": 0.0
    }
  }, 
  "blockchaincache_size": {
    "metric": {
      "__name__": "blockchaincache_size", 
      "job": "openethereum", 
      "instance": "172.17.0.1:3033"
    }, 
    "values": [
      [
        1633632801, 
        "6425120"
      ], 
      [
        1633632816, 
        "5850976"
      ], 
      [
        1633632831, 
        "5851248"
      ], 
      [
        1633632846, 
        "1333344"
      ], 
      [
        1633632861, 
        "1907328"
      ], 
      [
        1633632876, 
        "1907872"
      ], 
      [
        1633632891, 
        "1907872"
      ], 
      [
        1633632906, 
        "1908680"
      ], 
      [
        1633632921, 
        "2795488"
      ], 
      [
        1633632936, 
        "2795488"
      ], 
      [
        1633632966, 
        "3188968"
      ], 
      [
        1633632981, 
        "3189240"
      ], 
      [
        1633632996, 
        "3194904"
      ], 
      [
        1633633011, 
        "3425728"
      ], 
      [
        1633633026, 
        "3426272"
      ], 
      [
        1633633041, 
        "3426544"
      ], 
      [
        1633633056, 
        "3426816"
      ], 
      [
        1633633071, 
        "3426816"
      ], 
      [
        1633633101, 
        "3427224"
      ]
    ]
  }, 
  "kvdb_bytes_read": {
    "metric": {
      "instance": "172.17.0.1:3033", 
      "job": "openethereum"
    }, 
    "values": [
      [
        1633632801, 
        "827547"
      ], 
      [
        1633632816, 
        "101459.1"
      ], 
      [
        1633632831, 
        "702.0450666666667"
      ], 
      [
        1633632846, 
        "127932.5"
      ], 
      [
        1633632861, 
        "532784"
      ], 
      [
        1633632876, 
        "526241.9"
      ], 
      [
        1633632891, 
        "33995.53361366974"
      ], 
      [
        1633632906, 
        "688920.3"
      ], 
      [
        1633632921, 
        "475783.6"
      ], 
      [
        1633632936, 
        "115049.6"
      ], 
      [
        1633632951, 
        "264897.6"
      ], 
      [
        1633632966, 
        "420996"
      ], 
      [
        1633632981, 
        "526841.4"
      ], 
      [
        1633632996, 
        "167558.4"
      ], 
      [
        1633633011, 
        "251668.7"
      ], 
      [
        1633633026, 
        "485299.5"
      ], 
      [
        1633633056, 
        "429000.5"
      ], 
      [
        1633633071, 
        "22759.3"
      ], 
      [
        1633633086, 
        "42271.2"
      ], 
      [
        1633633101, 
        "36204.3"
      ]
    ]
  }, 
  "sync_blocks_highest": {
    "metric": {
      "instance": "172.17.0.1:3033", 
      "job": "openethereum"
    }, 
    "values": [
      [
        1633632801, 
        "1.5"
      ], 
      [
        1633632816, 
        "1.5"
      ], 
      [
        1633632831, 
        "0"
      ], 
      [
        1633632846, 
        "1.5"
      ], 
      [
        1633632861, 
        "0"
      ], 
      [
        1633632876, 
        "0"
      ], 
      [
        1633632891, 
        "0"
      ], 
      [
        1633632906, 
        "0"
      ], 
      [
        1633632921, 
        "0"
      ], 
      [
        1633632936, 
        "0"
      ], 
      [
        1633632951, 
        "0"
      ], 
      [
        1633632966, 
        "0"
      ], 
      [
        1633632981, 
        "0"
      ], 
      [
        1633632996, 
        "0"
      ], 
      [
        1633633011, 
        "0"
      ], 
      [
        1633633026, 
        "0"
      ], 
      [
        1633633056, 
        "0"
      ], 
      [
        1633633071, 
        "0"
      ], 
      [
        1633633086, 
        "0"
      ], 
      [
        1633633101, 
        "0"
      ]
    ]
  }, 
  "import_blocks": {
    "metric": {
      "instance": "172.17.0.1:3033", 
      "job": "openethereum"
    }, 
    "values": [
      [
        1633632801, 
        "4.5"
      ], 
      [
        1633632816, 
        "0"
      ], 
      [
        1633632831, 
        "0"
      ], 
      [
        1633632846, 
        "0"
      ], 
      [
        1633632861, 
        "3"
      ], 
      [
        1633632876, 
        "3"
      ], 
      [
        1633632891, 
        "0"
      ], 
      [
        1633632906, 
        "1.5"
      ], 
      [
        1633632921, 
        "1.5"
      ], 
      [
        1633632936, 
        "0"
      ], 
      [
        1633632951, 
        "3"
      ], 
      [
        1633632966, 
        "0"
      ], 
      [
        1633632981, 
        "1.5"
      ], 
      [
        1633632996, 
        "0"
      ], 
      [
        1633633011, 
        "1.5"
      ], 
      [
        1633633026, 
        "3"
      ], 
      [
        1633633056, 
        "1.5"
      ], 
      [
        1633633071, 
        "0"
      ], 
      [
        1633633086, 
        "0"
      ], 
      [
        1633633101, 
        "0"
      ]
    ]
  }, 
  "peer_stats": {
    "metric": {
      "__name__": "net_peers", 
      "job": "openethereum", 
      "instance": "172.17.0.1:3033"
    }, 
    "values": [
      [
        1633632801, 
        "32"
      ], 
      [
        1633632816, 
        "11"
      ], 
      [
        1633632831, 
        "9"
      ], 
      [
        1633632846, 
        "5"
      ], 
      [
        1633632861, 
        "5"
      ], 
      [
        1633632876, 
        "5"
      ], 
      [
        1633632891, 
        "2"
      ], 
      [
        1633632906, 
        "1"
      ], 
      [
        1633632921, 
        "1"
      ], 
      [
        1633632936, 
        "3"
      ], 
      [
        1633632966, 
        "3"
      ], 
      [
        1633632981, 
        "2"
      ], 
      [
        1633632996, 
        "2"
      ], 
      [
        1633633011, 
        "1"
      ], 
      [
        1633633026, 
        "1"
      ], 
      [
        1633633041, 
        "1"
      ], 
      [
        1633633056, 
        "1"
      ], 
      [
        1633633071, 
        "0"
      ], 
      [
        1633633101, 
        "0"
      ]
    ]
  }, 
  "sync_blocks_recieved": {
    "metric": {
      "instance": "172.17.0.1:3033", 
      "job": "openethereum"
    },