{
  "stat": {
    "blockchaincache_size": {
      "max": 9315020.8, 
      "mean": 2981473.411764706, 
      "variance": 12267947224434.715, 
      "pvalue": 0.0009786653394666372, 
      "min": 240238.40000000002
    }, 
    "kvdb_bytes_read": {
      "max": 534017.294717333, 
      "mean": 76518.11222989137, 
      "variance": 33335633854.44025, 
      "pvalue": 1.1133509222283829e-10, 
      "min": 4.5
    }, 
    "sync_blocks_highest": {
      "max": 0.1499999999999968, 
      "mean": 0.07894736842105263, 
      "variance": 0.11218836565096964, 
      "pvalue": 0.0002445181873639083, 
      "min": 0.0
    }, 
    "import_blocks": {
      "max": 1.9844399999999978, 
      "mean": 0.2564, 
      "variance": 0.5923057010526311, 
      "pvalue": 0.006736511002606374, 
      "min": 0.0
    }, 
    "peer_stats": {
      "max": 7.79999999999999, 
      "mean": 4.235294117647059, 
      "variance": 14.650519031141881, 
      "pvalue": 1.8761034334154396e-15, 
      "min": 2.0
    }, 
    "sync_blocks_recieved": {
      "max": 169.79999999999998, 
      "mean": 18.07894736842105, 
      "variance": 2751.5069252077565, 
      "pvalue": 0.008742124086093036, 
      "min": 0.0
    }, 
    "kvdb_bytes_write": {
      "max": 5039767.219999999, 
      "mean": 1113389.445625927, 
      "variance": 3616618191346.9824, 
      "pvalue": 0.4718277688276403, 
      "min": 0.0
    }
  }, 
  "blockchaincache_size": {
    "metric": {
      "__name__": "blockchaincache_size", 
      "job": "openethereum", 
      "instance": "172.17.0.1:3033"
    }, 
    "values": [
      [
        1633486829, 
        "5825008"
      ], 
      [
        1633486859, 
        "5910504"
      ], 
      [
        1633486919, 
        "37288"
      ], 
      [
        1633486934, 
        "9273184"
      ], 
      [
        1633486949, 
        "1326248"
      ], 
      [
        1633486964, 
        "2190688"
      ], 
      [
        1633486979, 
        "9277984"
      ], 
      [
        1633486994, 
        "9463168"
      ], 
      [
        1633487009, 
        "4649176"
      ], 
      [
        1633487024, 
        "290976"
      ], 
      [
        1633487039, 
        "290976"
      ], 
      [
        1633487054, 
        "290976"
      ], 
      [
        1633487069, 
        "290976"
      ], 
      [
        1633487084, 
        "290976"
      ], 
      [
        1633487099, 
        "291512"
      ], 
      [
        1633487114, 
        "409432"
      ], 
      [
        1633487129, 
        "575976"
      ]
    ]
  }, 
  "kvdb_bytes_read": {
    "metric": {
      "instance": "172.17.0.1:3033", 
      "job": "openethereum"
    }, 
    "values": [
      [
        1633486829, 
        "519067.9"
      ], 
      [
        1633486844, 
        "155312.48008"
      ], 
      [
        1633486859, 
        "57327.4"
      ], 
      [
        1633486874, 
        "668561.8471733334"
      ], 
      [
        1633486919, 
        "5596.105114602461"
      ], 
      [
        1633486934, 
        "51.8"
      ], 
      [
        1633486949, 
        "20025.1"
      ], 
      [
        1633486964, 
        "25"
      ], 
      [
        1633486979, 
        "51.8"
      ], 
      [
        1633486994, 
        "13685.4"
      ], 
      [
        1633487009, 
        "188"
      ], 
      [
        1633487024, 
        "108.5"
      ], 
      [
        1633487039, 
        "0"
      ], 
      [
        1633487054, 
        "8.4"
      ], 
      [
        1633487069, 
        "16.7"
      ], 
      [
        1633487084, 
        "63.7"
      ], 
      [
        1633487099, 
        "5"
      ], 
      [
        1633487114, 
        "39.3"
      ], 
      [
        1633487129, 
        "13709.7"
      ]
    ]
  }, 
  "sync_blocks_highest": {
    "metric": {
      "instance": "172.17.0.1:3033", 
      "job": "openethereum"
    }, 
    "values": [
      [
        1633486829, 
        "1.5"
      ], 
      [
        1633486844, 
        "0"
      ], 
      [
        1633486859, 
        "0"
      ], 
      [
        1633486874, 
        "0"
      ], 
      [
        1633486919, 
        "0"
      ], 
      [
        1633486934, 
        "0"
      ], 
      [
        1633486949, 
        "0"
      ], 
      [
        1633486964, 
        "0"
      ], 
      [
        1633486979, 
        "0"
      ], 
      [
        1633486994, 
        "0"
      ], 
      [
        1633487009, 
        "0"
      ], 
      [
        1633487024, 
        "0"
      ], 
      [
        1633487039, 
        "0"
      ], 
      [
        1633487054, 
        "0"
      ], 
      [
        1633487069, 
        "0"
      ], 
      [
        1633487084, 
        "0"
      ], 
      [
        1633487099, 
        "0"
      ], 
      [
        1633487114, 
        "0"
      ], 
      [
        1633487129, 
        "0"
      ]
    ]
  }, 
  "import_blocks": {
    "metric": {
      "instance": "172.17.0.1:3033", 
      "job": "openethereum"
    }, 
    "values": [
      [
        1633486829, 
        "3"
      ], 
      [
        1633486844, 
        "0"
      ], 
      [
        1633486859, 
        "0"
      ], 
      [
        1633486874, 
        "1.8716000000000002"
      ], 
      [
        1633486919, 
        "0"
      ], 
      [
        1633486934, 
        "0"
      ], 
      [
        1633486949, 
        "0"
      ], 
      [
        1633486964, 
        "0"
      ], 
      [
        1633486979, 
        "0"
      ], 
      [
        1633486994, 
        "0"
      ], 
      [
        1633487009, 
        "0"
      ], 
      [
        1633487024, 
        "0"
      ], 
      [
        1633487039, 
        "0"
      ], 
      [
        1633487054, 
        "0"
      ], 
      [
        1633487069, 
        "0"
      ], 
      [
        1633487084, 
        "0"
      ], 
      [
        1633487099, 
        "0"
      ], 
      [
        1633487114, 
        "0"
      ], 
      [
        1633487129, 
        "0"
      ]
    ]
  }, 
  "peer_stats": {
    "metric": {
      "__name__": "net_peers", 
      "job": "openethereum", 
      "instance": "172.17.0.1:3033"
    }, 
    "values": [
      [
        1633486829, 
        "19"
      ], 
      [
        1633486859, 
        "4"
      ], 
      [
        1633486919, 
        "4"
      ], 
      [
        1633486934, 
        "2"
      ], 
      [
        1633486949, 
        "2"
      ], 
      [
        1633486964, 
        "3"
      ], 
      [
        1633486979, 
        "3"
      ], 
      [
        1633486994, 
        "4"
      ], 
      [
        1633487009, 
        "3"
      ], 
      [
        1633487024, 
        "3"
      ], 
      [
        1633487039, 
        "2"
      ], 
      [
        1633487054, 
        "3"
      ], 
      [
        1633487069, 
        "3"
      ], 
      [
        1633487084, 
        "2"
      ], 
      [
        1633487099, 
        "5"
      ], 
      [
        1633487114, 
        "5"
      ], 
      [
        1633487129, 
        "5"
      ]
    ]
  }, 
  "sync_blocks_recieved": {
    "metric": {
      "instance": "172.17.0.1:3033", 
      "job": "openethereum"
    },