{
  "stat": {
    "blockchaincache_size": {
      "max": 5001168.0, 
      "mean": 4912142.476190476, 
      "variance": 59149045599.20182, 
      "pvalue": 0.00016408406947978905, 
      "min": 4692264.0
    }, 
    "kvdb_bytes_read": {
      "max": 587758.0000000001, 
      "mean": 283460.193336, 
      "variance": 26166811014.517067, 
      "pvalue": 3.484456058731961e-05, 
      "min": 124948.635
    }, 
    "sync_blocks_highest": {
      "max": 3.075000000000001, 
      "mean": 1.15642, 
      "variance": 1.3641971116, 
      "pvalue": 0.9998682402084907, 
      "min": 0.0
    }, 
    "import_blocks": {
      "max": 3.075000000000001, 
      "mean": 1.90642, 
      "variance": 1.5420671116, 
      "pvalue": 0.028745678669036906, 
      "min": 0.0
    }, 
    "peer_stats": {
      "max": 26.0, 
      "mean": 22.571428571428573, 
      "variance": 8.530612244897958, 
      "pvalue": 1.7298155934455997e-07, 
      "min": 19.0
    }, 
    "sync_blocks_recieved": {
      "max": 3.075000000000001, 
      "mean": 1.15642, 
      "variance": 1.3641971116, 
      "pvalue": 0.9998323663935993, 
      "min": 0.0
    }, 
    "kvdb_bytes_write": {
      "max": 692758.745, 
      "mean": 336219.154348, 
      "variance": 47676402681.18374, 
      "pvalue": 0.1825258009323318, 
      "min": 0.0
    }
  }, 
  "blockchaincache_size": {
    "metric": {
      "__name__": "blockchaincache_size", 
      "job": "openethereum", 
      "instance": "172.17.0.1:3033"
    }, 
    "values": [
      [
        1633486529, 
        "4691176"
      ], 
      [
        1633486544, 
        "4692264"
      ], 
      [
        1633486559, 
        "4692824"
      ], 
      [
        1633486574, 
        "4693504"
      ], 
      [
        1633486589, 
        "4758288"
      ], 
      [
        1633486604, 
        "4759528"
      ], 
      [
        1633486619, 
        "4760072"
      ], 
      [
        1633486634, 
        "4760344"
      ], 
      [
        1633486649, 
        "4761160"
      ], 
      [
        1633486664, 
        "4761432"
      ], 
      [
        1633486679, 
        "4998720"
      ], 
      [
        1633486694, 
        "4998832"
      ], 
      [
        1633486709, 
        "4998832"
      ], 
      [
        1633486724, 
        "4999536"
      ], 
      [
        1633486739, 
        "5000080"
      ], 
      [
        1633486754, 
        "5000080"
      ], 
      [
        1633486769, 
        "5000352"
      ], 
      [
        1633486784, 
        "5000624"
      ], 
      [
        1633486799, 
        "5001168"
      ], 
      [
        1633486814, 
        "5001168"
      ], 
      [
        1633486829, 
        "5825008"
      ]
    ]
  }, 
  "kvdb_bytes_read": {
    "metric": {
      "instance": "172.17.0.1:3033", 
      "job": "openethereum"
    }, 
    "values": [
      [
        1633486529, 
        "121896"
      ], 
      [
        1633486544, 
        "181921.4"
      ], 
      [
        1633486559, 
        "218788.8"
      ], 
      [
        1633486574, 
        "159056.2"
      ], 
      [
        1633486589, 
        "137075.7"
      ], 
      [
        1633486604, 
        "151514.9"
      ], 
      [
        1633486619, 
        "202075.7"
      ], 
      [
        1633486634, 
        "175804.7"
      ], 
      [
        1633486649, 
        "130105.9"
      ], 
      [
        1633486664, 
        "190219.8"
      ], 
      [
        1633486694, 
        "423872.3"
      ], 
      [
        1633486709, 
        "271576.4"
      ], 
      [
        1633486724, 
        "483063.36672000005"
      ], 
      [
        1633486739, 
        "248188.1"
      ], 
      [
        1633486754, 
        "125109.3"
      ], 
      [
        1633486769, 
        "585005.5"
      ], 
      [
        1633486784, 
        "285779.1"
      ], 
      [
        1633486799, 
        "640055.5"
      ], 
      [
        1633486814, 
        "419027.3"
      ], 
      [
        1633486829, 
        "519067.9"
      ]
    ]
  }, 
  "sync_blocks_highest": {
    "metric": {
      "instance": "172.17.0.1:3033", 
      "job": "openethereum"
    }, 
    "values": [
      [
        1633486529, 
        "0"
      ], 
      [
        1633486544, 
        "1.5"
      ], 
      [
        1633486559, 
        "0"
      ], 
      [
        1633486574, 
        "1.5"
      ], 
      [
        1633486589, 
        "1.5"
      ], 
      [
        1633486604, 
        "0"
      ], 
      [
        1633486619, 
        "1.5"
      ], 
      [
        1633486634, 
        "4.5"
      ], 
      [
        1633486649, 
        "0"
      ], 
      [
        1633486664, 
        "1.5"
      ], 
      [
        1633486694, 
        "0"
      ], 
      [
        1633486709, 
        "1.5"
      ], 
      [
        1633486724, 
        "2.1284"
      ], 
      [
        1633486739, 
        "1.5"
      ], 
      [
        1633486754, 
        "0"
      ], 
      [
        1633486769, 
        "0"
      ], 
      [
        1633486784, 
        "3"
      ], 
      [
        1633486799, 
        "1.5"
      ], 
      [
        1633486814, 
        "0"
      ], 
      [
        1633486829, 
        "1.5"
      ]
    ]
  }, 
  "import_blocks": {
    "metric": {
      "instance": "172.17.0.1:3033", 
      "job": "openethereum"
    }, 
    "values": [
      [
        1633486529, 
        "1.5"
      ], 
      [
        1633486544, 
        "4.5"
      ], 
      [
        1633486559, 
        "3"
      ], 
      [
        1633486574, 
        "3"
      ], 
      [
        1633486589, 
        "1.5"
      ], 
      [
        1633486604, 
        "3"
      ], 
      [
        1633486619, 
        "3"
      ], 
      [
        1633486634, 
        "1.5"
      ], 
      [
        1633486649, 
        "3"
      ], 
      [
        1633486664, 
        "1.5"
      ], 
      [
        1633486694, 
        "1.5"
      ], 
      [
        1633486709, 
        "0"
      ], 
      [
        1633486724, 
        "2.1284"
      ], 
      [
        1633486739, 
        "0"
      ], 
      [
        1633486754, 
        "0"
      ], 
      [
        1633486769, 
        "1.5"
      ], 
      [
        1633486784, 
        "1.5"
      ], 
      [
        1633486799, 
        "3"
      ], 
      [
        1633486814, 
        "0"
      ], 
      [
        1633486829, 
        "3"
      ]
    ]
  }, 
  "peer_stats": {
    "metric": {
      "__name__": "net_peers", 
      "job": "openethereum", 
      "instance": "172.17.0.1:3033"
    }, 
    "values": [
      [
        1633486529, 
        "24"
      ], 
      [
        1633486544, 
        "25"
      ], 
      [
        1633486559, 
        "25"
      ], 
      [
        1633486574, 
        "25"
      ], 
      [
        1633486589, 
        "25"
      ], 
      [
        1633486604, 
        "25"
      ], 
      [
        1633486619, 
        "25"
      ], 
      [
        1633486634, 
        "26"
      ], 
      [
        1633486649, 
        "26"
      ], 
      [
        1633486664, 
        "25"
      ], 
      [
        1633486679, 
        "25"
      ], 
      [
        1633486694, 
        "24"
      ], 
      [
        1633486709, 
        "17"
      ], 
      [
        1633486724, 
        "19"
      ], 
      [
        1633486739, 
        "20"
      ], 
      [
        1633486754, 
        "21"
      ], 
      [
        1633486769, 
        "19"
      ], 
      [
        1633486784, 
        "20"
      ], 
      [
        1633486799, 
        "19"
      ], 
      [
        1633486814, 
        "20"
      ], 
      [
        1633486829, 
        "19"
      ]
    ]
  }, 
  "sync_blocks_recieved": {
    "metric": {
      "instance": "172.17.0.1:3033", 
      "job": "openethereum"
    },