{
  "stat": {
    "blockchaincache_size": {
      "max": 4864428.8, 
      "mean": 4599696.470588235, 
      "variance": 98915506781.89616, 
      "pvalue": 0.005120416788888886, 
      "min": 3922633.6
    }, 
    "kvdb_bytes_read": {
      "max": 654140.215, 
      "mean": 353995.61330933333, 
      "variance": 47341655240.87268, 
      "pvalue": 0.001041289664894897, 
      "min": 44057.914948
    }, 
    "sync_blocks_highest": {
      "max": 6.0, 
      "mean": 1.49068, 
      "variance": 4.2947364176, 
      "pvalue": 0.42615016031131886, 
      "min": 0.0
    }, 
    "import_blocks": {
      "max": 3.0, 
      "mean": 0.9585800000000001, 
      "variance": 1.5441213676000003, 
      "pvalue": 0.697676842319644, 
      "min": 0.0
    }, 
    "peer_stats": {
      "max": 17.2, 
      "mean": 12.058823529411764, 
      "variance": 22.290657439446367, 
      "pvalue": 1.0819256364924304e-15, 
      "min": 1.0
    }, 
    "sync_blocks_recieved": {
      "max": 6.0, 
      "mean": 1.49068, 
      "variance": 4.2947364176, 
      "pvalue": 0.4434704736053816, 
      "min": 0.0
    }, 
    "kvdb_bytes_write": {
      "max": 633137.5710066666, 
      "mean": 209772.94922266668, 
      "variance": 69957136250.00674, 
      "pvalue": 0.38943732131697184, 
      "min": 0.0
    }
  }, 
  "blockchaincache_size": {
    "metric": {
      "__name__": "blockchaincache_size", 
      "job": "openethereum", 
      "instance": "172.17.0.1:3033"
    }, 
    "values": [
      [
        1633487735, 
        "3922416"
      ], 
      [
        1633487750, 
        "3922688"
      ], 
      [
        1633487795, 
        "3936568"
      ], 
      [
        1633487810, 
        "4721792"
      ], 
      [
        1633487825, 
        "4722352"
      ], 
      [
        1633487855, 
        "4722624"
      ], 
      [
        1633487870, 
        "4723168"
      ], 
      [
        1633487885, 
        "4723168"
      ], 
      [
        1633487900, 
        "4723168"
      ], 
      [
        1633487915, 
        "4723440"
      ], 
      [
        1633487930, 
        "4723984"
      ], 
      [
        1633487945, 
        "4724528"
      ], 
      [
        1633487960, 
        "4724800"
      ], 
      [
        1633487975, 
        "4725072"
      ], 
      [
        1633488005, 
        "4725888"
      ], 
      [
        1633488020, 
        "4864320"
      ], 
      [
        1633488035, 
        "4864864"
      ]
    ]
  }, 
  "kvdb_bytes_read": {
    "metric": {
      "instance": "172.17.0.1:3033", 
      "job": "openethereum"
    }, 
    "values": [
      [
        1633487735, 
        "475665.42101333325"
      ], 
      [
        1633487750, 
        "250198.8"
      ], 
      [
        1633487765, 
        "139250.74352000002"
      ], 
      [
        1633487780, 
        "265828.08448"
      ], 
      [
        1633487795, 
        "77259.1"
      ], 
      [
        1633487810, 
        "568830.3"
      ], 
      [
        1633487825, 
        "641900.1"
      ], 
      [
        1633487855, 
        "100183.7"
      ], 
      [
        1633487870, 
        "623204.8"
      ], 
      [
        1633487885, 
        "18943.24149333333"
      ], 
      [
        1633487900, 
        "532246.3"
      ], 
      [
        1633487915, 
        "361584.9973333333"
      ], 
      [
        1633487930, 
        "652973.6"
      ], 
      [
        1633487945, 
        "676305.9"
      ], 
      [
        1633487960, 
        "533152.2199733333"
      ], 
      [
        1633487975, 
        "45379.73986666666"
      ], 
      [
        1633487990, 
        "343050.43248"
      ], 
      [
        1633488005, 
        "334550.5"
      ], 
      [
        1633488020, 
        "111130"
      ], 
      [
        1633488035, 
        "328274.28602666664"
      ]
    ]
  }, 
  "sync_blocks_highest": {
    "metric": {
      "instance": "172.17.0.1:3033", 
      "job": "openethereum"
    }, 
    "values": [
      [
        1633487735, 
        "0"
      ], 
      [
        1633487750, 
        "0"
      ], 
      [
        1633487765, 
        "0"
      ], 
      [
        1633487780, 
        "0"
      ], 
      [
        1633487795, 
        "6"
      ], 
      [
        1633487810, 
        "1.5"
      ], 
      [
        1633487825, 
        "0"
      ], 
      [
        1633487855, 
        "6"
      ], 
      [
        1633487870, 
        "0"
      ], 
      [
        1633487885, 
        "0"
      ], 
      [
        1633487900, 
        "0"
      ], 
      [
        1633487915, 
        "4.6568"
      ], 
      [
        1633487930, 
        "0"
      ], 
      [
        1633487945, 
        "0"
      ], 
      [
        1633487960, 
        "0"
      ], 
      [
        1633487975, 
        "2.3284"
      ], 
      [
        1633487990, 
        "1.6716000000000002"
      ], 
      [
        1633488005, 
        "1.5"
      ], 
      [
        1633488020, 
        "1.5"
      ], 
      [
        1633488035, 
        "4.6568"
      ]
    ]
  }, 
  "import_blocks": {
    "metric": {
      "instance": "172.17.0.1:3033", 
      "job": "openethereum"
    }, 
    "values": [
      [
        1633487735, 
        "0"
      ], 
      [
        1633487750, 
        "0"
      ], 
      [
        1633487765, 
        "1.6716000000000002"
      ], 
      [
        1633487780, 
        "0"
      ], 
      [
        1633487795, 
        "0"
      ], 
      [
        1633487810, 
        "0"
      ], 
      [
        1633487825, 
        "3"
      ], 
      [
        1633487855, 
        "0"
      ], 
      [
        1633487870, 
        "3"
      ], 
      [
        1633487885, 
        "0"
      ], 
      [
        1633487900, 
        "0"
      ], 
      [
        1633487915, 
        "0"
      ], 
      [
        1633487930, 
        "3"
      ], 
      [
        1633487945, 
        "3"
      ], 
      [
        1633487960, 
        "2.3284"
      ], 
      [
        1633487975, 
        "0"
      ], 
      [
        1633487990, 
        "1.6716000000000002"
      ], 
      [
        1633488005, 
        "1.5"
      ], 
      [
        1633488020, 
        "0"
      ], 
      [
        1633488035, 
        "0"
      ]
    ]
  }, 
  "peer_stats": {
    "metric": {
      "__name__": "net_peers", 
      "job": "openethereum", 
      "instance": "172.17.0.1:3033"
    }, 
    "values": [
      [
        1633487735, 
        "1"
      ], 
      [
        1633487750, 
        "1"
      ], 
      [
        1633487795, 
        "9"
      ], 
      [
        1633487810, 
        "18"
      ], 
      [
        1633487825, 
        "17"
      ], 
      [
        1633487855, 
        "11"
      ], 
      [
        1633487870, 
        "14"
      ], 
      [
        1633487885, 
        "12"
      ], 
      [
        1633487900, 
        "16"
      ], 
      [
        1633487915, 
        "14"
      ], 
      [
        1633487930, 
        "14"
      ], 
      [
        1633487945, 
        "14"
      ], 
      [
        1633487960, 
        "13"
      ], 
      [
        1633487975, 
        "10"
      ], 
      [
        1633488005, 
        "10"
      ], 
      [
        1633488020, 
        "15"
      ], 
      [
        1633488035, 
        "16"
      ]
    ]
  }, 
  "sync_blocks_recieved": {
    "metric": {
      "instance": "172.17.0.1:3033", 
      "job": "openethereum"
    },