{
  "stat": {
    "blockchaincache_size": {
      "max": 5260664.0, 
      "mean": 3124050.0, 
      "variance": 3248528708708.0, 
      "pvalue": 3.751078699773188e-05, 
      "min": 1893768.0
    }, 
    "kvdb_bytes_read": {
      "max": 894239.0733564149, 
      "mean": 377015.1855409064, 
      "variance": 89763230983.47464, 
      "pvalue": 0.01213528324778293, 
      "min": 46711.647055999994
    }, 
    "sync_blocks_highest": {
      "max": 3.599999999999998, 
      "mean": 1.370356034517873, 
      "variance": 2.6649718937171283, 
      "pvalue": 0.9429609607967094, 
      "min": 0.0
    }, 
    "import_blocks": {
      "max": 2.9741220694430703, 
      "mean": 0.7922148580472846, 
      "variance": 1.0816286702163862, 
      "pvalue": 0.9077324799061828, 
      "min": 0.0
    }, 
    "peer_stats": {
      "max": 11.0, 
      "mean": 5.75, 
      "variance": 14.3125, 
      "pvalue": 3.587815426108966e-15, 
      "min": 1.0
    }, 
    "sync_blocks_recieved": {
      "max": 6.0, 
      "mean": 1.2352941176470589, 
      "variance": 3.768166089965398, 
      "pvalue": 0.971519375555506, 
      "min": 0.0
    }, 
    "kvdb_bytes_write": {
      "max": 1674034.119999996, 
      "mean": 512527.34379731514, 
      "variance": 1935907234619.384, 
      "pvalue": 0.37001060552710474, 
      "min": 0.0
    }
  }, 
  "blockchaincache_size": {
    "metric": {
      "__name__": "blockchaincache_size", 
      "job": "openethereum", 
      "instance": "172.17.0.1:3033"
    }, 
    "values": [
      [
        1633487430, 
        "9275408"
      ], 
      [
        1633487460, 
        "78720"
      ], 
      [
        1633487505, 
        "2498784"
      ], 
      [
        1633487520, 
        "2499056"
      ], 
      [
        1633487535, 
        "2499592"
      ], 
      [
        1633487550, 
        "2500136"
      ], 
      [
        1633487565, 
        "2500408"
      ], 
      [
        1633487580, 
        "2500408"
      ], 
      [
        1633487595, 
        "2772496"
      ], 
      [
        1633487610, 
        "2772904"
      ], 
      [
        1633487640, 
        "2773480"
      ], 
      [
        1633487655, 
        "2773752"
      ], 
      [
        1633487670, 
        "2774040"
      ], 
      [
        1633487700, 
        "3921464"
      ], 
      [
        1633487715, 
        "3921736"
      ], 
      [
        1633487730, 
        "3922416"
      ]
    ]
  }, 
  "kvdb_bytes_read": {
    "metric": {
      "instance": "172.17.0.1:3033", 
      "job": "openethereum"
    }, 
    "values": [
      [
        1633487430, 
        "273795.7"
      ], 
      [
        1633487460, 
        "48641.05213333332"
      ], 
      [
        1633487505, 
        "470658.9"
      ], 
      [
        1633487520, 
        "576895.8"
      ], 
      [
        1633487535, 
        "52954.4"
      ], 
      [
        1633487550, 
        "183334.7"
      ], 
      [
        1633487565, 
        "637471.7"
      ], 
      [
        1633487580, 
        "48225.2"
      ], 
      [
        1633487595, 
        "54893"
      ], 
      [
        1633487610, 
        "146253.8"
      ], 
      [
        1633487640, 
        "498697.8"
      ], 
      [
        1633487655, 
        "489412.7"
      ], 
      [
        1633487670, 
        "383141.8"
      ], 
      [
        1633487685, 
        "40657.435280000005"
      ], 
      [
        1633487700, 
        "1064746.1667820753"
      ], 
      [
        1633487715, 
        "851612.3"
      ], 
      [
        1633487730, 
        "587865.7"
      ]
    ]
  }, 
  "sync_blocks_highest": {
    "metric": {
      "instance": "172.17.0.1:3033", 
      "job": "openethereum"
    }, 
    "values": [
      [
        1633487430, 
        "0"
      ], 
      [
        1633487460, 
        "2.3284"
      ], 
      [
        1633487505, 
        "0"
      ], 
      [
        1633487520, 
        "0"
      ], 
      [
        1633487535, 
        "6"
      ], 
      [
        1633487550, 
        "3"
      ], 
      [
        1633487565, 
        "1.5"
      ], 
      [
        1633487580, 
        "3"
      ], 
      [
        1633487595, 
        "1.5"
      ], 
      [
        1633487610, 
        "1.5"
      ], 
      [
        1633487640, 
        "0"
      ], 
      [
        1633487655, 
        "1.5"
      ], 
      [
        1633487670, 
        "0"
      ], 
      [
        1633487685, 
        "0"
      ], 
      [
        1633487700, 
        "2.967652586803838"
      ], 
      [
        1633487715, 
        "0"
      ], 
      [
        1633487730, 
        "0"
      ]
    ]
  }, 
  "import_blocks": {
    "metric": {
      "instance": "172.17.0.1:3033", 
      "job": "openethereum"
    }, 
    "values": [
      [
        1633487430, 
        "0"
      ], 
      [
        1633487460, 
        "0"
      ], 
      [
        1633487505, 
        "0"
      ], 
      [
        1633487520, 
        "1.5"
      ], 
      [
        1633487535, 
        "0"
      ], 
      [
        1633487550, 
        "1.5"
      ], 
      [
        1633487565, 
        "1.5"
      ], 
      [
        1633487580, 
        "0"
      ], 
      [
        1633487595, 
        "0"
      ], 
      [
        1633487610, 
        "1.5"
      ], 
      [
        1633487640, 
        "0"
      ], 
      [
        1633487655, 
        "0"
      ], 
      [
        1633487670, 
        "1.5"
      ], 
      [
        1633487685, 
        "0"
      ], 
      [
        1633487700, 
        "2.967652586803838"
      ], 
      [
        1633487715, 
        "0"
      ], 
      [
        1633487730, 
        "3"
      ]
    ]
  }, 
  "peer_stats": {
    "metric": {
      "__name__": "net_peers", 
      "job": "openethereum", 
      "instance": "172.17.0.1:3033"
    }, 
    "values": [
      [
        1633487430, 
        "3"
      ], 
      [
        1633487460, 
        "3"
      ], 
      [
        1633487505, 
        "3"
      ], 
      [
        1633487520, 
        "2"
      ], 
      [
        1633487535, 
        "4"
      ], 
      [
        1633487550, 
        "11"
      ], 
      [
        1633487565, 
        "10"
      ], 
      [
        1633487580, 
        "6"
      ], 
      [
        1633487595, 
        "11"
      ], 
      [
        1633487610, 
        "11"
      ], 
      [
        1633487640, 
        "8"
      ], 
      [
        1633487655, 
        "9"
      ], 
      [
        1633487670, 
        "8"
      ], 
      [
        1633487700, 
        "1"
      ], 
      [
        1633487715, 
        "1"
      ], 
      [
        1633487730, 
        "1"
      ]
    ]
  }, 
  "sync_blocks_recieved": {
    "metric": {
      "instance": "172.17.0.1:3033", 
      "job": "openethereum"
    }, 
    "values": [
      [
        1633487430, 
        "0"
      ], 
      [
        1633487460, 
        "0"
      ], 
      [
        1633487505, 
        "0"
      ], 
      [
        1633487520, 
        "0"
      ], 
      [
        1633487535, 
        "6"
      ], 
      [
        1633487550, 
        "3"
      ], 
      [
        1633487565, 
        "0"
      ], 
      [
        1633487580, 
        "6"
      ], 
      [
        1633487595, 
        "1.5"
      ], 
      [
        1633487610, 
        "1.5"
      ], 
      [
        1633487640, 
        "1.5"
      ], 
      [
        1633487655, 
        "1.5"
      ], 
      [
        1633487670, 
        "0"
      ], 
      [
        1633487685, 
        "0"
      ], 
      [
        1633487700, 
        "0"
      ], 
      [
        1633487715, 
        "0"
      ], 
      [
        1633487730, 
        "0"
      ]
    ]
  }, 
  "kvdb_bytes_write": {
    "metric": {
      "instance": "172.17.0.1:3033", 
      "job": "openethereum"
    },