{
  "stat": {
    "blockchaincache_size": {
      "max": 6525792.0, 
      "mean": 5830253.647058823, 
      "variance": 315150538629.7579, 
      "pvalue": 1.4592721027678818e-05, 
      "min": 4703952.0
    }, 
    "kvdb_bytes_read": {
      "max": 760420.4, 
      "mean": 327940.13295746024, 
      "variance": 53315744040.56306, 
      "pvalue": 0.0023307389382956397, 
      "min": 58393.5
    }, 
    "sync_blocks_highest": {
      "max": 2.2716000000000003, 
      "mean": 0.8918285714285714, 
      "variance": 0.9799957420408167, 
      "pvalue": 0.41882850735984023, 
      "min": 0.0
    }, 
    "import_blocks": {
      "max": 4.543200000000001, 
      "mean": 1.3938857142857142, 
      "variance": 2.662709533605443, 
      "pvalue": 0.2200272244240612, 
      "min": 0.0
    }, 
    "peer_stats": {
      "max": 33.2, 
      "mean": 26.647058823529413, 
      "variance": 27.87543252595155, 
      "pvalue": 0.416779235755921, 
      "min": 17.2
    }, 
    "sync_blocks_recieved": {
      "max": 3.0, 
      "mean": 33.34325714285715, 
      "variance": 21005.00209990532, 
      "pvalue": 0.34795419128026406, 
      "min": 0.0
    }, 
    "kvdb_bytes_write": {
      "max": 938883.7795200001, 
      "mean": 314969.44579428574, 
      "variance": 118364739288.11714, 
      "pvalue": 0.44416421819656415, 
      "min": 0.0
    }
  }, 
  "blockchaincache_size": {
    "metric": {
      "__name__": "blockchaincache_size", 
      "job": "openethereum", 
      "instance": "172.17.0.1:3033"
    }, 
    "values": [
      [
        1633632497, 
        "6929568"
      ], 
      [
        1633632527, 
        "4702864"
      ], 
      [
        1633632557, 
        "4704224"
      ], 
      [
        1633632572, 
        "5593472"
      ], 
      [
        1633632587, 
        "5593744"
      ], 
      [
        1633632617, 
        "6214968"
      ], 
      [
        1633632647, 
        "6216056"
      ], 
      [
        1633632662, 
        "6412192"
      ], 
      [
        1633632677, 
        "6412152"
      ], 
      [
        1633632692, 
        "5638600"
      ], 
      [
        1633632707, 
        "5638600"
      ], 
      [
        1633632722, 
        "5646568"
      ], 
      [
        1633632737, 
        "5653000"
      ], 
      [
        1633632752, 
        "5653000"
      ], 
      [
        1633632767, 
        "5829592"
      ], 
      [
        1633632782, 
        "5850864"
      ], 
      [
        1633632797, 
        "6424848"
      ]
    ]
  }, 
  "kvdb_bytes_read": {
    "metric": {
      "instance": "172.17.0.1:3033", 
      "job": "openethereum"
    }, 
    "values": [
      [
        1633632497, 
        "3357.0137066666666"
      ], 
      [
        1633632512, 
        "59752.01496000001"
      ], 
      [
        1633632527, 
        "365089"
      ], 
      [
        1633632542, 
        "162221.92224000004"
      ], 
      [
        1633632557, 
        "509450.39384"
      ], 
      [
        1633632572, 
        "125424.2"
      ], 
      [
        1633632587, 
        "173870.5"
      ], 
      [
        1633632602, 
        "499369.61400000006"
      ], 
      [
        1633632617, 
        "196028"
      ], 
      [
        1633632632, 
        "334199.76072"
      ], 
      [
        1633632647, 
        "426523.1"
      ], 
      [
        1633632662, 
        "904382.6"
      ], 
      [
        1633632677, 
        "119850.6"
      ], 
      [
        1633632692, 
        "760420.4"
      ], 
      [
        1633632707, 
        "63748.1"
      ], 
      [
        1633632722, 
        "462452.1"
      ], 
      [
        1633632737, 
        "419793.3"
      ], 
      [
        1633632752, 
        "58393.5"
      ], 
      [
        1633632767, 
        "354338.9"
      ], 
      [
        1633632782, 
        "443084.6"
      ], 
      [
        1633632797, 
        "444993.17263999995"
      ]
    ]
  }, 
  "sync_blocks_highest": {
    "metric": {
      "instance": "172.17.0.1:3033", 
      "job": "openethereum"
    }, 
    "values": [
      [
        1633632497, 
        "1.7284"
      ], 
      [
        1633632512, 
        "2.2716000000000003"
      ], 
      [
        1633632527, 
        "0"
      ], 
      [
        1633632542, 
        "2.2716000000000003"
      ], 
      [
        1633632557, 
        "1.7284"
      ], 
      [
        1633632572, 
        "0"
      ], 
      [
        1633632587, 
        "1.5"
      ], 
      [
        1633632602, 
        "0"
      ], 
      [
        1633632617, 
        "0"
      ], 
      [
        1633632632, 
        "0"
      ], 
      [
        1633632647, 
        "1.5"
      ], 
      [
        1633632662, 
        "0"
      ], 
      [
        1633632677, 
        "0"
      ], 
      [
        1633632692, 
        "3"
      ], 
      [
        1633632707, 
        "0"
      ], 
      [
        1633632722, 
        "1.5"
      ], 
      [
        1633632737, 
        "0"
      ], 
      [
        1633632752, 
        "0"
      ], 
      [
        1633632767, 
        "0"
      ], 
      [
        1633632782, 
        "1.5"
      ], 
      [
        1633632797, 
        "1.7284"
      ]
    ]
  }, 
  "import_blocks": {
    "metric": {
      "instance": "172.17.0.1:3033", 
      "job": "openethereum"
    }, 
    "values": [
      [
        1633632497, 
        "0"
      ], 
      [
        1633632512, 
        "0"
      ], 
      [
        1633632527, 
        "3"
      ], 
      [
        1633632542, 
        "0"
      ], 
      [
        1633632557, 
        "1.7284"
      ], 
      [
        1633632572, 
        "0"
      ], 
      [
        1633632587, 
        "0"
      ], 
      [
        1633632602, 
        "4.543200000000001"
      ], 
      [
        1633632617, 
        "0"
      ], 
      [
        1633632632, 
        "4.543200000000001"
      ], 
      [
        1633632647, 
        "1.5"
      ], 
      [
        1633632662, 
        "4.5"
      ], 
      [
        1633632677, 
        "0"
      ], 
      [
        1633632692, 
        "1.5"
      ], 
      [
        1633632707, 
        "0"
      ], 
      [
        1633632722, 
        "1.5"
      ], 
      [
        1633632737, 
        "1.5"
      ], 
      [
        1633632752, 
        "0"
      ], 
      [
        1633632767, 
        "0"
      ], 
      [
        1633632782, 
        "1.5"
      ], 
      [
        1633632797, 
        "3.4568"
      ]
    ]
  }, 
  "peer_stats": {
    "metric": {
      "__name__": "net_peers", 
      "job": "openethereum", 
      "instance": "172.17.0.1:3033"
    }, 
    "values": [
      [
        1633632497, 
        "14"
      ], 
      [
        1633632527, 
        "18"
      ], 
      [
        1633632557, 
        "19"
      ], 
      [
        1633632572, 
        "24"
      ], 
      [
        1633632587, 
        "27"
      ], 
      [
        1633632617, 
        "26"
      ], 
      [
        1633632647, 
        "27"
      ], 
      [
        1633632662, 
        "27"
      ], 
      [
        1633632677, 
        "28"
      ], 
      [
        1633632692, 
        "27"
      ], 
      [
        1633632707, 
        "27"
      ], 
      [
        1633632722, 
        "27"
      ], 
      [
        1633632737, 
        "31"
      ], 
      [
        1633632752, 
        "32"
      ], 
      [
        1633632767, 
        "33"
      ], 
      [
        1633632782, 
        "34"
      ], 
      [
        1633632797, 
        "32"
      ]
    ]
  }, 
  "sync_blocks_recieved": {
    "metric": {
      "instance": "172.17.0.1:3033", 
      "job": "openethereum"
    },