{
  "known_broadcasts": {
    "values": [
      [
        1633482240, 
        0.24128481118632222
      ], 
      [
        1633482255, 
        0.2836481661373218
      ], 
      [
        1633482270, 
        0.22014059439041267
      ], 
      [
        1633482285, 
        0.4873470624172017
      ], 
      [
        1633482300, 
        0.3917215306953893
      ], 
      [
        1633482315, 
        0.36210183913395516
      ], 
      [
        1633482330, 
        0.3323444369832099
      ], 
      [
        1633482345, 
        0.4843475436094839
      ], 
      [
        1633482360, 
        0.4665155612400239
      ], 
      [
        1633482375, 
        0.4531668680465064
      ], 
      [
        1633482390, 
        0.3517048075731359
      ], 
      [
        1633482405, 
        0.3835253292252153
      ], 
      [
        1633482420, 
        0.4153560053238701
      ], 
      [
        1633482435, 
        0.4045590107104923
      ], 
      [
        1633482450, 
        0.4608507253018186
      ], 
      [
        1633482465, 
        0.5275534214170169
      ], 
      [
        1633482480, 
        0.5760923725543802
      ], 
      [
        1633482495, 
        0.4502199439670559
      ], 
      [
        1633482510, 
        0.3494176867808245
      ], 
      [
        1633482525, 
        0.5021017077078544
      ]
    ], 
    "name": "geth.eth/fetcher/block/broadcasts/drop.meter", 
    "columns": [
      "time", 
      "mean"
    ]
  }, 
  "memory_used": {
    "values": [
      [
        1633482240, 
        1463621176
      ], 
      [
        1633482255, 
        1751736852
      ], 
      [
        1633482270, 
        1562880296
      ], 
      [
        1633482285, 
        1792654180
      ], 
      [
        1633482300, 
        1545864120
      ], 
      [
        1633482315, 
        1690631744
      ], 
      [
        1633482330, 
        1967051352
      ], 
      [
        1633482345, 
        1753684964
      ], 
      [
        1633482360, 
        1479239384
      ], 
      [
        1633482375, 
        1780730704
      ], 
      [
        1633482390, 
        1934084400
      ], 
      [
        1633482405, 
        1778222860
      ], 
      [
        1633482420, 
        1707495560
      ], 
      [
        1633482435, 
        1637172928
      ], 
      [
        1633482450, 
        1638288768
      ], 
      [
        1633482465, 
        1783148524
      ], 
      [
        1633482480, 
        1497634240
      ], 
      [
        1633482495, 
        1867817040
      ], 
      [
        1633482510, 
        1760052240
      ], 
      [
        1633482525, 
        1824402340
      ]
    ], 
    "name": "geth.system/memory/used.gauge", 
    "columns": [
      "time", 
      "mean"
    ]
  }, 
  "stat": {
    "known_broadcasts": {
      "max": 0.5299803689738851, 
      "mean": 0.4071999712200746, 
      "variance": 0.008373251001517082, 
      "pvalue": 4.3192025983665687e-10, 
      "min": 0.24022760034652674
    }, 
    "memory_used": {
      "max": 1935732747.6, 
      "mean": 1710820683.6, 
      "variance": 2.00364859877251e+16, 
      "pvalue": 9.362815219938092e-06, 
      "min": 1478458473.6000001
    }, 
    "disk_write": {
      "max": 38047.026101817675, 
      "mean": 16903.49275460781, 
      "variance": 102366848.47470932, 
      "pvalue": 0.011437448350078564, 
      "min": 6451.598896124353
    }, 
    "disk_read": {
      "max": 46111351.24486466, 
      "mean": 38647855.270709045, 
      "variance": 38326106096402.43, 
      "pvalue": 1.1452041264287077e-13, 
      "min": 27660322.170882717
    }, 
    "traffic_egress": {
      "max": 523604.57250274543, 
      "mean": 251572.6566460166, 
      "variance": 30733905809.776985, 
      "pvalue": 4.2176180384719895e-17, 
      "min": 44422.39776708438
    }, 
    "peer_stats": {
      "max": 26.550000000000004, 
      "mean": 21.85, 
      "variance": 12.227500000000001, 
      "pvalue": 1.2026467019345983e-18, 
      "min": 16.0
    }, 
    "traffic_ingress": {
      "max": 222445.1034704081, 
      "mean": 128100.07820153244, 
      "variance": 1779193098.6184125, 
      "pvalue": 6.016333828455445e-08, 
      "min": 85230.01944826794
    }, 
    "known_announcements": {
      "max": 0.40981886112044535, 
      "mean": 0.2999326170789903, 
      "variance": 0.005006898378351482, 
      "pvalue": 1.3830050231133477e-18, 
      "min": 0.2143273213521252
    }
  }, 
  "disk_write": {
    "values": [
      [
        1633482240, 
        16187.27079891499
      ], 
      [
        1633482255, 
        14305.365937755858
      ], 
      [
        1633482270, 
        13093.17771986079
      ], 
      [
        1633482285, 
        12797.829201178736
      ], 
      [
        1633482300, 
        13182.255484405778
      ], 
      [
        1633482315, 
        13825.506673141543
      ], 
      [
        1633482330, 
        13470.123262862571
      ], 
      [
        1633482345, 
        13115.678568368126
      ], 
      [
        1633482360, 
        13279.358488637241
      ], 
      [
        1633482375, 
        15081.881785976293
      ], 
      [
        1633482390, 
        47998.57411490082
      ], 
      [
        1633482405, 
        37523.26041691855
      ], 
      [
        1633482420, 
        29135.03286299911
      ], 
      [
        1633482435, 
        22769.218076775694
      ], 
      [
        1633482450, 
        17684.355445793677
      ], 
      [
        1633482465, 
        13826.891458520131
      ], 
      [
        1633482480, 
        10737.027479139564
      ], 
      [
        1633482495, 
        8402.15444367203
      ], 
      [
        1633482510, 
        6520.949169452904
      ], 
      [
        1633482525, 
        5133.943702881865
      ]
    ], 
    "name": "geth.eth/db/chaindata/disk/write.meter", 
    "columns": [
      "time", 
      "mean"
    ]
  }, 
  "disk_read": {
    "values": [
      [
        1633482240, 
        45437838.31624
      ], 
      [
        1633482255, 
        42604592.880534194
      ], 
      [
        1633482270, 
        40216640.580272704
      ], 
      [
        1633482285, 
        37344107.09750433
      ], 
      [
        1633482300, 
        34751960.97633182
      ], 
      [
        1633482315, 
        33200047.08985217
      ], 
      [
        1633482330, 
        31694245.729539953
      ], 
      [
        1633482345, 
        29784115.60978309
      ], 
      [
        1633482360, 
        27738811.27333414
      ], 
      [
        1633482375, 
        26169029.224305652
      ], 
      [
        1633482390, 
        35416903.15114241
      ], 
      [
        1633482405, 
        48881730.417187035
      ], 
      [
        1633482420, 
        45965541.81474243
      ], 
      [
        1633482435, 
        44364944.70578766
      ], 
      [
        1633482450, 
        42052799.09694094
      ], 
      [
        1633482465, 
        40764154.2865432
      ], 
      [
        1633482480, 
        41711910.49462059
      ], 
      [
        1633482495, 
        42052213.70510053
      ], 
      [
        1633482510, 
        41884304.16566824
      ], 
      [
        1633482525, 
        40921214.79874964
      ]
    ], 
    "name": "geth.eth/db/chaindata/disk/read.meter", 
    "columns": [
      "time", 
      "mean"
    ]
  },